  0.94845342943591904       0.59291844041352249       0.20973082800169954       0.14916273986025316       0.20810392543930445       0.53793394126432104       0.81110544837984300       0.86888158280044869       0.88627468571056922       0.91593341673457507       0.97410628866340876       0.99430077901544422       0.99850430924518829       0.99905251239515613       0.99937325825582490       0.99971961533230147       0.99947562649697619       0.99774340238893122       0.99288596852813116       0.98915168061039904       0.98777867533100405       0.98737679745994766       0.98709029496035861       0.98580577530988756       0.97779843157271040       0.92826475195944047       0.66331496466900497        9.2401592257838769E-002   1.0567271940279545E-002   1.4348761106843715E-003   2.4088397818104366E-003   1.9637635347075216E-002  0.15426814249370155       0.73890361616176337       0.95229805690466462       0.98139030268150196       0.88750564738272608       0.15394966483864753        1.8187271564861014E-002   2.1889549115493910E-003   1.3760463906442723E-003   1.1445823077139523E-002  0.11192916038997490       0.84900175255032218       0.98232077267434503       0.99772008376785459       0.99776572890492166       0.98441951039481845       0.87578961251103604       0.21182621659272477        2.6305956961146754E-002   4.0439987186005402E-003   1.1327993852525021E-002  0.10819424786052607       0.83337621357557490       0.98020235794054833       0.99773992938124334       0.99942240463565646       0.99738811770812885       0.97937603280783425       0.83612543908284642       0.10885336279959222        1.1067177314880905E-002   1.1050601073595288E-003   1.3315350893972533E-004   8.4756389619978194E-005   1.3751137002671241E-004   1.8115769995571973E-004   3.2047884544226651E-004   1.6453689121437090E-003   1.4094381469937634E-002  0.12841948071810369       0.88100331699209644       0.98769418850741530       0.99876112036559561       0.99987148978564055       0.99994827500407524       0.99963872650057606       0.99675718413906533       0.97160233833439191       0.77296966844429860        9.3504386339412521E-002   9.4421884299045571E-003   2.4149810016134113E-003   1.0688221342932005E-002   6.2937647882902667E-002  0.21430714884593824       0.68390279208076055       0.85613832478181118       0.91681263773550215       0.97843272106982604       0.99631864123898184       0.99946789056286567       0.99992599414844685       0.99997078240786863       0.99990164666165171       0.99960345158284869       0.99868709264902122       0.99653837017472335       0.99134007717050709       0.98849578964997509       0.98744500088789988       0.98649242509637458       0.98273134946433915       0.96603128137232452       0.91869731543885080       0.91487380703391430       0.96443431987199046       0.99310447445865846       0.99869661261409381       0.99769356158778655       0.98108839008735771       0.84124890314544265       0.11035860369463490        1.1314442992336249E-002   1.1482957927618233E-003   1.4390147996254661E-004   2.4772117055991294E-004   2.1049200862339563E-003   1.8316946393969802E-002  0.14827330497869104       0.77992597902948435       0.97215520757681173       0.99683961872988591       0.99964656873661251       0.99989915787139483       0.99939475034258030       0.99435760416115637     
  0.89740530256608297       0.20583246416108544        3.9407746933930850E-002   1.8574099790306317E-002   2.5604038080766518E-002   6.3683110384500752E-002  0.10392821059618321       0.12197525536471021       0.15175399918558641       0.30557604439789021       0.80247774174980013       0.96390269215823743       0.99456493743523577       0.99917848119525599       0.99977907299638868       0.99948339047561996       0.99671476665925185       0.98125661432352596       0.93029932571957008       0.89331370415574252       0.88167681709605805       0.87873368879010516       0.87715276099517070       0.87090683452577500       0.83321011702405789       0.62619502647249004       0.15526576003018952        2.2281554562755598E-002   2.8505906666575764E-003   4.2038580391585907E-004   6.2331998600569235E-004   4.5007304588048150E-003   3.2468601337211446E-002  0.20148067693182287       0.77830656935160270       0.95908201561818374       0.90414919149659723       0.26320336658511040        3.2906532076380543E-002   3.7731161940657942E-003   1.2668840591003197E-003   8.7547177618038426E-003   8.6712061013670974E-002  0.71654895258204110       0.96292152011041965       0.99437166277387401       0.99203905379594526       0.95084935220571876       0.70067779413689035        9.7053463010197544E-002   1.0994959402863770E-002   1.9730055607379057E-003   7.8115231537990342E-003   7.6333748301451759E-002  0.64504135880303370       0.95623748967612432       0.99506829845363687       0.99829669237883145       0.99155983829341510       0.94305021031870295       0.64761004221487473        7.7031313396103099E-002   7.7695485706589813E-003   8.1092812985486063E-004   2.6009719488399630E-004   6.4797800784441816E-004   1.2187884332762315E-003   1.5136038937870106E-003   1.7757069016776760E-003   3.9436500296053875E-003   2.1718109192395623E-002  0.16259109783212483       0.89052477000734775       0.98883859044622846       0.99888729386322095       0.99988631308193232       0.99996247009685391       0.99976153390303213       0.99788831344686091       0.98138994947709457       0.84287384522388231       0.10907892342614459        1.1572844935680247E-002   6.0655154135358085E-003   4.4512282302158979E-002  0.35070694061648189       0.80481692993865406       0.94646201934950014       0.98118872602308049       0.99086756806080456       0.99731383637876014       0.99944594726645464       0.99990202822501995       0.99996195197036053       0.99985879520915144       0.99926869607105728       0.99672358334522115       0.98834569620432511       0.96923169993826841       0.91389432831589701       0.88758639483647006       0.87949864746437767       0.87386778546686894       0.85099404357799491       0.72919682107545802       0.32193469824096654       0.30233994206836085       0.74127903982800358       0.96488201739242274       0.99531300576253412       0.99461000726003457       0.95812455948171904       0.68170645469092661        8.1400222151381957E-002   8.1708257928411222E-003   8.1691733722272740E-004   1.4173483401586656E-004   5.9947567314468922E-004   5.7154067107739494E-003   5.4183495901281825E-002  0.44936500691100895       0.92203561205026596       0.99072281016483354       0.99892395519255917       0.99986569875836218       0.99987575708978604       0.99892041371747764       0.98940603436201147     
  0.87327534551387342       0.13032806424433971        1.5656231072784264E-002   3.1948142104382361E-003   2.9832476933524523E-003   6.5580174511744409E-003   1.0597327673097080E-002   1.3081227045235394E-002   1.9002754030477867E-002   5.2304497184204178E-002  0.23356808053457292       0.82215453856621346       0.97697150339558636       0.99726021801013820       0.99942387243660336       0.99767812706980497       0.98104315842563916       0.86105304150367745       0.41431011686504482       0.17488800779849883       0.13041228880292757       0.12308333903226495       0.12140446987891701       0.11878319588829439       0.10846176005161783        7.4579349577570633E-002   2.0657815720276838E-002   3.7498233103153678E-003   6.0523728843773215E-004   1.1785112101179155E-004   1.5027144997663774E-004   9.5680038414192915E-004   6.6212391253273068E-003   4.3912512792162579E-002  0.26581025960508775       0.89119760196188935       0.94879054377307015       0.70060449213115095        8.4821302422118619E-002   8.6320363191364855E-003   1.2559040191132212E-003   3.6910892668785261E-003   3.2164607221305097E-002  0.25635986681965184       0.89142048716035205       0.97946841845104160       0.96170717075606549       0.78651574021569659       0.19898807036064683        2.6962141513904459E-002   3.3258429070699242E-003   7.3978990330647121E-004   3.2823113295276942E-003   2.9057039362907086E-002  0.23541891736542345       0.90504925227668342       0.98968106661705690       0.99361647916240325       0.96150350615323965       0.77105317236653170       0.18184563577968799        2.3377210710248533E-002   2.7351682414670370E-003   5.4012901358576097E-004   1.3769325716935401E-003   5.6525209549626032E-003   1.1322541240227480E-002   1.3813330615718223E-002   1.4917387240303259E-002   2.1995132955367109E-002   7.0888429768664551E-002  0.35458498331132055       0.92286294005854175       0.99219511718482667       0.99922023378585989       0.99991937674069509       0.99996950298747422       0.99980386277900546       0.99828241128634387       0.98460273164719336       0.86357534588163731       0.11553413071558394        1.2367149620169195E-002   5.9433584432810466E-003   4.2154010022109098E-002  0.32847789381779047       0.79442428200258874       0.94380676547293663       0.98957221780706917       0.99787068631709952       0.99953562439057519       0.99990409468563712       0.99996320431716645       0.99985900119694893       0.99910604947900672       0.99476361396354607       0.97379290110000405       0.89906930405984442       0.75532562620342991       0.28802305547767082       0.15047686084982914       0.12604255468133757       0.12037116266252056       0.11265164926409144        8.8872045384316950E-002   4.2477974851420519E-002   5.9244811381684692E-002  0.27979516504158858       0.91221493868088832       0.98956673098874404       0.98552028969467420       0.88338673560874392       0.23147047585000322        2.8869648893502995E-002   3.2360402098706971E-003   3.6144580627320120E-004   1.3852174825741242E-004   1.0159967673737010E-003   1.0168815332104550E-002  0.10037064073884026       0.79398515006105519       0.97365759831901322       0.99686585090786139       0.99963053237677046       0.99993989726210120       0.99983703808083502       0.99852983926094208       0.98620961406304330     
  0.82237053986104558       0.10719674456947693        1.1143917089352733E-002   1.2877888755555348E-003   4.2010586494723828E-004   6.8186621563763811E-004   1.1112187274801648E-003   1.6949431205226871E-003   4.2217383058066778E-003   1.7678795908160135E-002   8.4281137200819645E-002  0.47596306957138151       0.93827663308297893       0.99359648015617552       0.99861967637059201       0.99261290715005401       0.92805731133407898       0.39604425841763152        8.3469506979933938E-002   2.4029969518982758E-002   1.4475932976220860E-002   1.2957511321062492E-002   1.2645176980956669E-002   1.2281527389300250E-002   1.1049185034392943E-002   7.5800814354268307E-003   2.5393607461037383E-003   7.9586690462446420E-004   4.4280715000987597E-004   2.1255256514328286E-004   1.0955820951318479E-004   2.8378627282752995E-004   1.9292735903949176E-003   1.5043140062638148E-002  0.12287723344143366       0.81005779295476510       0.95620593545339538       0.84106917456437402       0.11424538808808785        1.2120075519020336E-002   1.4446501624146302E-003   1.6090205054089604E-003   1.3045390691992927E-002  0.11201404843043435       0.74130769077794045       0.90621051498456984       0.80462272343210095       0.24664580230621033        4.2413264820072016E-002   6.0911528310186149E-003   8.3370119127732152E-004   2.9593034621478006E-004   1.7771106207733250E-003   1.6128919441793867E-002  0.14221034511296476       0.88505172144003952       0.98531209041766565       0.97494505206109472       0.81636478039075422       0.22919070700605587        3.8298396749365658E-002   5.3829012491048442E-003   8.6255781962903371E-004   1.3820430915119613E-003   9.0348175838723850E-003   4.9371183905988880E-002  0.10572858120407497       0.12614514571764618       0.13260669072704737       0.16367765660856171       0.34944386466171046       0.84213568764558178       0.97879020307285636       0.99747586588456127       0.99971251890037993       0.99996251435349115       0.99995281672822156       0.99966821459000754       0.99744895235732522       0.97976457538798034       0.83903726944842638       0.10941154123537927        1.1317821801523244E-002   2.5133043323820599E-003   9.8624348806001117E-003   5.7197364556288890E-002  0.19614725926958401       0.68247055345854413       0.95867559397614921       0.99525501507717407       0.99945576362691135       0.99992371523199164       0.99989649306294637       0.99927744773504368       0.99481194241200666       0.96569241838776887       0.81157419233250427       0.30166216652084088       0.11799255574908896        3.8465527909652894E-002   1.7648602743076152E-002   1.3566352895351574E-002   1.2648793948471841E-002   1.1711179290461969E-002   9.5587340045784393E-003   8.6858400493948478E-003   3.7588152236713940E-002  0.26204265768978707       0.90975324330193608       0.98687148916977474       0.96461133218418460       0.73109634010676050       0.10375198987615289        1.1727461389098718E-002   1.2974945102956260E-003   1.5584873030347892E-004   1.4106043240957883E-004   1.2274739113053417E-003   1.2112606161775206E-002  0.11713664290281896       0.86472937481933143       0.98490632011464530       0.99835405980768799       0.99981479397194672       0.99994402625831180       0.99970620566098889       0.99750518246920339       0.97836865929649186     
  0.58380285683392852        6.9029473710900194E-002   7.0437173659275995E-003   7.2697938145398721E-004   1.0782228558001895E-004   1.0244273995514657E-004   3.2479364998304561E-004   1.7921740251192295E-003   1.1909999329319215E-002   6.8518610019197151E-002  0.18600532122753577       0.61194238622619235       0.95197502463073369       0.99469966056455317       0.99835416048756664       0.98902472641749517       0.89271687987514059       0.17171912115746610        2.3793658251256396E-002   4.2808759800376378E-003   1.7026308353725733E-003   1.3442710753276061E-003   1.2836269276608322E-003   1.2398358015151740E-003   1.1242119568770010E-003   8.9443147898972842E-004   9.3151109101793298E-004   2.2552619875864698E-003   3.0874843454216042E-003   1.6729903526476952E-003   6.3415295732738481E-004   4.5627700642849613E-004   1.5780079620047413E-003   1.0534949832121054E-002   8.5175024512899267E-002  0.64135636050487332       0.93998249682847868       0.87168558029911680       0.14631191801121451        1.8028586519935358E-002   2.3333203389246217E-003   8.1130887115450124E-004   4.0937872677021744E-003   3.0385046620449184E-002  0.18882852146448195       0.45655823912898824       0.23390262275145865        5.0231070012889387E-002   8.5106056092760299E-003   1.2993102415258080E-003   2.0373443756287337E-004   1.9592053509710731E-004   1.5839333639452750E-003   1.4665447459246432E-002  0.13278312725524394       0.88145252479408398       0.97931006004478138       0.91924781803678612       0.34345764950788610        5.6004803016658659E-002   8.3033536917305993E-003   1.2416116456748867E-003   7.2640025224588812E-004   5.3092484828959237E-003   4.8058998593115673E-002  0.37794978553080982       0.79380358062339884       0.87093780714464142       0.88216775435048178       0.89113566744462569       0.92223613807757099       0.97872260128687061       0.99630059982082542       0.99946063577740707       0.99992562696700715       0.99996925393654346       0.99983541823025923       0.99881840090564067       0.99179767054499746       0.94530269677517398       0.66720588167424377        7.9728333584281705E-002   8.0766103986262792E-003   1.0969630975112671E-003   1.8303009043343199E-003   9.0448142774222449E-003   4.0338400916567305E-002  0.23294504405524322       0.90388098825489860       0.99022466067846160       0.99901382507733694       0.99985339139056961       0.99959557261928367       0.99676900115322431       0.97428564541945684       0.81477318842372060       0.24459577167103294        5.2923611738272557E-002   1.5262170337911650E-002   4.7959509012104511E-003   2.2890431386764706E-003   2.1874053522592438E-003   2.4164625847567520E-003   2.6417379928381454E-003   3.9447954062281432E-003   1.4843543470237443E-002  0.10045394793198900       0.64597105221250462       0.95473664741442799       0.98449642358770362       0.90355839435024687       0.26324119776592103        3.4326198325462763E-002   4.0317072553128514E-003   4.6646184061286929E-004   7.5814182599142041E-005   1.7136623233783544E-004   1.4234111788344497E-003   1.3288282258495290E-002  0.12432313632887068       0.87760536408028511       0.98711895819207340       0.99867225734384468       0.99984365027180777       0.99986760531047314       0.99919858836870012       0.99369773724879229       0.94628061610269709     
  0.19905240520974843        2.4549066364119861E-002   2.7602201600720063E-003   3.0434510602315431E-004   4.5145140131913799E-005   9.0860816991703626E-005   7.2948685698966424E-004   6.5742224235950907E-003   6.0147850938916725E-002  0.48255415642955951       0.83281284340171624       0.94088929019386747       0.98968653706705567       0.99831995984150501       0.99845962363057406       0.98766515834323843       0.88191915489783790       0.13156020452305386        1.4741076418196473E-002   1.7532159339640552E-003   3.1711840130959907E-004   1.5247895670646131E-004   1.3318020246565096E-004   1.3901437717960156E-004   2.1834106677915107E-004   8.0485287691796012E-004   4.2081659757782957E-003   1.7479302231991449E-002   2.6311959116484797E-002   1.4248111632980563E-002   5.0872968881204928E-003   3.0348256537816132E-003   6.6713441181698932E-003   2.9244593991031673E-002  0.15854548479283029       0.76879211144930104       0.95964594668194714       0.90807999872922307       0.29759310313571213        4.9395582711701233E-002   7.7810286439801224E-003   1.3818409285977472E-003   1.0976730521603808E-003   5.4072272920077892E-003   2.5157713399197118E-002   5.4427964285359627E-002   3.0418339572559700E-002   7.7428691591278666E-003   1.4950482985600783E-003   2.5407916642527156E-004   6.5171663725097496E-005   2.4691450482478342E-004   2.1811964904172834E-003   1.9397114689154241E-002  0.16329349014643510       0.88901931952461766       0.97570020301317162       0.88265111504032090       0.15808637253741931        1.9843297464143417E-002   2.5032629853423507E-003   4.2234072132185419E-004   1.0459613585667741E-003   1.0070549995593838E-002   9.9091563497541502E-002  0.78397835755286538       0.96036166753430163       0.98459301503939856       0.98769266904400721       0.98892268432621422       0.99214155778179081       0.99746347410367275       0.99945949792827071       0.99990526240470023       0.99997524125368120       0.99991082526796904       0.99929676274226065       0.99459793725201218       0.96158936001203377       0.77139191487833658       0.18654669779492794        2.4101313356174645E-002   2.7999940685054861E-003   3.7672213087420298E-004   4.2904806223835175E-004   2.4840382425667168E-003   1.7671187046803843E-002  0.14468154046133580       0.88634844013652136       0.98836710195288091       0.99881924813135681       0.99972552996203723       0.99862920265094435       0.98828123554272773       0.90038277727824556       0.31275500052929239        5.4268920054376307E-002   9.4872155843525961E-003   2.2485481698212039E-003   1.1531197898796972E-003   2.7464039804416716E-003   7.8394931387805768E-003   1.1381347216096190E-002   1.3520612874476454E-002   2.0160964161401701E-002   6.1333544165357801E-002  0.29779161993915576       0.87821143610433905       0.98090317365528212       0.97616148190728125       0.84064906334125267       0.13072430118671524        1.4991143640962863E-002   1.6790534783020312E-003   2.1079502938316084E-004   1.1801881809270153E-004   4.2234193383406770E-004   2.4041158139101039E-003   1.7784180621044112E-002  0.14561845986546063       0.88576679012882509       0.98823964259169816       0.99879732585510195       0.99977096023255307       0.99942615910138077       0.99713370037694637       0.98251428349366554       0.86891714057753877     
   9.1360351799475575E-002   1.0214059006600502E-002   1.1238183578780830E-003   1.2513916270818622E-004   2.8071816994643781E-005   1.2832812629146896E-004   1.1541663009179603E-003   1.0869650532786324E-002  0.10316330349273353       0.79301047916203926       0.96233319653153504       0.98970867301397736       0.99690388047289979       0.99826529888348703       0.99728614290938211       0.98552843728210104       0.87510568876967676       0.12512069598102257        1.3501149605937185E-002   1.4528119916786166E-003   1.7010156011055755E-004   3.1188428950933977E-005   2.0056986777503119E-005   5.7837691655733598E-005   3.9648243850075055E-004   3.1236571634573316E-003   2.2879129865967140E-002  0.13127966292054899       0.20582429042725078       0.11843144656119770        4.0875033514921118E-002   2.4230739753762571E-002   4.6786893890884883E-002  0.16775193830012433       0.58464124931864958       0.92843132571311260       0.98681578842523632       0.97204690159087737       0.79896516052307665       0.21883409021485867        3.9750586526865528E-002   6.8844483842026172E-003   1.3704827074231148E-003   1.0293612990834489E-003   3.0453307944192628E-003   5.6975248977545493E-003   3.5205618436487882E-003   1.0623539558791764E-003   2.3586255093729523E-004   4.8923652130426143E-005   5.4028245770049852E-005   4.4200662613811406E-004   4.1156673498724565E-003   3.7405179270176205E-002  0.30321949499859047       0.91116527935353586       0.96975335423257703       0.84208619337120927       0.11614876878790364        1.2456301359213273E-002   1.3446447208416009E-003   2.6300170020932245E-004   1.1846409378299646E-003   1.1711560984641517E-002  0.11442749265555326       0.85848000795482693       0.98274251664157719       0.99702127303025811       0.99861880136777725       0.99888477127087827       0.99921486972504192       0.99971120779420752       0.99992760756709576       0.99998208280597212       0.99996497868854350       0.99970088574539662       0.99731287423817938       0.97670765827159201       0.81837311474055185       0.22782182493836589        3.8589844301666766E-002   5.4608671093822883E-003   7.2215400202512955E-004   1.3225481281899548E-004   3.0776800053400831E-004   2.3200894732686842E-003   1.9284033732602950E-002  0.15912713292607250       0.89025643057254389       0.98883490430802556       0.99883405323349472       0.99941450256045239       0.99597961003169033       0.96673526178410329       0.75048280546078627       0.11912491888437858        1.5510722258773790E-002   2.2604692045067763E-003   9.8573087445644365E-004   3.9944740448957777E-003   2.1324162994326362E-002   7.5861245005865344E-002  0.10958600510127667       0.12391447811139007       0.15424754889437581       0.31723864643610233       0.81121753011032083       0.95850464466777652       0.97307316455344572       0.92005940078674919       0.61482877328610108        7.5772377565010582E-002   8.0053194355394243E-003   8.7950346259364136E-004   2.6312404159730920E-004   6.9372674396972098E-004   2.3920569057617287E-003   9.3930541360681824E-003   4.6952790324801950E-002  0.27293236702244628       0.91072973593894857       0.99093215508026189       0.99897305380966950       0.99920003354904863       0.99635353536984783       0.98457996920748436       0.93715577755906954       0.67355683576537351     
   2.3470227118846245E-002   2.9118987192198564E-003   3.4781880885524619E-004   4.2175890173626511E-005   1.7771565201301458E-005   1.1637773240977703E-004   1.0632078035807558E-003   1.0065431613940091E-002   9.6030261859223351E-002  0.75513433761578508       0.95268119722894096       0.98202625230929430       0.98642711697908347       0.98688540060036556       0.98499241710696306       0.96851901815011510       0.83507419081354661       0.11469270298775411        1.2321019361780778E-002   1.3232488151029276E-003   1.4681454009623932E-004   1.8681592916942367E-005   1.2706669939298242E-005   9.4844875043123818E-005   9.1819960892121800E-004   9.0196249368829171E-003   8.7412797504231074E-002  0.70017412573527837       0.86072370284973221       0.75880416344969115       0.29856513506982024       0.18872732417320634       0.31898150354301452       0.78636878869680971       0.93634749874548606       0.98734549427622420       0.99712656517754439       0.99381059106895564       0.95972037526988330       0.77369194567620847       0.21031923012074474        3.9603096859906060E-002   7.3051216543632220E-003   1.5529183285533479E-003   6.1633948803057031E-004   6.3230969863212790E-004   3.9933522560690426E-004   1.3712429094839789E-004   3.5244039325516283E-005   1.4013975603803691E-005   6.6260934641210596E-005   6.3539979179535533E-004   6.2582513508303893E-003   6.0874883189754488E-002  0.51563577305965302       0.91223421125432147       0.92218650501478383       0.66004722438230068        7.9969333292217129E-002   8.1907568083834925E-003   8.4488084911711126E-004   1.9693476621404751E-004   1.1280808422002534E-003   1.1272678878837795E-002  0.11083225951646927       0.84574420908561132       0.98186154824700811       0.99786861700721419       0.99966003929463976       0.99986718770064398       0.99991899013679575       0.99996711159771101       0.99998943859750278       0.99999000000000005       0.99992741525159501       0.99927225921837759       0.99264537272182163       0.92658584340604266       0.37468359039395188        6.0504295021483481E-002   9.0650641377069269E-003   1.3781439883036992E-003   2.4624412563220327E-004   1.7329462640088393E-004   8.0113341900528131E-004   5.6744103182597922E-003   4.4016874153274460E-002  0.31535823565161530       0.91807534455061357       0.99174891117555297       0.99900384827056066       0.99844183713240142       0.98732825939726032       0.89183870282990363       0.26410885250029492        3.5947893517623432E-002   4.5610826824885294E-003   9.9675844920078067E-004   3.2670584769348950E-003   2.3826041284655423E-002  0.16098497951684718       0.63582716399821015       0.83536018714883709       0.87277983048959529       0.88422690688299321       0.90223693229949165       0.91525593991218879       0.88267065419564350       0.83332713566458139       0.61084013992652464       0.14446367525460135        1.9779378513784609E-002   2.4549811986340504E-003   5.3798778996088791E-004   1.3037334198952816E-003   5.3630825646347902E-003   1.8007813674365054E-002   6.0071343504532859E-002  0.22419523709986761       0.77609029139277086       0.97032472620235033       0.99643181934482528       0.99892991076623960       0.99542539570345701       0.97348408834413880       0.88959161299376888       0.69258695454805153       0.16928463011853204     
   4.1867546099002397E-003   6.1022929296196567E-004   8.2612557219041119E-005   1.2149470814134978E-005   1.0000000000000001E-005   6.2876998369886761E-005   5.3808916362576371E-004   4.6553478750769898E-003   3.9554345660774766E-002  0.29535411139847917       0.76238570416693052       0.86038988476742739       0.87537831005919287       0.87678737288614494       0.87105382390029684       0.82997676323327574       0.58678379609306108        7.3367249931406003E-002   7.9060979515433224E-003   8.6060621567205496E-004   9.6821475329775879E-005   1.2748080293573481E-005   1.3404277321772796E-005   1.1872501541705623E-004   1.1786409756818048E-003   1.1717091356429021E-002  0.11376072142074450       0.85093221659955132       0.97161915769856111       0.96835004157794602       0.91569267892375594       0.89774640352653623       0.91884662438077014       0.97284122994317623       0.99190147617044844       0.99812904614735176       0.99947702856672338       0.99879165024787520       0.99267337314411574       0.95704897389731725       0.77300476568946030       0.21695065576678388        4.4017734194644859E-002   9.3015690443487460E-003   1.6984905101662148E-003   3.2057434545411910E-004   8.0097239285365925E-005   2.2239596624366399E-005   1.0000000000000001E-005   1.0121392113062645E-005   5.3885134853669799E-005   4.2742182198739014E-004   3.7250462650904484E-003   3.1587174762144947E-002  0.23344017776759729       0.69000208653147554       0.62753808043256909       0.16103647506431387        2.2056497812222010E-002   2.6728639554861973E-003   3.1996195331284572E-004   1.1993250758196686E-004   8.5267584160774183E-004   8.5834645974377181E-003   8.5616730969798660E-002  0.71072566413188287       0.96379058563463738       0.99594541051763974       0.99954701098998966       0.99994045023432909       0.99998539280590748       0.99999000000000005       0.99999000000000005       0.99999000000000005       0.99991475179771594       0.99913688473628381       0.99121933653032201       0.91195413820116022       0.26962780280093357        4.3880142634926872E-002   7.7206602550212774E-003   1.8663539250287999E-003   7.0839551828547976E-004   9.1634395196509531E-004   3.4648127270853171E-003   2.0255561142604236E-002  0.14305177026923763       0.77951666710917877       0.97220298749386780       0.99675897977689454       0.99904991552137667       0.99558262422414967       0.96531456908468927       0.74348930411905301       0.11073472386427359        1.3074127002085342E-002   1.7374072949100866E-003   1.8269991043142122E-003   1.2999158259645822E-002  0.10288198953137050       0.68426587455932020       0.93184747363175013       0.97826751015819757       0.98542103664595315       0.98195504964802405       0.93665427516661059       0.58170343230438704       0.20008514013258050       0.11919526000117978        7.3975512306754324E-002   1.9615872175242233E-002   3.4587166370773762E-003   7.6921975192037635E-004   1.6764501063153542E-003   8.8755750686595209E-003   4.1753375507721194E-002  0.13886623027296258       0.38694870612489973       0.82392647529351137       0.96181427400966024       0.99384873533451679       0.99875537740698461       0.99673944848399532       0.97486860135121234       0.81886641927568771       0.29516496002018194       0.10685781228872342        2.4931328787850423E-002
   6.5406321356901043E-004   1.0881421337629537E-004   1.7674087555140388E-005   1.0000000000000001E-005   1.0000000000000001E-005   2.3472753033638966E-005   1.6011950792525385E-004   1.1232357295430462E-003   7.3670732352974864E-003   3.9087420295669903E-002   9.5618480827517366E-002  0.11584651645622442       0.12070642939265130       0.12133119618011781       0.11928993956541566       0.10881973963199067        7.1594735739392359E-002   1.3338262039192734E-002   1.9592579465339626E-003   2.7005153991748284E-004   3.7344572731527182E-005   1.0000000000000001E-005   1.3559998822433222E-005   1.2510819529869757E-004   1.2433095947408010E-003   1.2339676727495556E-002  0.11921781105039085       0.87201300126507120       0.98494692336776168       0.99518069361788797       0.99141075222029817       0.98971712994026317       0.99186720621279278       0.99690509047745945       0.99901899747246303       0.99974516107815514       0.99991313369471346       0.99977907802683263       0.99872176069217689       0.99262623742194445       0.95895185259295546       0.78998323068446807       0.24821192940201525        5.9607475738247137E-002   9.3949939579753040E-003   1.2801854495708218E-003   1.6555046142199551E-004   2.4458851339425086E-005   1.5203056348943330E-005   3.9085345133592295E-005   1.0053494289102147E-004   2.4977303257972175E-004   1.1276079175740682E-003   6.7049709808168819E-003   3.4336315872124948E-002   8.5116076531517607E-002   7.6024954170860720E-002   2.2835818133085477E-002   4.5791676479644593E-003   8.3310282667900233E-004   1.4782120713949121E-004   6.5311028400036350E-005   3.9729008167777372E-004   3.6471055180478996E-003   3.2779695334398638E-002  0.26347235053535312       0.90869898593250142       0.99062677569799018       0.99902953969084296       0.99988637560247728       0.99997601732120078       0.99998690250747735       0.99999000000000005       0.99999000000000005       0.99994091377800787       0.99943884748903045       0.99463130490605989       0.94993235801500930       0.59385448414261077       0.16136016461919694        3.8631595072311155E-002   1.2955695726609455E-002   5.6730188009017175E-003   6.8072923653161189E-003   1.9517621933575237E-002   8.1697475124565141E-002  0.42992832715557006       0.91922366122979582       0.99034771932629606       0.99836380495948363       0.99724845411028584       0.98447927654156497       0.88456150989920612       0.25798268967255056        3.4511012493299228E-002   4.2684175715783203E-003   1.2825963024777913E-003   6.0645578349422021E-003   4.3796599914775781E-002  0.27427377878392573       0.88521519128057502       0.98366748042456298       0.99651998935054253       0.99730156801982472       0.98788417907639903       0.89507536802859333       0.20486496901908505        3.8231908004868885E-002   1.4291153893776649E-002   7.7862939139893882E-003   2.4045611230019128E-003   7.0077530532139571E-004   1.4765371912538665E-003   9.1499176798239493E-003   5.5590630803564148E-002  0.28848468502016089       0.78164774115798108       0.91524374745092585       0.97649828534967320       0.99453078143459572       0.99885066700782188       0.99873893795120816       0.99007466617010687       0.90900429146662753       0.29448508892248831        5.7519360095998624E-002   1.4589277426542393E-002   3.4191815033162752E-003
   1.0851313208768089E-004   1.9791330400148827E-005   1.0000000000000001E-005   1.0000000000000001E-005   1.0000000000000001E-005   2.7401056355528968E-005   9.2054822502203861E-005   3.0361995721426242E-004   1.2130195295566356E-003   4.6431754508107943E-003   1.0011449272545542E-002   1.2527929750816872E-002   1.3576768001216198E-002   1.3878752645974627E-002   1.3677692393674718E-002   1.2439334015843259E-002   8.5712829172818871E-003   2.6701790497222150E-003   6.7044200400865955E-004   1.5496010956521058E-004   3.3064136554801043E-005   1.0000000000000001E-005   1.3332448465200914E-005   1.2014223053987064E-004   1.1980270511829445E-003   1.1944746172541773E-002  0.11609754757476540       0.86259864697858091       0.98426346855451419       0.99788353277756270       0.99896397343572996       0.99896390344234776       0.99919177112990076       0.99965858959440257       0.99988416682951775       0.99996636389386540       0.99998557718566583       0.99996107989922056       0.99978450000904140       0.99879258663199832       0.99340212571933550       0.96509068767665673       0.82781570433763507       0.33782980380330929        4.3199385498009744E-002   4.8214672341120712E-003   5.2755570259966137E-004   8.0957404031158523E-005   1.0579944775856624E-004   3.3739932429612397E-004   8.4274406170805640E-004   1.1911564342970346E-003   1.5653235406003487E-003   2.9325427717422350E-003   8.0864328694377503E-003   1.7766342997910925E-002   1.9127070709982680E-002   1.3326094770097179E-002   7.6223590029726772E-003   2.4163225365323258E-003   5.3000386270804956E-004   1.1548725145351371E-004   2.0609219756525122E-004   1.7609939064908865E-003   1.6062676984151727E-002  0.14106500738456307       0.87473385976730200       0.98591897105360715       0.99830476329180018       0.99968816690996676       0.99985326846454337       0.99988701910984812       0.99992280646903375       0.99996678420327567       0.99997021110871287       0.99981861349026135       0.99855113342120971       0.98922875381685249       0.93273077028794260       0.75949420810378709       0.25503419854887793       0.10826712315308074        4.8886991979670648E-002   5.6325380335752413E-002  0.13495123560856007       0.36385347042860455       0.86010193399642476       0.98013381906007102       0.99669177907556716       0.99606140681340205       0.98512988521609524       0.94124734028729073       0.69778411047060263       0.10281515124427677        1.2213065074889101E-002   1.7762234323889009E-003   3.1441636789876111E-003   2.4690264165243114E-002  0.18782163471687238       0.78580515053949518       0.96978137150233124       0.99590593773238301       0.99912030080531222       0.99805303635613041       0.98483573479655351       0.86737623746194470       0.12871018257641145        1.5353893542341865E-002   2.6420121584231947E-003   9.2557837024283014E-004   4.0083514068001722E-004   9.5907910119441000E-004   6.6087034060611843E-003   4.5570011428964559E-002  0.26280933968490844       0.82142261596723920       0.96384547061665082       0.98949877317266899       0.99706826249876501       0.99924737619647808       0.99965612146332550       0.99832615372638511       0.98547327590723177       0.87236805678583551       0.14723940430504145        1.9273670503135849E-002   3.0635897700362381E-003   5.7688277725629776E-004
   5.3885624229768133E-005   1.0000000000000001E-005   1.0000000000000001E-005   1.1024139913721318E-005   4.7112550522543878E-005   1.8933230238828784E-004   5.6934176613844003E-004   1.0431512196107837E-003   1.3976357517361897E-003   2.0194181297553140E-003   3.4334522134557050E-003   6.6889514010982703E-003   1.1293994033403042E-002   1.3286755246438711E-002   1.3779411570275063E-002   1.3499875846516771E-002   1.2076190460020586E-002   8.4027321013842235E-003   2.9944056489859994E-003   8.1143747748623027E-004   1.7653356847900428E-004   3.4030448329761287E-005   1.5432549230592088E-005   1.0010551060938834E-004   9.9543290530022723E-004   9.9927910615502311E-003   9.8595051025805291E-002  0.78346390061898641       0.97057280954043956       0.99622176453217282       0.99944496743647782       0.99984016293556133       0.99991220364458722       0.99996174842924179       0.99998531741093488       0.99999000000000005       0.99999000000000005       0.99999000000000005       0.99996358634422156       0.99980121140406830       0.99890047570628493       0.99379491519369823       0.96316267947105583       0.77329608782183423        9.7412848915512815E-002   9.9405653671857108E-003   1.0425874104774315E-003   2.8911033348561881E-004   8.1615796975809444E-004   3.0215334265505842E-003   8.4156454108588637E-003   1.1544710221308719E-002   1.3232442140157851E-002   1.7277645917618715E-002   3.5079300531898679E-002   8.8746150102822996E-002  0.11059135253637750       0.10489269617356625        6.9048089919524297E-002   1.9621253883842268E-002   3.6084847058508937E-003   5.7008769429015699E-004   1.9617760079372891E-004   1.1425779151342681E-003   1.0995064727075773E-002  0.10527602854638016       0.80200947419546553       0.97120395414389948       0.99494010367927677       0.99819224301139653       0.99868597940548209       0.99888407226326059       0.99923527787281630       0.99972207052114392       0.99992581989202955       0.99994496645315289       0.99971104598333493       0.99822612867799332       0.99090952726270620       0.96680888374754037       0.88739280566573731       0.74438685606533750       0.38167157203253788       0.43154995674698310       0.79525554312529312       0.91208915223195386       0.97941297180597153       0.99558404510033394       0.99407376020822047       0.97283827098162368       0.89157305112808571       0.70312071988044755       0.17703373837348702        2.5351001992674746E-002   3.3609916569947540E-003   1.3642813611491899E-003   8.8013588817452606E-003   8.1581621204507390E-002  0.65681100232926015       0.94460685053166604       0.99207674518139255       0.99864726412594440       0.99894542391808450       0.99535405085897999       0.96948308716056519       0.78155276491972681        9.9754003151380735E-002   1.0378016655963680E-002   1.1589361129829634E-003   2.3474347830314268E-004   4.8207568037856132E-004   3.6388473237804497E-003   2.9093887661590434E-002  0.21011476281998995       0.79691787600824737       0.96543283035412175       0.99395694794822353       0.99859226268519596       0.99962617007227750       0.99988422251034226       0.99980760480408137       0.99850508516712300       0.98668007894466303       0.88066855996970184       0.16561459676560722        2.1679201528060559E-002   2.8307022138220517E-003   3.8378726219159213E-004
   1.3541592046834906E-004   1.7777966993242064E-005   1.1963196658730450E-005   5.8913748413888897E-005   3.2491325936859482E-004   1.5219527705951079E-003   5.3100972053013503E-003   1.0110688748420820E-002   1.2324262627550165E-002   1.4361621366101746E-002   2.1912119268886452E-002   5.1475824584863661E-002   9.8705787740281423E-002  0.11620080017019853       0.12030331253643492       0.11922054676306246       0.11065362188722799        8.1069507574973027E-002   2.5537987127907780E-002   6.1632201408282237E-003   1.1670480512135971E-003   1.9120576162987189E-004   3.4241554995537130E-005   6.1621867975254427E-005   5.5369632141039982E-004   5.2542398291972074E-003   4.8744489147541835E-002  0.39639372896493064       0.89978214104539711       0.98692470888885464       0.99834466642753861       0.99978302645666173       0.99996550860810218       0.99999000000000005       0.99999000000000005       0.99999000000000005       0.99999000000000005       0.99999000000000005       0.99999000000000005       0.99995886215158636       0.99973055555449397       0.99802462869247444       0.98393715995132569       0.86302631740118996       0.11803158813716354        1.2468928722411565E-002   1.6098556775804177E-003   1.4804148740423591E-003   6.2128284909555046E-003   2.6142309202242274E-002   8.3421805492561299E-002  0.11230007325818599       0.12409250065717382       0.14863638671327442       0.27680090305876870       0.72212537923324349       0.84092525296063125       0.81771971627586892       0.58155235767755575       0.14922903819626401        2.1781488913710845E-002   2.8179850958560504E-003   4.1304413547840340E-004   6.6801763969552173E-004   5.9770235375332893E-003   5.5992904885100864E-002  0.45758642118347986       0.88479692438258839       0.97118071659233918       0.98491976982060714       0.98733082139358364       0.98885649271385934       0.99236412430279652       0.99756662546392760       0.99948250101836400       0.99990285605639173       0.99993793502992445       0.99973755862586478       0.99883114579715826       0.99589373253583802       0.98685878392394244       0.96815399576869687       0.92797737094922406       0.93394868854963531       0.97461524917802345       0.98983081887650071       0.99657005894373352       0.99403186074113425       0.96462926705407925       0.80943514323240484       0.29659159161430226       0.10892128757328216        2.5916389888877456E-002   4.4631101539942038E-003   8.2825745403672184E-004   1.5125114044023912E-003   1.2576529544446328E-002  0.11265139465285584       0.80992252351921945       0.96776308001740896       0.99305192477613580       0.99682049225500879       0.99411632271687345       0.97744976539062545       0.88774441318709207       0.38212363779997433        4.7464257783660875E-002   5.1839041299704836E-003   5.8254744254760164E-004   2.4026808578004501E-004   1.4766053443646123E-003   1.2572604001258684E-002  0.10669128263527250       0.72209858677844119       0.95456189263047764       0.99308978241039070       0.99889695900300779       0.99978118695759188       0.99994062517562354       0.99996918227009390       0.99989459713454454       0.99911518690434764       0.99192638167959390       0.92499159633713512       0.39291064531651188        6.4624014393289256E-002   8.7022870088987563E-003   1.1036208212163137E-003
   3.8511508568319985E-004   4.7479293065130137E-005   4.8530966149269439E-005   3.1004681412302525E-004   1.9982812554462329E-003   1.1276913920198564E-002   4.8630537505913944E-002   9.9273125722309355E-002  0.11811535185431228       0.13087499207332823       0.18106082083640684       0.42430475917639415       0.78500281297757313       0.86255087042350764       0.87472053567246255       0.87192093242380098       0.84252525339895334       0.67668855419336083       0.19828071339134690        4.3418149735042988E-002   6.9031413312585933E-003   9.6172779157223083E-004   1.2708825121192111E-004   3.8236655485658256E-005   2.0439268276070601E-004   1.7647852974668325E-003   1.4933916803399699E-002  0.11816457885799973       0.66651049223008851       0.95397322157582387       0.99428173407310094       0.99928330206857652       0.99990706202300106       0.99998649761210634       0.99999000000000005       0.99999000000000005       0.99999000000000005       0.99999000000000005       0.99999000000000005       0.99998290090211728       0.99985779421568577       0.99868483974840361       0.98741437965448808       0.88053609247521614       0.13379949801508112        1.6280006741150641E-002   4.2639906321669712E-003   9.3752890403254689E-003   4.4011237144478729E-002  0.20204245134771859       0.69193527912029196       0.84676152956046435       0.87524035560574376       0.88665768445732884       0.91220303371083955       0.96530057069222641       0.98094246235035398       0.97554475908564564       0.92397190555295072       0.66990807625725501        9.0917586338482972E-002   1.0255652580804901E-002   1.1695951420835093E-003   3.4053725448215125E-004   1.8084560443210251E-003   1.4392989322545079E-002  0.10276731002317060       0.47223752726939167       0.80279859172346246       0.86684076238842833       0.87928053486339508       0.89091461838278907       0.92470262858662600       0.97962933950204012       0.99645998740590169       0.99948239033983954       0.99992394034653287       0.99995546497758503       0.99985232718724160       0.99950621917864058       0.99851142478915811       0.99644395121367124       0.99281206493633767       0.99335677757055973       0.99708217474332583       0.99839697301930863       0.99607896788085748       0.97254477246696402       0.80758026728878129       0.23983999564526104        5.1857413827124860E-002   1.4288676339722237E-002   3.4852736995310283E-003   6.9883048236582903E-004   2.4897398586154322E-004   1.1297631182993503E-003   9.6089241584947499E-003   8.5362703281941552E-002  0.65473010545672949       0.87776254380315388       0.95947124604592493       0.97588282751948652       0.95626643459955918       0.86028326869766669       0.57389861680146415       0.10531484072154952        1.3811357781168078E-002   1.6866018786961263E-003   2.7330468986549262E-004   5.7471710971951427E-004   4.3414145731228366E-003   3.4969305286426874E-002  0.25959998275451046       0.88827160600745547       0.98607847530779369       0.99820175323929128       0.99973126564784220       0.99990341346048051       0.99990850315452995       0.99992609718755288       0.99993624227360145       0.99968123406580667       0.99738535700605691       0.97830680608603959       0.83347710411432396       0.23888055757118798        3.0581285369656843E-002   3.4883410615220026E-003
   7.5094765172222802E-004   9.3335812919040663E-005   1.6721206367639117E-004   1.2815981259739534E-003   9.7751491007553870E-003   6.9031267817645070E-002  0.38677451821101361       0.78409311963603423       0.86412576719618828       0.87993547666249239       0.89471051511570665       0.93208015189805082       0.97365839451118252       0.98466028082444146       0.98666189786869152       0.98610382066747959       0.98060755050435155       0.94906788372137230       0.79256619379188753       0.24683390054503515        3.2591866984405256E-002   3.7910636022381529E-003   4.2673101034674437E-004   5.5026256778659992E-005   6.5882457281970025E-005   4.9096429840489073E-004   3.9037228297442994E-003   3.0036028051022675E-002  0.21031835315788555       0.86258855516298316       0.98193185434888441       0.99758709038561966       0.99966763892239052       0.99995332884688026       0.99999000000000005       0.99999000000000005       0.99999000000000005       0.99999000000000005       0.99999000000000005       0.99998802756791527       0.99989429417893450       0.99895934102379524       0.98966760206492033       0.89898280669228781       0.20900147082515880        4.0635786998593743E-002   2.3907791687343583E-002   5.9578782618631448E-002  0.25659665553065514       0.79269076631642854       0.95072430802364927       0.98122449606143491       0.98661359369132062       0.98834141581480739       0.99116461248599752       0.99611224262610731       0.99770015305661175       0.99603353368660574       0.98099251622745920       0.86620761609508468       0.18092555518810952        2.2286807927045682E-002   2.5492012446924816E-003   3.3462516914731759E-004   4.1142890470876697E-004   2.5511804107123106E-003   1.4503692180326759E-002   5.7253608364558700E-002  0.10244746121584941       0.11835499864100503       0.12787455870028144       0.16528507227118081       0.36912514815047931       0.84895655945576198       0.97963341592608966       0.99756707425018998       0.99972174126048197       0.99996450151389094       0.99997853799921799       0.99994103722885486       0.99983273795284111       0.99961405260007341       0.99928649732115327       0.99930660788928560       0.99943070900955222       0.99799676245235980       0.98588559902910544       0.89096578101712953       0.29074907907655229        5.1136687944663653E-002   9.0777247364131532E-003   2.0260892991311964E-003   4.7608257181161375E-004   1.0681418479991364E-004   7.0335397203468897E-005   3.7374215193550101E-004   2.6005978103643794E-003   1.7433546587615305E-002   9.8308548322840361E-002  0.24641110716517509       0.69901454900227633       0.80954615970368582       0.68504776216446017       0.22669794556609424        8.2747224272754619E-002   1.6955638993141339E-002   2.7109870574020889E-003   4.4527837866936487E-004   3.8682570299847398E-004   2.0379745349744928E-003   1.4659035717774264E-002  0.11436439205859102       0.74479574631368850       0.96577600779898376       0.99578764339741344       0.99943623900942424       0.99974874268436154       0.99943668032098321       0.99915641513992448       0.99933099466430375       0.99976883511132364       0.99984886272638174       0.99918443920061961       0.99352354300954149       0.94914835521362095       0.64883085394169027        7.6148587856404770E-002   7.5951794816255013E-003
   7.2537925606508218E-004   1.1388296461630449E-004   3.7934211040062637E-004   3.2756119397595570E-003   2.7883888311732507E-002  0.21376611352553149       0.82066726715067329       0.96071571600262362       0.98239661512362708       0.98634819724531253       0.98889780602048849       0.99298212192465463       0.99703853800290454       0.99833999993005218       0.99861030931431050       0.99850508641995384       0.99754248673704371       0.99172795948169989       0.95624836285115944       0.73993716927500264        9.1890589785825941E-002   9.4017890066725469E-003   9.6495508852286708E-004   1.1135697817256452E-004   3.6024275163777180E-005   1.5033553423838926E-004   1.2066497050335675E-003   1.0129346434130848E-002   8.5937243199411664E-002  0.62784403676709455       0.93808820735796306       0.99057334329413116       0.99861790266527983       0.99980517533731117       0.99997276024151638       0.99999000000000005       0.99999000000000005       0.99999000000000005       0.99999000000000005       0.99999000000000005       0.99993769909331787       0.99941148247172340       0.99446971770475090       0.94949886384341031       0.60169205562644945       0.21497940076423941       0.17322743474765395       0.34182370452119470       0.82439569128943502       0.96497398004353641       0.99266305428496981       0.99768285032454473       0.99857751656937233       0.99882169776962226       0.99910613175951335       0.99949321295903959       0.99935468856338561       0.99797197591229647       0.98979027995719648       0.91980416206190241       0.38006026179126712        4.5760312486942026E-002   4.8695418809401115E-003   5.1668177554952744E-004   1.1880651814229760E-004   3.8702125699567537E-004   1.8089493785752595E-003   6.0307476405771108E-003   1.0418851852153578E-002   1.2317250374639079E-002   1.4045241376857235E-002   2.2337012936982426E-002   7.4985453818699366E-002  0.36960302453122162       0.92474042845929783       0.99236449700908236       0.99923492059414987       0.99992260118450882       0.99998982368496625       0.99999000000000005       0.99998026053725142       0.99995618874486070       0.99990958949943942       0.99978154673743747       0.99886325678852583       0.99240043564846847       0.95048897866041338       0.70808847865560709       0.10845614340081303        1.4149481171025782E-002   2.0110872058992065E-003   3.4861956914689773E-004   7.1499415990157686E-005   1.7511290438951507E-005   1.7449386071681032E-005   8.7325011244831179E-005   5.0434281439759598E-004   2.6755732139765826E-003   1.1676957717865775E-002   3.0959645126249921E-002   8.3492609763809067E-002  0.10151514109276925        8.1509695338989469E-002   2.8553880928940213E-002   9.8509922093973495E-003   2.3514263036987955E-003   5.1296234272406706E-004   4.6204004723001757E-004   1.8729463583234758E-003   8.8000606256655161E-003   5.0532464496787562E-002  0.29042852062634522       0.89596223214733040       0.98774274489377467       0.99850741338002091       0.99949988493205766       0.99845830114062117       0.99469404798814298       0.99147617342678562       0.99343657894399684       0.99825346476681676       0.99959782522152074       0.99936877264359558       0.99480521867825245       0.95357932505797138       0.62885426735280359        7.3321104900477163E-002   7.3071866589676411E-003
   3.8880820515587502E-004   9.8956799550216202E-005   3.8670311685843478E-004   3.1490192359367192E-003   2.6282236361470299E-002  0.19915004949029574       0.79687315745611731       0.95546311832963449       0.98233868764767940       0.98915506850317592       0.99559598989606779       0.99855518043814484       0.99954494345660139       0.99980017961938028       0.99985044914047805       0.99982605711190131       0.99958435257044242       0.99776161347853298       0.98294919710839201       0.85851950937928667       0.11938150995021295        1.2939006532523008E-002   1.5104292464500472E-003   2.6956775076250085E-004   1.0356180071976448E-004   7.7238498927671240E-005   3.5518016869798177E-004   2.8367668354057911E-003   2.2894221112300703E-002  0.17016991306894552       0.75007996341221395       0.95599288286008111       0.99368057648983743       0.99916637956870857       0.99989529663365018       0.99998604460274099       0.99999000000000005       0.99999000000000005       0.99999000000000005       0.99999000000000005       0.99997804734391593       0.99982752755178772       0.99866308888529087       0.99068781588616517       0.94941335766984247       0.90021297336926043       0.89286029628890107       0.92117674196481547       0.97709034110588300       0.99497605826548630       0.99888748743473987       0.99965589426521440       0.99982130278137249       0.99985837911560316       0.99980816013828244       0.99935605763186919       0.99708502758330009       0.99004888894879395       0.97483090975458841       0.87954356829489455       0.28698503964057392        3.5872867661883349E-002   3.9860383391735850E-003   4.3072320034935152E-004   5.5724455866517600E-005   5.6830603968713668E-005   2.1377918566624238E-004   6.2323106950872356E-004   1.0413479862059949E-003   1.2649915940703051E-003   1.6338644926254808E-003   3.9950398295478598E-003   2.2323420359265211E-002  0.16522117665755956       0.89069663717195646       0.98881639652822950       0.99887932569740379       0.99988744059541212       0.99998765781006993       0.99999000000000005       0.99999000000000005       0.99998520800631241       0.99991062859437041       0.99932665452763536       0.99484786771973166       0.96310693333637232       0.77698055263151022       0.19621332900932795        2.7662366639378003E-002   3.6155002572641390E-003   4.8418235691092133E-004   7.1915041889548557E-005   1.3629496868161774E-005   1.0000000000000001E-005   1.0000000000000001E-005   1.7832996955020889E-005   8.3214960282217940E-005   3.6755824268784685E-004   1.3413130222556392E-003   3.4757229119219582E-003   8.3344907048657005E-003   1.0147698282313322E-002   8.1403364055747159E-003   3.2242325461079497E-003   1.1483653671743796E-003   3.7563381818472581E-004   5.3107594565263887E-004   2.6610168042810610E-003   1.2692596446158834E-002   4.9520376158453699E-002  0.23556692758165670       0.80538599156315549       0.97280165639096949       0.99648370077273452       0.99914753618832886       0.99773243913391618       0.98835537421954589       0.95051288984976745       0.91486229707630318       0.93656445760709894       0.98749979034621782       0.99799434047389379       0.99880656638031495       0.99068188083813014       0.90781803165754404       0.24873053862139108        3.0733386484213032E-002   3.4291874751496624E-003
   3.5381222048024415E-004   2.2166881325100355E-004   3.7725548061562478E-004   1.3414507393253456E-003   8.2068406393404954E-003   5.2407477008044573E-002  0.26699907149909580       0.74789752974639911       0.86598806065822220       0.90932048787496278       0.97232630716830670       0.99495504294417025       0.99921904665533368       0.99987806863885109       0.99996988225253780       0.99996837126164839       0.99984687202212175       0.99871384391314177       0.98790107414925565       0.88538685532280192       0.15454225921652459        2.1236545190853075E-002   3.9462674872939984E-003   1.5098400468656920E-003   8.5416019283201638E-004   3.1601357819747977E-004   1.6210461053392628E-004   6.7766971907804981E-004   4.9333868136942887E-003   3.4470583609413817E-002  0.20719637554495449       0.79050023333679575       0.97275561440927871       0.99684469701238176       0.99964796904120246       0.99996092818914772       0.99999000000000005       0.99999000000000005       0.99999000000000005       0.99999000000000005       0.99999000000000005       0.99996223665023831       0.99975830661522114       0.99865180776913065       0.99442038509127695       0.98976323642653230       0.98902816016730699       0.99196823632024766       0.99721252860378617       0.99905699494716205       0.99930202041211957       0.99948667665142565       0.99977143177417560       0.99985471307512996       0.99939728332997790       0.99598805347863317       0.97675492187626667       0.91279110244399475       0.84459731623255652       0.61010359106271284       0.10371635838921359        1.3275669872480991E-002   1.6006703839191113E-003   1.8728878930370445E-004   2.3091396304048724E-005   1.0000000000000001E-005   2.5262604106673929E-005   6.4517598223002106E-005   1.0545031185773343E-004   1.4092350298547360E-004   2.9388743833651910E-004   1.6222058623468537E-003   1.3948104745712791E-002  0.12717071803888147       0.87773430935250474       0.98709354680693073       0.99866982928936199       0.99986269265627359       0.99998493165149949       0.99999000000000005       0.99999000000000005       0.99996824611965585       0.99971758521586251       0.99746455873114781       0.97800021067779008       0.82743128173441483       0.23380636756208528        4.0125218912878909E-002   5.8846893767149234E-003   8.1654812402523491E-004   1.1188583024820291E-004   1.6967495186220152E-005   1.0000000000000001E-005   1.0000000000000001E-005   1.0000000000000001E-005   1.0000000000000001E-005   1.3905645999812947E-005   4.8635812509372464E-005   1.5306737413699128E-004   3.7853172351821559E-004   8.2079522759551441E-004   9.9413751831970809E-004   8.0269283259900117E-004   3.5813698245002449E-004   1.7963579570520595E-004   4.1666410571208754E-004   2.7260898633228977E-003   1.7730461804721376E-002   9.3608066073895532E-002  0.28003816725758168       0.80390109584853109       0.96374215228834148       0.99425865435883243       0.99854653600050003       0.99718146852771716       0.98677210248392477       0.92303671625849193       0.59729249986186017       0.29129071467491424       0.47266238060167265       0.93021191550605808       0.99189461753318831       0.99792392633018190       0.98836031803479896       0.88709737698002122       0.14678581704577734        1.6975542788709296E-002   1.9961024900697487E-003
   1.5979368015848817E-003   1.6735982043016699E-003   2.0657242754553557E-003   2.2781936728832226E-003   3.2175808621647331E-003   9.7805657568641319E-003   3.6275580986509098E-002   9.6121200999203960E-002  0.13970678822368038       0.28073204551758119       0.79798063853784951       0.97260925525627118       0.99671053914213437       0.99961576497213345       0.99995157989080286       0.99997997443977427       0.99990313368948247       0.99914668551762487       0.99169815740553369       0.91885813996157184       0.33112660285251422        7.5723585231476015E-002   2.3101545273906090E-002   1.2992638899663227E-002   8.2440449653386084E-003   2.6561236613909410E-003   5.8870732481675157E-004   2.4521481507938815E-004   1.0549180072499721E-003   7.1921076201876006E-003   4.8133470485213423E-002  0.29748999399859755       0.91526920819580604       0.99148352754891145       0.99915567900271474       0.99991593029145764       0.99999000000000005       0.99999000000000005       0.99999000000000005       0.99999000000000005       0.99999000000000005       0.99999000000000005       0.99996153398754650       0.99982249043135596       0.99939411113302890       0.99894707564318075       0.99883895212828833       0.99897175778411318       0.99886056381449106       0.99740302882151177       0.99460957085861079       0.99550043764103446       0.99822085075752998       0.99926943247672739       0.99722751270748455       0.97735299972836076       0.83099879654202990       0.31851522996787007       0.14017443563609475        7.6891868839799565E-002   1.6678525804528707E-002   2.7127557286696054E-003   3.9005566457678053E-004   5.2565140284916302E-005   1.0000000000000001E-005   1.0000000000000001E-005   1.0000000000000001E-005   1.0000000000000001E-005   1.2996403621611359E-005   2.6097398087469728E-005   1.3725517160716218E-004   1.2237640054302695E-003   1.1950242731176279E-002  0.11542105856926160       0.85755332403853923       0.98386596740933319       0.99824239936964609       0.99981001728010022       0.99997874986998769       0.99999000000000005       0.99999000000000005       0.99993068688310849       0.99931065901699423       0.99305666903364920       0.93090110885888344       0.40903150502218294        6.4123274543317704E-002   9.2352172072921023E-003   1.3166415562550560E-003   1.8532954896816956E-004   2.6408600191935690E-005   1.0000000000000001E-005   1.0000000000000001E-005   1.0000000000000001E-005   1.0000000000000001E-005   1.0000000000000001E-005   1.2156266502095720E-005   1.7475475268088368E-005   2.7847772537498375E-005   4.8070663308141559E-005   8.4177045821819352E-005   9.8596816987079716E-005   8.1965119864987367E-005   6.0355260542687455E-005   2.0718216802562210E-004   1.6201795429157053E-003   1.3256628983939275E-002  0.10309616955806009       0.60659749510279948       0.87473673747840708       0.96980782120929998       0.99299776495013170       0.99699549274185995       0.99474640918524782       0.98231142743710154       0.93176037433234771       0.68036119628605440       0.14812193000040419        5.5656242261448094E-002  0.17180456394082899       0.87888779028343567       0.98616235850324230       0.99725323175614256       0.98796461699515503       0.88455070837785366       0.13877586283797300        1.6894429143933742E-002   3.0533840420916710E-003
   1.3838554158455696E-002   1.5077344247962110E-002   1.7711342390700584E-002   1.7667616914906974E-002   1.4981586865480373E-002   1.3419002188525299E-002   1.3079916341824042E-002   1.3953715757736783E-002   1.9604481073863596E-002   5.6187008804071563E-002  0.28716636687809649       0.91257529619523747       0.99105159132145215       0.99907498575917164       0.99988323427626036       0.99994306794576715       0.99988242496910007       0.99960252701148722       0.99735129682795498       0.97894199253106651       0.84932694152546162       0.41627079017099639       0.17340164913290698       0.11882561579776590        8.0187607307378131E-002   2.2172608783619697E-002   3.8857174608223407E-003   6.1255068699534365E-004   3.9770435394900267E-004   2.5113662310127260E-003   2.0061337025265576E-002  0.16059681542390916       0.89132993426670426       0.98901871308023392       0.99891585056874888       0.99989295701615677       0.99998846585460843       0.99999000000000005       0.99999000000000005       0.99999000000000005       0.99999000000000005       0.99999000000000005       0.99999000000000005       0.99997444206496966       0.99991839266257110       0.99981309115348738       0.99952401405032054       0.99832186281799495       0.99335064772663240       0.97833780914045509       0.94858955858203198       0.95859241315491117       0.98536549157483544       0.99618218859869478       0.99129058205489284       0.91933318782399553       0.33124075697772704        6.4433487663159317E-002   1.8611302746397867E-002   8.4527553702308540E-003   2.2274722554541256E-003   4.4061527136412772E-004   7.5358775866548613E-005   1.3348188182827887E-005   1.0000000000000001E-005   1.0000000000000001E-005   1.0000000000000001E-005   1.2016871746256100E-005   1.3983136588238598E-005   2.1955523649154097E-005   1.0335029193617943E-004   9.3834154069399531E-004   9.3650876906346790E-003   9.2708832525295201E-002  0.75173674970856497       0.96926255560412289       0.99658195048955356       0.99963051134119640       0.99995928625674302       0.99999000000000005       0.99998719478379228       0.99990991172593502       0.99914613417854481       0.99136157939862946       0.91298914929119512       0.27221291624804028        3.5664524835814726E-002   4.3864301723537460E-003   5.5052187299206882E-004   7.0919243364927430E-005   1.0139963287389065E-005   1.0000000000000001E-005   1.0000000000000001E-005   1.0000000000000001E-005   2.6610289289851573E-005   6.5434670886226168E-005   1.0249874607245536E-004   1.1705100097014083E-004   1.1064071195427559E-004   8.0785494724534173E-005   3.7258987604103039E-005   1.8301896182170963E-005   1.6728023800611465E-005   6.8197632888685413E-005   5.7107519928462221E-004   5.0405162855056296E-003   4.3703454828327451E-002  0.33587705446963040       0.88418075936672946       0.97520884891007120       0.98666437803525597       0.98664865439905380       0.98216848003297696       0.95973782911062810       0.87212806133137555       0.64660626943545141       0.15890721531757876        2.8616499876251901E-002   1.8524820558820859E-002  0.12353516430710097       0.86875683712281571       0.98525453006641772       0.99734726317376543       0.98954057907420012       0.89912439413357204       0.20752531214159053        3.9084012036099507E-002   1.6245529093907380E-002
  0.12726764554786729       0.13481123140864859       0.15037367368397100       0.14977895086689333       0.13227852555931333       0.11601930297393451        8.7251022233326356E-002   3.3668270769745670E-002   1.9703968958237974E-002   3.5164811075738100E-002  0.18357655269219167       0.89413102955562818       0.98901148083682489       0.99875872801065801       0.99968521026455648       0.99958248886833634       0.99915560557622263       0.99893130392744267       0.99867243263442262       0.99608953600052252       0.97999300399230194       0.93010920038498868       0.88835802234240424       0.84489319049957190       0.66067868165661847       0.16416513773502364        2.2126918239643401E-002   2.6742340708394135E-003   5.5769082315049417E-004   2.2243505296941669E-003   1.8922063902005678E-002  0.15800321007899365       0.89149262082881886       0.98906933951043630       0.99892118835542998       0.99989302305873062       0.99998841086606860       0.99999000000000005       0.99999000000000005       0.99999000000000005       0.99999000000000005       0.99999000000000005       0.99999000000000005       0.99997775359722996       0.99988578329241407       0.99944435429969058       0.99749053393251641       0.98887912983919601       0.94992357828629637       0.82853052404739724       0.56746649550098427       0.66293230766667233       0.88673042489947085       0.97996170939188354       0.98526970321765561       0.88636193541128927       0.15652238382523134        2.0486405323451699E-002   3.4755232138065418E-003   1.0507271087131826E-003   2.9793250959415403E-004   7.6516430069283243E-005   2.5510696204035636E-005   1.7066922273890131E-005   2.1742087361390094E-005   4.0736622883493866E-005   8.1408273383884328E-005   1.1039838363878735E-004   1.2081557918426548E-004   1.1973011317900550E-004   1.3980285507087631E-004   5.2060131170977896E-004   4.4271319482581473E-003   3.9926557104569722E-002  0.32108017535979644       0.91923605723814450       0.99191361794031452       0.99919548464838914       0.99990989040814104       0.99997303722208286       0.99995716724277506       0.99986529653074818       0.99929596607997662       0.99401430244737765       0.94317984616052741       0.52024549523468511        6.3988642290812109E-002   7.0229310065462102E-003   7.8852483645046225E-004   9.1761916653213178E-005   1.1917298719391641E-005   1.0000000000000001E-005   1.3698948317086099E-005   5.9356038155157892E-005   2.3099323485478707E-004   6.3896058966187851E-004   1.0302869235795026E-003   1.1694539920632057E-003   1.0939548275489435E-003   7.5934110398299698E-004   2.5347171286423077E-004   6.2823502998829577E-005   2.9107781035280268E-005   1.5264228163846622E-004   1.3654067868878910E-003   1.2395203872403041E-002  0.11046748195207715       0.77377659752771488       0.96253827605984310       0.96861339188733675       0.91299576174316777       0.88248584929272256       0.85004796487696999       0.70480422248188401       0.23529796955444035        9.2261706547846864E-002   2.2541560740585803E-002   5.5043348946140890E-003   1.3151684479337091E-002  0.11914644167668727       0.87189787235066341       0.98601756910623095       0.99790007852904405       0.99420297859265394       0.94835508037591076       0.59037207896039745       0.20565691242621756       0.13476638033808475     
  0.88079184636575092       0.88440626047785131       0.89006491447187019       0.88944894527388818       0.87982728274886679       0.85139901533749052       0.71190700708725352       0.25894282431048438       0.14397887268811324       0.15174622254533704       0.35252843236812736       0.91971788424158485       0.99089722382001411       0.99793445623310884       0.99808987687766315       0.99624143085496120       0.99152578580244832       0.98983983666759401       0.99193592111925510       0.99656308193317467       0.99681945336851185       0.99253575449683329       0.98786152076115041       0.97922009312558100       0.93155496826179418       0.65932350518238303        7.8705712269954722E-002   7.9844197785395119E-003   1.1256268324479589E-003   2.9830201500157696E-003   2.5059791617499914E-002  0.20056263256978346       0.89955102256007469       0.98975172971716807       0.99895254445509962       0.99989008982075023       0.99998729586874258       0.99999000000000005       0.99999000000000005       0.99999000000000005       0.99999000000000005       0.99999000000000005       0.99998166596596016       0.99988577235430254       0.99930231662672608       0.99622378853848426       0.98276077186378885       0.92822233956403699       0.67564991786024742       0.19502542201291387        8.0415007914804687E-002  0.11149724557856834       0.36810951449225743       0.90655918828236626       0.97049524992037317       0.86084272751817803       0.12141207010357619        1.3179306419871875E-002   1.5310635745203953E-003   2.9877351243862626E-004   1.5249070648616663E-004   1.3295500908843267E-004   1.3265039333249415E-004   1.4362807887250193E-004   1.9387138576792290E-004   3.7801323474077056E-004   8.1956945055767843E-004   1.1124421334162892E-003   1.2058390629045425E-003   1.1531629151190288E-003   9.2937540703027176E-004   6.9997290789957322E-004   2.4760479703775928E-003   1.9882273869366224E-002  0.16494841417360004       0.89212855925967127       0.98906723113293127       0.99886607109760084       0.99978735013129427       0.99981852300798502       0.99965876295835221       0.99922304764014214       0.99861109216227939       0.99603519505347859       0.97481357669473756       0.80459136778659257       0.10916883439872883        1.1946095107621102E-002   1.3250802430185343E-003   1.5187769852183992E-004   2.0014455251242403E-005   1.6605368180789304E-005   8.3939016963718323E-005   4.5115711983929695E-004   2.0167213256766722E-003   6.2504532775617232E-003   1.0380681139570315E-002   1.1724698197608434E-002   1.0987711997777695E-002   7.5225406214778755E-003   2.0810204693795351E-003   4.2123242710534898E-004   1.0567913108763761E-004   3.2735802402924103E-004   2.8700032309111347E-003   2.5292259591868503E-002  0.20374897011951287       0.87520109080465291       0.95031871440812721       0.79952922236960411       0.29684547431461084       0.14829803790299678       0.11611376536518599        8.5450151853259104E-002   2.9680686647522020E-002   1.0749879000041077E-002   2.9751553731402701E-003   1.8262240752888006E-003   1.2271844640442854E-002  0.11795972195243662       0.86965199681461769       0.98555524229534841       0.99815276276110676       0.99835193239158693       0.99036648207699496       0.94808096552861221       0.89814369456743492       0.88252197975282975     
  0.98752004193117382       0.98816720554564264       0.98895673638838077       0.98884849789110030       0.98737385616537932       0.98282561078832231       0.96370940819425799       0.90700000653305168       0.87774862812266952       0.87110686005519522       0.91193137033512706       0.98133480859120081       0.99056838432901706       0.98818691811834714       0.98344468422778664       0.96622394437007930       0.91509526531377305       0.89855640108430990       0.92039158548516031       0.97461837982654187       0.99336320674873790       0.99724781657328698       0.99732349694334232       0.99397535765743716       0.96998540515516396       0.79673275888939166        9.9688518725978226E-002   1.0061551788279454E-002   1.2835617634880329E-003   2.6101372638282425E-003   2.1497053160317921E-002  0.17328477059126371       0.87694838281095699       0.98549830874021949       0.99828103725280726       0.99979293102169886       0.99997423806551178       0.99999000000000005       0.99999000000000005       0.99999000000000005       0.99999000000000005       0.99998751912246886       0.99991469317245396       0.99937114969937968       0.99566776522190981       0.97372491232843505       0.88027564827402671       0.62859696028566636       0.15253668926886649        3.1388638425224116E-002   1.1000415021316580E-002   2.1941725537474189E-002  0.12938804531610965       0.75108646949859503       0.90402716081389034       0.75115205762600168        9.5765029239797503E-002   1.0018914330800623E-002   1.3089059281377118E-003   8.3493636618239635E-004   1.0920710418461351E-003   1.2308654014817030E-003   1.2890633627816539E-003   1.3811639112854604E-003   1.7894394991866301E-003   3.5012587080425176E-003   8.2880317234863086E-003   1.1204945139263114E-002   1.2054002622847516E-002   1.1548199288073048E-002   9.1317975997293691E-003   4.4566953602332504E-003   4.5120796561479957E-003   2.1289167619740802E-002  0.16035226658310670       0.89052948351986727       0.98865381384183670       0.99837070143238404       0.99885641545293746       0.99839870245797602       0.99688488345496740       0.99249445252953450       0.98873343967901262       0.98478866114119279       0.96409998372200301       0.81098145158760770       0.11302472180247090        1.2563283972152658E-002   1.4106427420065976E-003   1.6485520858029780E-004   3.1493950056394732E-005   8.1330608753925126E-005   5.1834356065952661E-004   3.1995896551561213E-003   1.6897120261968702E-002   6.0108389481783590E-002  0.10253554036194275       0.11458004456659490       0.10794133348112740        7.3446643369704398E-002   1.5671133349857227E-002   2.5396662003014949E-003   4.2658720468760814E-004   6.4262245002345538E-004   5.7939189733164842E-003   5.5493757076177035E-002  0.46467950059529739       0.88543995536470965       0.81803892639812559       0.24394209053851609        5.2208499452117536E-002   1.8488471410454621E-002   1.2328002797969331E-002   8.6552028465464587E-003   3.3559406737873744E-003   1.2304862649502447E-003   4.5965175792880809E-004   1.1869773137975703E-003   1.1126270260423623E-002  0.10916230468671062       0.83698926794212269       0.97853466816931567       0.99626192931001145       0.99824887178738220       0.99738308868836945       0.99313159468322953       0.98857521472670196       0.98733864771988389     
  0.99763270898283696       0.99860355658134015       0.99888087818012350       0.99889545473767549       0.99870133740853517       0.99809465276567455       0.99590095160551495       0.99031152099450459       0.98643001633410343       0.98416982832504962       0.98488822255964092       0.97628099455096362       0.93107365737305647       0.89016235067955374       0.85583058303008308       0.72826946175466911       0.29090260232298043       0.19111838702114634       0.33007792351952114       0.80287937903149309       0.95297691421619080       0.98348023108827332       0.98813645370682213       0.98058386270210762       0.93108957894313371       0.64193485310314724        7.6261748487750372E-002   7.7157199611549380E-003   9.2736336256247370E-004   1.4440871292718267E-003   1.1967638085296115E-002  0.10412702308209751       0.73660133629730218       0.95924396717953886       0.99455825678731169       0.99931421249986541       0.99991606097625074       0.99998722733972889       0.99999000000000005       0.99999000000000005       0.99999000000000005       0.99995598583568746       0.99963851595073461       0.99700889668661430       0.97614104942669266       0.82924670021042235       0.29796930571582136        9.7922280983303606E-002   2.2252449095919096E-002   4.6278128675496469E-003   1.7412423518548890E-003   5.1331623972721329E-003   3.3345156760403463E-002  0.20136507287282235       0.49250787993102002       0.24705248584355835        3.6293280595339469E-002   5.0874012300601264E-003   3.0308911173043142E-003   7.2675639412294055E-003   1.0849616652341670E-002   1.2218318068013750E-002   1.2686567505213152E-002   1.3319429484530238E-002   1.6379506975183013E-002   3.1477858620081421E-002   8.2713793816402620E-002  0.11020997904953679       0.11727623802503874       0.11304029372025590        9.0603107144839601E-002   3.8709515328868432E-002   2.5937520056930601E-002   6.2645611502376408E-002  0.30877229858333638       0.91501365366281950       0.98935234854875143       0.99424004554373646       0.98978404155151234       0.98524588795384971       0.97206958240812524       0.92580478528599164       0.89141913691400254       0.87213342765063284       0.81461604914118557       0.50828573193676352        6.5135421430948942E-002   7.3362337648173208E-003   8.4461855502719878E-004   1.1629733932270043E-004   7.8632869289438286E-005   4.0265046794612049E-004   2.8117793515367779E-003   1.9950516599788994E-002  0.12826343153282566       0.50180890249724197       0.80601505627656145       0.85929294701768633       0.83046140635157162       0.60883905745654543        9.4428926643365010E-002   1.1800792006813453E-002   1.4786775739092065E-003   6.7525583030740490E-004   4.6798814634626609E-003   4.1142075000783138E-002  0.31066122791993817       0.64456276664557532       0.35851310493532534        6.2684428996235705E-002   1.0363378521579373E-002   2.5631913309827744E-003   1.3278969515306911E-003   8.7214190178463730E-004   3.6885481589082159E-004   1.4542197539647406E-004   1.2002188862029360E-004   7.8997087197685896E-004   7.8169228763795943E-003   7.7353422371333982E-002  0.64797228644148352       0.93277410199177846       0.97996603785988357       0.98683378942569977       0.98757371123389814       0.98765080492509649       0.98932913199795958       0.99437948132970155     
  0.99207498717153375       0.99859588300934465       0.99970150146413861       0.99986450040696173       0.99986213398150514       0.99978690591504038       0.99952685482761472       0.99884974257802661       0.99754334954279811       0.99207572893801532       0.96430422936258753       0.83584474613164794       0.42766705263321675       0.17660261842069613       0.12178260178909350        8.9647698530386774E-002   3.6621048283571718E-002   2.4620996791577528E-002   5.1892491571695308E-002  0.20405693293104826       0.70665647795332664       0.86479167802883639       0.89221844209369450       0.85687447397472549       0.67426346753086430       0.16233207031113564        2.1622205677383637E-002   2.5714243256651456E-003   3.4972408096780401E-004   5.0597853410900943E-004   3.8657944408583347E-003   3.0944620890856932E-002  0.22548770708528759       0.82912405953287793       0.97835374634155725       0.99751292327071506       0.99971968136755085       0.99995290280996652       0.99995310418422767       0.99994673000514156       0.99995981479060225       0.99985870121715170       0.99879923377609836       0.98925700806296213       0.90570932694020456       0.32514555721522664        6.1732839952205479E-002   1.4160991853874358E-002   3.1347998924883881E-003   6.9291440290793519E-004   3.7835498771738728E-004   1.3147961350953017E-003   6.5441251659134432E-003   2.7966664044797942E-002   5.9966063066397443E-002   3.3965391007902086E-002   8.5783705156455160E-003   6.5758237857745606E-003   2.2063226050175654E-002   7.1096921379078873E-002  0.10676128156563816       0.11828830049405616       0.12159703662889969       0.12525668575055054       0.14405048587208014       0.25376666347185739       0.69165001402858906       0.84289656929267875       0.86809106937835312       0.85331114993055912       0.74073836375101554       0.30876973251553785       0.19276144870689907       0.32164253146738581       0.81456136298856219       0.96507098581979445       0.97833704913605846       0.95495476069873286       0.90188033038091520       0.86758481241033236       0.77319744080007913       0.37259663296305134       0.16946517224289259       0.12638076166759807       0.10632574764652186        6.2452150508458336E-002   1.1778889697879701E-002   1.7886390685753308E-003   3.2432838738269572E-004   1.7944048832872734E-004   3.7874724964437632E-004   1.8523895486157428E-003   1.2556339801744480E-002   9.4049391926476128E-002  0.62232522551783842       0.90871428453724878       0.97335781682506384       0.98309486006746227       0.97198009566662080       0.86769101035194041       0.21285383713115275        2.7068487501248344E-002   3.1550824585523502E-003   5.2558290407317995E-004   1.3384252106779654E-003   8.6360702844994527E-003   4.4076200569701324E-002   7.8863970529669078E-002   4.5504883362998162E-002   1.0088661101927087E-002   1.8338534786574753E-003   3.8990071230419630E-004   1.5259510249991109E-004   8.9856437012848152E-005   4.0909508870172011E-005   1.9764411405394400E-005   3.7520912204376800E-005   2.9245543352500025E-004   2.5737532858343204E-003   2.1779995542469843E-002  0.16375866580276871       0.67810488842731709       0.84884258618516950       0.87766910979233548       0.88147669713282983       0.88557621173923140       0.90547197471698515       0.96158507894904943     
  0.95542831255868577       0.99406415013338978       0.99922863637657855       0.99989362644796453       0.99997311171877690       0.99996502564315559       0.99986343416356960       0.99920133812737499       0.99458937848537976       0.96339905543833637       0.79231880916195629       0.24452637777103983        6.7121298267183091E-002   2.2681322458195121E-002   1.3505655006876900E-002   9.8307516600938862E-003   5.0500798394919949E-003   3.7707727537745640E-003   7.2988927880811936E-003   2.7411158367114486E-002   9.3180771661802955E-002  0.14853300810789610       0.18788581414473940       0.13961506079496239        8.6572043193443873E-002   2.2742721574888720E-002   3.9018925795391993E-003   5.7089485585406509E-004   9.4381381813383132E-005   1.5067728296416476E-004   1.1019344457916019E-003   8.5277857431081978E-003   6.4476657617731525E-002  0.41924702294521721       0.93199028545738594       0.99314032184152490       0.99928685369848569       0.99979951112511767       0.99960776805596629       0.99952195426275248       0.99975742197327644       0.99960933247663220       0.99693902204115081       0.97281783004891731       0.78128411067840609       0.12663069423037621        1.6940764290954136E-002   2.7194406246961868E-003   5.4260610473345374E-004   2.6285548373686246E-004   7.3921975938272982E-004   2.8400645862051007E-003   8.4605788654562100E-003   1.3879910483344906E-002   1.7203779132577496E-002   1.4376194977809943E-002   1.6034276242028335E-002   4.1450518245728998E-002  0.17245513839550106       0.60045480439127785       0.82639620096363797       0.86946938033777066       0.87692195393534755       0.87953219351995793       0.88585917847228268       0.90834887448335899       0.96162577384239623       0.98158067250246805       0.98551116819040219       0.98318061111574295       0.96782528103408838       0.91759773829552549       0.89764732291142824       0.91303318008382073       0.95099736035281535       0.90937445602596589       0.84485363782223855       0.63962739243927269       0.22946793494929973       0.13284656545269019        9.8530169501106213E-002   4.5940116121456570E-002   2.0223014741681176E-002   1.3668479139990003E-002   1.0965603222619745E-002   6.6056171039319059E-003   1.7188839804946402E-003   5.8921786802883052E-004   8.3990146740042684E-004   1.3000300898394089E-003   2.4495777505430189E-003   8.8890097136896471E-003   4.8292603069771636E-002  0.27287025184030111       0.87567175176569978       0.98071610163977585       0.99587909029869004       0.99726625125946078       0.98892366637899165       0.90468520700348987       0.24197721340269432        3.0322301486693112E-002   3.4497967780255465E-003   4.2264681215437163E-004   3.0443966070493357E-004   1.3824126529512466E-003   5.2748661880872086E-003   8.2527363080864488E-003   5.0953928811879653E-003   1.3972635939617074E-003   2.9165633924476515E-004   6.0985817131502110E-005   1.9711460197894906E-005   1.0845874815776952E-005   1.0000000000000001E-005   1.0000000000000001E-005   1.1274409805081811E-005   7.4288229747454857E-005   5.5840143864843966E-004   3.8611437897128568E-003   2.2440242124494861E-002   8.3110712339789547E-002  0.11649522302121271       0.12681512475483012       0.12870363138215049       0.14243456461762030       0.24196093445939887       0.70719969897956281     
  0.86385519405565137       0.98316912290972625       0.99800207019580656       0.99976485274987215       0.99996737323829754       0.99996009427619392       0.99968442154177162       0.99721540306044254       0.97606392474679471       0.81521482497642950       0.23447031401311805        4.5331288074371361E-002   9.9880686861810054E-003   3.3324790448834773E-003   3.5659833337292842E-003   7.5607450244783766E-003   9.8682480165244585E-003   8.0086817289157074E-003   3.4134714273728224E-003   3.8840636496323693E-003   1.0394045394622785E-002   1.7858160192000490E-002   2.3470519618404802E-002   1.6740536228049132E-002   1.0024412092368838E-002   3.3516539946021108E-003   8.1051457480859268E-004   1.6772991602210358E-004   3.8933176650478975E-005   6.9912797526723336E-005   5.1570662526065738E-004   4.0987561109522650E-003   3.2520874667427882E-002  0.24150772857218941       0.90813002791250264       0.99085567941635622       0.99891541835631259       0.99896030461624219       0.99669760267556495       0.99569814028023329       0.99833783362718953       0.99888311816262898       0.99254025772074117       0.92599749596040182       0.36746678171282110        4.8660923517838357E-002   5.9931290309284757E-003   8.9982056779166239E-004   4.1791695862529129E-004   1.1818347381215696E-003   5.3271599771515981E-003   2.3089516924580340E-002   7.5387326188557813E-002  0.10505511809606091       0.10800897427907349       0.10187829132915460       0.12695439344230144       0.26717474499529020       0.77525279063570407       0.93801119987619541       0.97783178498204859       0.98513447791323749       0.98627563817664743       0.98696499669071946       0.98813193899475082       0.99072772141229293       0.99575187492619877       0.99794359556226919       0.99844511320742457       0.99814105350325988       0.99637099059016232       0.99136997868516408       0.98667842806031236       0.96850221555789484       0.83953147009764173       0.34469714425212578       0.14438870488779412        7.9746206091710042E-002   2.8706658674002732E-002   1.4927049257107243E-002   1.0269001621401271E-002   5.0682769320865304E-003   2.2947500557977851E-003   1.4521998916457030E-003   1.1260176935968340E-003   7.7142128677115153E-004   7.2069074440163632E-004   2.4736419321183096E-003   7.7549891746481929E-003   1.2091784498519813E-002   1.8855104540638108E-002   5.2935144336153747E-002  0.23335830193742629       0.80018955878184916       0.97037769124192086       0.99574969222927734       0.99917602627050173       0.99870240621067263       0.98896582063045568       0.89211307076531898       0.16329506701619464        1.9539885598464972E-002   2.2255367652665842E-003   2.5865902236876890E-004   7.4211112878445345E-005   2.0272406331502235E-004   6.1595296355794352E-004   8.7281981454017396E-004   5.6540889255630327E-004   1.8211573540139806E-004   4.3635643147093977E-005   1.0749207373610501E-005   1.0000000000000001E-005   1.0000000000000001E-005   1.0000000000000001E-005   1.0000000000000001E-005   1.0000000000000001E-005   1.6430103760361906E-005   9.9058220769636729E-005   5.7558555151567350E-004   2.7318241508722269E-003   8.6055515607114715E-003   1.2388111333802746E-002   1.3759221374010255E-002   1.4078109534292685E-002   1.7229708750239440E-002   4.1906361087622010E-002  0.20831331423448798     
  0.77854639598727515       0.97212740509228068       0.99679090600768727       0.99963144517183822       0.99994357492785602       0.99990949274946472       0.99919294282904647       0.99195806118141694       0.92041737571166371       0.33522525433263595        5.5534153061766338E-002   8.9314353576756562E-003   2.0866361839627806E-003   3.4856503811841982E-003   1.7677017855685588E-002   6.4745428182459777E-002   9.4200961333184577E-002   7.5706456944014941E-002   2.0352158174227808E-002   3.9459438762682467E-003   1.6994420547865369E-003   2.2999299055585579E-003   3.4855945741066479E-003   4.5763851266453085E-003   6.9382521355425136E-003   5.2730964656297957E-003   2.0547874867218748E-003   5.4834134179322072E-004   1.2726370858163539E-004   1.3207615541556013E-004   9.3991311732858143E-004   7.6721749129213812E-003   6.0300048734025745E-002  0.40343324350378595       0.93015095111331769       0.99283365244387078       0.99829724383265539       0.99394053659162984       0.97371199521927154       0.96278718419627463       0.98893760821000487       0.99694025181823442       0.99085224102754199       0.91161136630886086       0.26419776964733160        3.5715438284153952E-002   5.3095227589941832E-003   1.7789114705288804E-003   2.4239203899462766E-003   8.1235621693251207E-003   3.8023324767765321E-002  0.17983292772183207       0.63591414664326129       0.82210216663209856       0.83674317558759470       0.80268730642929242       0.83885780147204980       0.89948752076758887       0.96951282756549373       0.99156441058254075       0.99609190219362087       0.99377532537013091       0.99126057681983581       0.99418230423711229       0.99764217249698450       0.99885464428348547       0.99950597204442637       0.99976711687874520       0.99982783916164297       0.99976665274546084       0.99939283725939476       0.99760129330105241       0.98718787932892516       0.90710949062831692       0.36673513681292463        7.2305004508311232E-002   1.9811830024623001E-002   8.8946573056607747E-003   3.6706335705021915E-003   2.4266877600061056E-003   1.9612777221611286E-003   1.1626554221098550E-003   4.7564327780316262E-004   2.1654403263053672E-004   1.9148177275971374E-004   5.7999195925600012E-004   3.5121106400471010E-003   2.0166303072498743E-002   7.5631857331774632E-002  0.11365936386394886       0.15149256194825844       0.31461390742809725       0.80881045131419360       0.96368625950828413       0.99424739227796022       0.99911792069855232       0.99974154981401819       0.99880315413229714       0.98828615904348471       0.88533571225332164       0.13854585849654846        1.5691642566674689E-002   1.7405867221226591E-003   1.9609191895486418E-004   2.9667500799010475E-005   3.0805560756824907E-005   7.3670449589854133E-005   9.6394513281304882E-005   6.4429385970672526E-005   2.4042215494141528E-005   1.0000000000000001E-005   1.0000000000000001E-005   1.0000000000000001E-005   1.0000000000000001E-005   1.0000000000000001E-005   1.0000000000000001E-005   1.0000000000000001E-005   1.0000000000000001E-005   1.6889779140545227E-005   7.9162971989346891E-005   3.2125982404133041E-004   8.9331793756314889E-004   1.3101325226366849E-003   1.4846043527733193E-003   1.5989439406171725E-003   2.7984341748428713E-003   1.3560618110631844E-002  0.10848932012657565     
  0.83966019726500873       0.98038911313408938       0.99762602027819436       0.99962783433019220       0.99986614833931664       0.99982457970311189       0.99880621045897788       0.98850265964958095       0.88866206156691685       0.15868581617682639        1.9931362255699428E-002   2.8052467973120536E-003   2.5335867996854923E-003   1.7854688746438158E-002  0.12901218706961873       0.54608973064739652       0.76823130988351129       0.63637982583263497       0.14140570978621772        1.8922951991110975E-002   2.5570329674569725E-003   1.5165655047257567E-003   5.8398606043468335E-003   2.2956765386418571E-002   5.7230647274587293E-002   4.6360098709259036E-002   1.6911934527669502E-002   4.0425893911520848E-003   7.8025038175614874E-004   4.4689901106339483E-004   2.9865035472061994E-003   2.5948834246065044E-002  0.20353841488494387       0.81970811759895357       0.97717874708003583       0.99692840105667302       0.99590236412049160       0.97091757324685757       0.82228080359908040       0.72277541585556315       0.93937008035355929       0.98989828960377024       0.99290370558105856       0.94481506736104337       0.53916203952047659        8.9636688965020056E-002   2.1189713874111574E-002   1.3340951386697837E-002   1.8943540551494342E-002   5.4307415704716408E-002  0.22807382243230942       0.77031247789596935       0.94158366839885066       0.97712801879281208       0.98020107919393207       0.97536544092018196       0.98029684335667555       0.98865045952945241       0.99608784798967442       0.99773729501292518       0.99168725667392510       0.95939402665054363       0.92796070090181138       0.96017558364677058       0.99195547172688359       0.99867934749206355       0.99977889154061905       0.99994964247321783       0.99995970180862570       0.99983529678498628       0.99895606717755880       0.99322424316237290       0.95758877133810372       0.75060958961215696       0.12838475625921844        1.8286943823947164E-002   3.8415925682933429E-003   2.5058140507158082E-003   3.9516417539895632E-003   8.3998022305994246E-003   9.4710276698379732E-003   6.2294928123487114E-003   1.9548164548511813E-003   4.5634666672068701E-004   3.5324696117738978E-004   2.3902514935984190E-003   1.9897423729212094E-002  0.14813107699908867       0.62922791238306808       0.83687175160189220       0.88184896355702291       0.91662164167579163       0.97489331722024775       0.99452610034145750       0.99891876388647094       0.99972722877637643       0.99979752506775055       0.99887602159416256       0.98898930456378764       0.89148338513214043       0.16350515884893077        1.9901687314050814E-002   2.3376767356129242E-003   2.7566457038875680E-004   3.5125890896705813E-005   1.1701661280520253E-005   1.7042369575693966E-005   2.0049566429075750E-005   1.4625979525681430E-005   1.0000000000000001E-005   1.0000000000000001E-005   1.0000000000000001E-005   1.0000000000000001E-005   1.0000000000000001E-005   1.0000000000000001E-005   1.0000000000000001E-005   1.0000000000000001E-005   1.0000000000000001E-005   1.0000000000000001E-005   1.1770826802159437E-005   3.7979561069426532E-005   9.5254756725067123E-005   1.4391270901884331E-004   1.8328176210347883E-004   3.5436470809432300E-004   1.8617305734412672E-003   1.5057696067440346E-002  0.12896685503076516     
  0.90008875513115216       0.98802270242132562       0.99763706888074877       0.99871773311990897       0.99902877533166345       0.99931410667582654       0.99818592246001814       0.98580996323870318       0.87258256664382239       0.12448034978387440        1.3505740417871944E-002   2.1580257140209717E-003   7.1768813629382918E-003   6.8287852141706962E-002  0.57147421897095796       0.90724077444969697       0.96301522139398310       0.90986366867060875       0.50312010975476085        5.9290505310803911E-002   6.8826602327668835E-003   6.3535018306196123E-003   3.6871209478452981E-002  0.17597714630634009       0.48496138056962135       0.38409787886982322       0.13489292703331815        2.8620849000039986E-002   4.5720498731553483E-003   1.4351758364448059E-003   8.2589417764124314E-003   8.1214093626428119E-002  0.67799473835092683       0.95145725796648517       0.99363056453824494       0.99847347865402414       0.99290380052541671       0.93511714552030090       0.48584908115358710       0.33678053239151967       0.84567446698003046       0.97832574451255627       0.99527214231124084       0.98255917155898498       0.86712216939659359       0.32936210471486205       0.14443245517712805       0.11973754437388649       0.15168943481089978       0.32984396226082646       0.81348669305485055       0.96125838502657024       0.99143369822059924       0.99709873197694898       0.99767778765785675       0.99713668782129972       0.99769625289474440       0.99866586340614349       0.99902728471651003       0.99517893376208810       0.95933746610567983       0.70047805688908704       0.40094854627877280       0.70051140490725439       0.95856976609663580       0.99506665364423519       0.99942207143370043       0.99992064984348838       0.99990744270220466       0.99933388031942894       0.99495918198069477       0.96484326203819770       0.79576421414342846       0.22576650626495515        3.3657819222472164E-002   6.0687641411883804E-003   5.0785735863619228E-003   1.3129951294600680E-002   3.1989004713454103E-002   8.2482470326522367E-002   9.3951022393773620E-002   5.9659194555423997E-002   1.5685298769943751E-002   2.8394424812665121E-003   1.1451629873777791E-003   7.3848678782913995E-003   7.2469626319879882E-002  0.61177076366178740       0.92215333449732950       0.97718908669060067       0.98618666709688507       0.99028538447619208       0.99581498193476214       0.99801718818642893       0.99863507726803447       0.99890641164455296       0.99922717649854120       0.99893857002566444       0.99198318400146601       0.92105800722880737       0.33645446021347813        4.6631052003739036E-002   5.7491489207876119E-003   6.9578357595067501E-004   9.5738441824513618E-005   4.8036196491063761E-005   8.1355414069135326E-005   9.4478723815269818E-005   7.0706793177940900E-005   2.9165232907063948E-005   1.0000000000000001E-005   1.0000000000000001E-005   1.0000000000000001E-005   1.0000000000000001E-005   1.0000000000000001E-005   1.0000000000000001E-005   1.0000000000000001E-005   1.0000000000000001E-005   1.0000000000000001E-005   1.0000000000000001E-005   1.0000000000000001E-005   1.2194685390932947E-005   2.3174746835760490E-005   8.0456577935073947E-005   5.3766633857707145E-004   4.3222226308324511E-003   3.5303998532292172E-002  0.26462994368746229     
  0.96151789729195758       0.98682661264581584       0.98815084445727497       0.98844977142166712       0.99047117112928285       0.99470326560761280       0.99424373480476069       0.97465113549401061       0.82622594065002752       0.10787242461265065        1.1192620534862849E-002   2.2398525657296663E-003   1.1135013615043453E-002  0.10726724184929599       0.82323451021427196       0.97439307705366041       0.98904238734587357       0.94151931344413875       0.54364175693707195        6.3725416628711118E-002   9.5710494287968868E-003   2.7052318146374783E-002  0.20155708216197391       0.77254319304681573       0.92308094772297411       0.90672547280110383       0.72912935218693598       0.17373234503768653        2.2799937654302601E-002   3.7974597276313801E-003   1.1652056374091531E-002  0.11094053931200276       0.84306601439900208       0.98084718630862699       0.99767109431966727       0.99923209456705742       0.99573491484890753       0.96605259283752154       0.77670329925064485       0.62756214271745758       0.92301734021439474       0.98828568682600260       0.99792128782502332       0.99646883980881140       0.97969232605983447       0.91315103665218667       0.86656234424415646       0.85557841664944578       0.87845781325325833       0.91769662073138170       0.97563161102957341       0.99448554261768984       0.99871416528781154       0.99953751365232568       0.99965675804071819       0.99964187432076423       0.99971726875328415       0.99977270541621077       0.99917741904172286       0.99244135195983274       0.92655548262992427       0.39002233086833504       0.13857985148087509       0.31770764527724127       0.91480157094002790       0.99100563639041395       0.99903459036559827       0.99986053243903716       0.99968777693239097       0.99731161196486462       0.97683995017421976       0.82102800530188524       0.24421690791943723        4.5868730009998443E-002   1.0490588825290038E-002   1.3964787630452443E-002   3.6703847347717283E-002  0.11249667072196752       0.25559039713437043       0.69349609971217285       0.76790370650018902       0.50007482659511515       0.11315866729576930        1.5839292479306707E-002   2.9469731736774720E-003   1.0370225643958829E-002  0.10092046428025749       0.80315006373072750       0.97011045705546639       0.99093357442665564       0.98927817237442894       0.98748415462494243       0.98726033834583560       0.98739857988976387       0.98784075431251739       0.98932389974232149       0.99310605438854149       0.99719410244172557       0.99622632203231121       0.97313570953823159       0.78771196914007624       0.13792460232142206        1.6852345399712025E-002   1.9774625250582527E-003   3.3513909823266368E-004   3.7498996958666204E-004   8.0429387480266204E-004   9.5001763820644293E-004   6.9853357983476125E-004   2.5406068872393402E-004   6.3297395501398369E-005   1.3946383574626316E-005   1.0000000000000001E-005   1.0000000000000001E-005   1.0000000000000001E-005   1.0000000000000001E-005   1.0000000000000001E-005   1.0000000000000001E-005   1.0000000000000001E-005   1.0000000000000001E-005   1.0000000000000001E-005   1.0000000000000001E-005   2.0871644135529682E-005   1.6283804704807979E-004   1.3890560728321024E-003   1.2027454626521127E-002  0.10421369067917577       0.73954090371569647     
  0.94172143145112364       0.90794605706288578       0.88817766987028057       0.88721096064601701       0.90553852280267422       0.95270456815004267       0.96306094619829496       0.90006101538028493       0.58270069705102989        6.9769175032281180E-002   7.3260899758544181E-003   2.2026451992593677E-003   1.3668096610285136E-002  0.12517197627181545       0.87217848628052130       0.98479881130948155       0.98856389586596605       0.90391743442506045       0.22887754002908797        2.9138373264990199E-002   1.1724148879991309E-002   8.4206083167337353E-002  0.69491711860613814       0.94900571093264630       0.98812775862041724       0.98587031057445329       0.93853040801879395       0.64870186997514401        7.7347145981947682E-002   9.1143046994854020E-003   1.3434355501568473E-002  0.12081898433526167       0.87323578502778132       0.98632685955406252       0.99853014602974077       0.99968682412861942       0.99886798313617553       0.99306219255888373       0.96782828377000019       0.95200054396979295       0.98587205278101164       0.99716229978439386       0.99943641940675421       0.99939243928833610       0.99729568493806298       0.99043574540738077       0.98451595421332205       0.98308153616029714       0.98661196387449790       0.99139702744896396       0.99704616547128166       0.99899917069067690       0.99913708632332110       0.99903816444902960       0.99923512212891874       0.99965983441687034       0.99986983738768509       0.99990093817443682       0.99947427836920122       0.99532633189535147       0.95896306049876467       0.68986082709350049       0.32192476414161447       0.50341998914758157       0.93691784967941938       0.99306397006705582       0.99922428207966874       0.99983421494874269       0.99920763982351213       0.99214275193820989       0.92208442400185819       0.34641818479743164        5.8941604530005430E-002   1.3821561763030826E-002   2.7846429804880633E-002  0.10807938988502983       0.27348565234679373       0.75431929322225977       0.89233367887087678       0.95967756819317851       0.96652864251630410       0.89408399781845482       0.50444922461880570        6.0789610748032637E-002   7.2393355820497413E-003   9.5569126446548424E-003   8.8009697840022119E-002  0.72035469694500087       0.93789211395467453       0.95464322410589897       0.90886013813740851       0.88659064628548367       0.88028271413601000       0.87945211934244538       0.88226879611740050       0.89479860215303886       0.93275575985832437       0.97822122687438240       0.99240407671056197       0.98630847614720196       0.90153518662044896       0.30638883950154422        3.7921520972149000E-002   4.3833402497946306E-003   1.3862775882269222E-003   3.2181331402790225E-003   8.1316614486449754E-003   9.6910661663598806E-003   6.9835018696069078E-003   2.2045023507636240E-003   4.6789347938588715E-004   8.1362218478055035E-005   1.3840299402350033E-005   1.0000000000000001E-005   1.0000000000000001E-005   1.0000000000000001E-005   1.0000000000000001E-005   1.0000000000000001E-005   1.0000000000000001E-005   1.0000000000000001E-005   1.0000000000000001E-005   1.0000000000000001E-005   3.1724692694374926E-005   2.6957311365965276E-004   2.2936157745020677E-003   1.9132444689684145E-002  0.15235659329093251       0.83059394326077485     
  0.64875927423883761       0.26165584950532833       0.15099974938793850       0.14633778970281136       0.23572371574392351       0.61738494608642014       0.73262585041271511       0.46952014338167808       0.12037841462923368        1.7269639873629821E-002   2.5056149434531890E-003   2.9661669352629852E-003   2.1057329857953739E-002  0.16437318897180089       0.88970991159698976       0.98736533879610644       0.98688573778365540       0.88464600343483657       0.14169650856430019        1.7212323565338920E-002   1.2913443645500070E-002  0.10927813150855117       0.83878635072317409       0.97943285782704970       0.99664258047753884       0.99629655772543169       0.97742606402273791       0.82860107012028295       0.10674999727603689        1.2333628503269243E-002   1.5134007740825349E-002  0.12920043054156014       0.88068430017912736       0.98760207326165061       0.99873719613920153       0.99983648779714640       0.99977356238636050       0.99891988719042601       0.99610706026532370       0.99469268623702234       0.99796317760167852       0.99948806461645678       0.99988315795066707       0.99990324787298723       0.99965404714818662       0.99893388878478784       0.99822494654339999       0.99805478105409440       0.99850184370773776       0.99894916728034078       0.99900906015016022       0.99739699026437445       0.99297817936933097       0.99063942498729163       0.99257157158430698       0.99725102719140057       0.99921354246472238       0.99975994665476575       0.99978237279280791       0.99879128524530592       0.99196559097289350       0.95812183687937114       0.91730622661980565       0.93813456348775437       0.98805517243122543       0.99820480272506185       0.99973943448654901       0.99985663739488251       0.99889427122656449       0.98892466166998649       0.89111749399094209       0.16399476831350279        2.4171229964735558E-002   2.7437306047475019E-002  0.17997338309560390       0.71176652681093189       0.88969215088471565       0.96707060220831320       0.98754544453706139       0.99509209304205659       0.99438876425430678       0.97250253090472960       0.80905115761690449       0.10358316916167980        1.0957400930571745E-002   4.7209690926372175E-003   3.0658645273384438E-002  0.22100679535609552       0.66562598932210904       0.65298948207041818       0.25773225130721378       0.14641170559787145       0.12632658673238031       0.12418986423744426       0.13179622373662322       0.18065997645288556       0.43164498121681649       0.82741882238660158       0.94840982477094715       0.96577550204668772       0.88207308632366099       0.31269184559492830        3.9094503320522875E-002   5.7408620220861144E-003   7.8128445509874390E-003   2.7716095718647700E-002   8.1318392472740558E-002   9.7110135604470099E-002   6.8803178125263278E-002   1.8126920455840172E-002   3.1488026931383159E-003   4.6145436625578414E-004   6.1954980065849152E-005   1.0000000000000001E-005   1.0000000000000001E-005   1.0000000000000001E-005   1.0000000000000001E-005   1.0619202207571956E-005   1.0980445968607963E-005   1.0000000000000001E-005   1.0000000000000001E-005   1.0000000000000001E-005   2.7212934435669450E-005   2.1912915883173429E-004   1.7524344567970253E-003   1.3615038427827764E-002  0.10200616384445854       0.60622998501666669     
   7.6494746879836498E-002   3.2479352994201252E-002   1.7543672890665638E-002   1.6817575402309604E-002   2.9050170195931709E-002   7.2018468092020616E-002   8.7767761877062020E-002   5.6004155941394476E-002   1.6071936809091102E-002   3.1253773925150660E-003   1.7959424030673978E-003   9.2403112021708055E-003   6.1253472809288070E-002  0.36339536996509886       0.92389607532457307       0.99081061325837649       0.98577375897868547       0.87512527846649346       0.12349559882133911        1.4207827355079979E-002   1.2200937524672701E-002  0.10659059117313206       0.82675530141415421       0.97616685464035868       0.99530977875686677       0.99524698325477756       0.97575747336031438       0.82457702523457310       0.10613487715993565        1.3007847580649504E-002   2.0682562480857938E-002  0.16482095609340586       0.89146997807830630       0.98896874343478791       0.99890167369431937       0.99988405359043486       0.99995453593791817       0.99985153678739946       0.99955728898137297       0.99943204166194732       0.99973619806658831       0.99992083393129005       0.99997889267599116       0.99998464258586983       0.99995588526628121       0.99987644476701920       0.99978390872575240       0.99972108568387563       0.99958619502165025       0.99879957891568716       0.99484057479388155       0.97817681899956155       0.93046562384896958       0.90580714194169376       0.92578839088374421       0.97604126854500695       0.99378723650690148       0.99826020571461693       0.99951016210053634       0.99967087104486019       0.99877275961281764       0.99518909446146708       0.99156054861245246       0.99342163007805429       0.99826911969268739       0.99966255977699070       0.99993038233901899       0.99987169351184113       0.99880737390145191       0.98810034553104242       0.88418457718449361       0.13826452779461407        2.6674390210296207E-002   9.1227175397814636E-002  0.68847071525836490       0.94132146120803495       0.98502993708249909       0.99583786192972290       0.99854951973295158       0.99930127077282938       0.99810379861038567       0.98492480763978496       0.86667564774803985       0.11740828661063743        1.2235375471024053E-002   2.0911774320213380E-003   5.8003417464254992E-003   2.9741183539775132E-002   7.8929664277900796E-002   7.6601164500496838E-002   3.1899657754440036E-002   1.6763313054052115E-002   1.3510005353546352E-002   1.3141338702565954E-002   1.4517534868990902E-002   2.2741674164149430E-002   6.2964822024777878E-002  0.20213839795209529       0.65131511081721416       0.78585081917472799       0.61093318057367685       0.11150179568150903        1.5837155717871143E-002   1.0407848990536706E-002   5.3307189187476726E-002  0.21547144222878722       0.68326710494676879       0.78570426423689732       0.58138952781327180       0.13075857611541361        1.7656596671220253E-002   2.1238763516003211E-003   2.4356907490442144E-004   2.8348240849817721E-005   1.0000000000000001E-005   1.9263924819554917E-005   5.4337849002805679E-005   9.3609968212745781E-005   9.8588514984412074E-005   6.7385128747218161E-005   2.5585818653629847E-005   1.0000000000000001E-005   1.2884778795694420E-005   8.1988382871814089E-005   5.5505903215952970E-004   3.4378783457257151E-003   1.8543120247375248E-002   7.3155244051655272E-002
   7.6729044287444726E-003   3.6277358354858276E-003   1.9822541875245980E-003   1.9303401478450253E-003   3.3374561671497133E-003   7.3070293808143536E-003   8.7998118757550998E-003   5.8868973839006702E-003   2.0509808919868398E-003   1.1714018828436212E-003   5.5569724922347290E-003   3.9231392749119375E-002  0.25105489435568967       0.82730449945182194       0.97721255368352333       0.99488007538106416       0.98088707887854887       0.84835788806659407       0.11286755582267276        1.2392983741860996E-002   8.7212565569662545E-003   7.4258530624677271E-002  0.62267309032118390       0.92310918558116639       0.97558026251914409       0.97554230890147853       0.92291369829113556       0.62232788831847541        7.4712265808211165E-002   1.2262658105164262E-002   4.2917327525457509E-002  0.34141567538825579       0.92188039410569911       0.99214511440126807       0.99921702357341746       0.99991945148223882       0.99998592016191967       0.99997963237233711       0.99995077234557439       0.99993969389192372       0.99996733321773779       0.99998765719325422       0.99999000000000005       0.99999000000000005       0.99999000000000005       0.99997167973215784       0.99989601763447489       0.99956841452823164       0.99817888962299950       0.99237097693761389       0.96311366594991599       0.82868553976254256       0.40707619695199504       0.22830456581897046       0.36832927076617278       0.81172288725511865       0.95350402665970591       0.98625348479989805       0.99645617963389177       0.99917996709981916       0.99968189400067797       0.99944211476780354       0.99914315712694146       0.99931229930175025       0.99977296477944555       0.99994411945452422       0.99997717448103296       0.99988762437313072       0.99890203834130531       0.98903273092352617       0.89275318500432432       0.17709158728423649        5.2666859998655620E-002  0.16471164658898690       0.86191614417894269       0.98207869146987403       0.99712641596531248       0.99938994835430139       0.99980811361486466       0.99978747441587246       0.99853051605594478       0.98629152846360069       0.87277642453922355       0.11943879708832185        1.2400419000997098E-002   1.4252880322019503E-003   1.0419932339721058E-003   3.6817172472556280E-003   8.1128591387425418E-003   7.7556937417594908E-003   3.5832971820269986E-003   1.8515405370048393E-003   1.4123776051793004E-003   1.3592956816799635E-003   1.5684066983715969E-003   2.7180931154377795E-003   7.8126880027717706E-003   2.5546446257024784E-002   7.6842379845600911E-002   9.7202239098158311E-002   7.2938796446071319E-002   1.7859952843053247E-002   7.4953184123244150E-003   4.0225817170400149E-002  0.30766566298247777       0.81452961592763629       0.95139563377479108       0.96846961944333043       0.90730249834569776       0.53621910518341065        6.3230235345540453E-002   6.4479169302216989E-003   6.4799307982832193E-004   7.0460067404511605E-005   3.7962948699753732E-005   1.4611292461947663E-004   4.9957287300996520E-004   9.3313603123926084E-004   9.8869630622516812E-004   6.5469352268467346E-004   2.1235774626881759E-004   5.1460788934948957E-005   1.4093899547164091E-005   2.3406085234368221E-005   1.2384217813454405E-004   6.2915365467938625E-004   2.6195205148128943E-003   7.5158259229111454E-003
   7.7476394617837950E-004   4.5513301496057014E-004   4.6667231019054784E-004   9.0058284078348659E-004   1.4005824822461855E-003   1.8489325794807455E-003   1.8275803354564266E-003   1.1662172525588278E-003   6.8585744500982229E-004   2.2364065869677052E-003   1.7496656128244449E-002  0.13762619853711255       0.77206843170607364       0.96159944550238685       0.99221495707308593       0.98996753881756705       0.94849998554645609       0.69767069122258984        8.4498927084475678E-002   8.8234034059108679E-003   3.2661489641505306E-003   2.0178226628474308E-002  0.14884350522482728       0.62363912682339162       0.82405224024599222       0.82385432520324575       0.62258336672266179       0.14880834898170747        2.1054552890625251E-002   1.1465341886058612E-002   8.9972826013409779E-002  0.73949649909910087       0.96741373318072355       0.99629534152885080       0.99957363887356943       0.99994034969905210       0.99998206631258491       0.99998778162032520       0.99998968582246939       0.99999000000000005       0.99999000000000005       0.99999000000000005       0.99999000000000005       0.99999000000000005       0.99998619874342698       0.99991432594918761       0.99947135906502971       0.99710099606086700       0.98684312007883701       0.95026030034093267       0.77552153341608909       0.23395756121030334        6.3896550434572291E-002   3.0880894666303966E-002   5.6412996284241464E-002  0.20475566999091024       0.70504460664265900       0.89188975596321807       0.97286505734127693       0.99439797962670839       0.99893175012063751       0.99976155206457273       0.99988390369492741       0.99992305700985251       0.99996917476341152       0.99998651061117283       0.99998338310971102       0.99991736717695034       0.99924819732822812       0.99268923149800747       0.92992238257714721       0.42985793362522956       0.22390499252116117       0.43441878550116014       0.92713294342556685       0.99186331926234939       0.99903194639812298       0.99986018840226065       0.99995128320936477       0.99979290700391454       0.99816284561635427       0.98328864358118884       0.85390779613527590       0.11364769934069335        1.1681439943120087E-002   1.2940340825387110E-003   6.6775513816748051E-004   1.7471041006576701E-003   2.4819489991046917E-003   1.7834789853708711E-003   6.8394659949376241E-004   2.6458324744325863E-004   1.5895842349209689E-004   1.4290882839492050E-004   1.7119873820312207E-004   3.2209074217348052E-004   9.3298148227098285E-004   2.9050603122240974E-003   7.6853068766143517E-003   9.7129704805562125E-003   7.4901611834172844E-003   3.1727349533835713E-003   9.8714878882010769E-003   9.3084720883788552E-002  0.75340690417937062       0.95906685194094610       0.99140153071152326       0.99231144395366633       0.96101274550012072       0.73191711935386128        8.7772950684916987E-002   8.7111486361828583E-003   8.5600359110173975E-004   1.1458373546353545E-004   2.0816242281667213E-004   1.1003104800303371E-003   4.5510754334504083E-003   9.3605734435523464E-003   9.9701834546066098E-003   6.3856628223100103E-003   1.7530877158233120E-003   3.6695335527601970E-004   7.3069237656044192E-005   1.9650339317789039E-005   2.6182363046403589E-005   9.9074564612683600E-005   3.3550024450394744E-004   7.6624018624812051E-004
   1.5766149100710053E-004   5.0937126723083869E-004   2.2117985762906689E-003   6.9227107071830919E-003   1.0628094736880669E-002   1.1503810712114922E-002   9.8849130494934618E-003   5.2705170750846110E-003   2.2752867728501967E-003   3.7601996615549390E-003   2.7760118138385668E-002  0.21593558275554375       0.85935841983112071       0.96899085757711267       0.97773738847508729       0.94491457652432098       0.76667295604900032       0.19723086325953104        2.5852471199126623E-002   3.0852618058938492E-003   8.5083069281538428E-004   3.5340440558084517E-003   2.0094294181240882E-002   7.4156020363511113E-002  0.10555407579536226       0.10551321957091508        7.4032648759785089E-002   2.0172575781913581E-002   4.4744015168056584E-003   1.0292897416804933E-002   9.7774896162806185E-002  0.78891573444453333       0.97209140373586644       0.99629368054687495       0.99938830622676222       0.99980454343720848       0.99987165448681548       0.99990591525755634       0.99995476792170701       0.99998456981198158       0.99999000000000005       0.99999000000000005       0.99999000000000005       0.99999000000000005       0.99994160862131665       0.99955430077532448       0.99681337863145181       0.97980876832824071       0.90158192967164186       0.70899503172702172       0.19474626201325343        3.9960604393271780E-002   9.2574223537126472E-003   4.0895690302012039E-003   7.6126296401453769E-003   2.8627339037008707E-002  0.10943088795904619       0.30033309607638858       0.80875892751698086       0.96255684167310351       0.99342023919014477       0.99894193708245904       0.99983340408795141       0.99996630607986314       0.99997874174012880       0.99995621086345809       0.99992823971005995       0.99991641962044830       0.99973958269168606       0.99813335020481986       0.98680491600964815       0.92820056314318888       0.89686096611258281       0.92911162534684422       0.98671037251790883       0.99807444551039037       0.99974131662758225       0.99996040119076379       0.99995218945807285       0.99960177586769750       0.99632704413196616       0.96700934767206148       0.73496430985646044        8.9842300332692568E-002   9.1444110653358286E-003   1.4334838347071935E-003   2.9202703461023334E-003   1.0958308062107933E-002   1.4410136483237664E-002   8.9335984732769880E-003   2.2073758536980547E-003   4.1129515723870372E-004   7.5841817453540508E-005   2.3376964327215287E-005   2.0300532329829707E-005   3.8500940474628392E-005   1.0905389240031195E-004   3.1925029984937133E-004   7.5955581825646560E-004   9.6144571840388630E-004   8.4200627405347118E-004   1.3026420463902800E-003   1.0554080365580564E-002  0.10406332064325689       0.81804085687768846       0.97377275455485202       0.99310287666094577       0.98617469502347077       0.92394304349259060       0.53010937515409129        6.2296254790597402E-002   6.3497660618019938E-003   6.5483474528564231E-004   2.0915405460801556E-004   1.1074902909905414E-003   7.4704777243037070E-003   3.9960178181903262E-002   9.2611187962070782E-002   9.8924081229360208E-002   6.1263255033773840E-002   1.3472681161391381E-002   2.4286645100682364E-003   4.5994149349084731E-004   1.0225053456042437E-004   2.8810820710069509E-005   2.0178221208905715E-005   4.3687919582170486E-005   9.0942821677527570E-005
   4.8016460625088775E-004   3.2086537696809528E-003   1.8231923790789552E-002   6.7467897501567786E-002  0.10467016417998545       0.11227301400832371        9.7097904743631197E-002   4.8092870571828601E-002   1.6504762279880150E-002   5.9983443570497709E-003   1.4879859704075725E-002  0.10819676323779313       0.65500982756169679       0.83552547891621565       0.83528972349963093       0.66829254301657748       0.18736269054165519        3.5910285525424641E-002   5.4290228020822577E-003   7.5114844357518438E-004   1.8272912568780477E-004   5.2204704796851326E-004   2.4020707399857845E-003   7.5026216385341987E-003   1.0658194517716451E-002   1.0654233765876844E-002   7.4968761527894308E-003   2.4663792708047314E-003   1.1805327859211888E-003   6.7397044726580663E-003   6.5314448840025824E-002  0.55399338591675040       0.92766568404736993       0.98769538543686219       0.99694965326992302       0.99845104291324016       0.99877461361075137       0.99907659792414116       0.99960428895379894       0.99989062311781074       0.99997556242006302       0.99999000000000005       0.99999000000000005       0.99997418944814442       0.99977660277355929       0.99804842045827513       0.98359800137289122       0.87421844892508083       0.36680795291705515       0.11918705565303367        2.8514281706309298E-002   6.1413243270975575E-003   1.9737931936174877E-003   1.4287294538792596E-003   1.7063092552487169E-003   4.0297734284561425E-003   1.4448676688964475E-002   5.1583960551964285E-002  0.23174089991876212       0.78721983943499918       0.96206815736912388       0.99445043331955618       0.99924713382727592       0.99987664934630405       0.99987139145195791       0.99961748623369118       0.99931920330262380       0.99945346598987239       0.99972679762476380       0.99958656697237280       0.99802461241317164       0.99210753080989689       0.98875429123561531       0.99223878253180053       0.99805769296015723       0.99964606284255408       0.99994335162847547       0.99998317425492322       0.99991322005942418       0.99914046456947159       0.99133055755243737       0.91365415307801157       0.28516109922988603        3.5639265427509198E-002   4.2806225236461173E-003   2.8338622206757784E-003   1.6815812251105722E-002   9.0265443056203529E-002  0.12124350478126913        7.7560173022490006E-002   1.4486019501513802E-002   2.0946256440245135E-003   2.7595913203675245E-004   3.6114791000770601E-005   1.0000000000000001E-005   1.0000000000000001E-005   1.3722183555574142E-005   3.5097594463603342E-005   7.5991296839770169E-005   1.0116756307293617E-004   1.5169534295072899E-004   8.1002796396727715E-004   7.8391981739595867E-003   7.7623968827514184E-002  0.65051202636484340       0.92484182266727599       0.96534686674388115       0.92643932335439805       0.72436058987004148       0.15211882611140384        1.9428457495555870E-002   2.2629470725366524E-003   3.0689366681740048E-004   5.3056726748629821E-004   4.5866596339655692E-003   4.0162784105848080E-002  0.30435359512939897       0.75012241240782795       0.78994947456527564       0.50814422853408925        8.7685627724726017E-002   1.4118974600802255E-002   2.8314395058071473E-003   6.9843571891448878E-004   1.8434964771986130E-004   4.5462238495399021E-005   2.1334267586140406E-005   7.2904058524260340E-005
   2.2464631092194631E-003   1.8555185383658652E-002  0.13525170919752946       0.56736531108914157       0.81790061528116287       0.85201358750206158       0.77780176347419261       0.39240364591423993       0.13215745655484348        3.2972147668250684E-002   1.0855967857117925E-002   2.0911118082016938E-002   8.2136694389427806E-002  0.11105535222757705       0.10975958040456822        8.0322047393714596E-002   2.4377826982743635E-002   5.2892406741210001E-003   9.3559476868300526E-004   1.4873917103878090E-004   3.4960632205607862E-005   7.0881928232861547E-005   2.7386312524361941E-004   7.4882572925245297E-004   1.0530780668052562E-003   1.0528946173821935E-003   7.5067308515738113E-004   3.0155139011352910E-004   3.2628437480273223E-004   2.3202077538626454E-003   1.9870218839335391E-002  0.15538086936862039       0.72913244643244324       0.93396270336697795       0.97793309634656300       0.98593639222557439       0.98800074940389759       0.99085064782942811       0.99660129320846524       0.99921584387312934       0.99985632490382248       0.99997595590232069       0.99998970092355799       0.99993713020372377       0.99939054333991062       0.99406756719656841       0.94333113071056907       0.52857312207166607        9.3552154983518432E-002   1.9012010909110609E-002   4.4126204196448301E-003   2.4984177784190542E-003   6.4984926075072310E-003   9.1162805746242623E-003   7.1819571789526635E-003   3.2097753305451787E-003   3.3609362447940502E-003   9.5063427017841214E-003   4.4380090831517956E-002  0.22925093205858285       0.80773047364140449       0.97487387246314794       0.99701470210274146       0.99949579625609541       0.99910468218979787       0.99662575510516738       0.99321744688412905       0.99477700599872343       0.99807798211715104       0.99948599612674338       0.99964100656539367       0.99910086463536629       0.99875085055300794       0.99913421725607532       0.99973497776520814       0.99994185339682140       0.99998769430250467       0.99998659769108933       0.99988583858820013       0.99886444423890797       0.98862439420200143       0.88846756023768236       0.15225107816667446        1.7799596758045745E-002   2.8150414603955462E-003   8.3773156596864563E-003   7.8774747488503508E-002  0.63942820225163433       0.80310021730733083       0.59143254094573616        7.7899456942533973E-002   8.6866887473194335E-003   9.5986539937271411E-004   1.0676971142493633E-004   1.3127954729155051E-005   1.0000000000000001E-005   1.0000000000000001E-005   1.0000000000000001E-005   1.0000000000000001E-005   1.3558510320356458E-005   3.9888609293194398E-005   2.9407321743564702E-004   2.5442056065464250E-003   2.1179420105444484E-002  0.15508935142981772       0.61448742007617674       0.75943495631922864       0.55127587821962398       0.15505107685298436        2.8181219818148664E-002   4.1594488999826687E-003   5.6658567292256119E-004   1.6641531464020972E-004   9.7040069193178753E-004   9.6410191690342387E-003   9.5033983297212979E-002  0.76141468491360276       0.95180549090799060       0.96531606069919196       0.86764456267665602       0.31577115180568516        6.8960828118377879E-002   1.8158005105298133E-002   5.1182994894461717E-003   1.3840560470404278E-003   3.0222029830161861E-004   8.3634276766284579E-005   2.6751973469178367E-004
   7.2101648936148104E-003   7.0880947996768764E-002  0.59649688144364887       0.91338117220004511       0.97474609473502127       0.98245910495817823       0.97099700595217420       0.91086867261938931       0.74293137903845174       0.21864670288963792        5.4933442655258291E-002   2.2713147037637139E-002   2.2436775084895749E-002   2.3217474874252714E-002   1.9277995436928590E-002   1.0820439851928527E-002   3.4647449732793001E-003   8.2702630096166956E-004   1.6353387707834414E-004   2.9180810019833701E-005   1.0000000000000001E-005   1.0252413595680566E-005   3.1044500668466127E-005   7.5042916898141130E-005   1.0406531151764350E-004   1.0411382960898693E-004   7.5885738534833735E-005   3.9274376593649701E-005   7.9877775547316140E-005   5.6855025752325795E-004   4.2588052359467578E-003   2.9184656001124163E-002  0.16435787327117085       0.60918547261837641       0.82915778891646297       0.87158957267013537       0.88451772339194967       0.91047488305244173       0.97241585306337042       0.99498218797711224       0.99924541407768586       0.99989622571673586       0.99997689333630468       0.99990022613018947       0.99901163642823954       0.99000039083781310       0.90063684401399691       0.20746409967593901        2.8546255430962949E-002   4.4941710397898953E-003   2.4549418171741213E-003   1.1494655357566830E-002   5.9089500559353123E-002   8.9429404827227957E-002   6.8210746117367327E-002   2.2524706199796744E-002   1.2538193637776380E-002   1.2612559410119663E-002   1.8457570268317867E-002   6.1672551233357846E-002  0.33619918887864664       0.92036859092312773       0.99174568928291795       0.99827573856385332       0.99423360931771931       0.97146469697770343       0.93314684844818918       0.95048678581153812       0.98387943012438694       0.99674345139180176       0.99942223765601179       0.99981485836459538       0.99984516915728172       0.99989854113122489       0.99996411212552627       0.99998967220873325       0.99999000000000005       0.99998474006129878       0.99987032670243958       0.99876806957935060       0.98793269984783372       0.88313410788254765       0.13324793153818068        1.4882612792983968E-002   2.6585860676353506E-003   1.0687297811596688E-002  0.10378461556103016       0.81324447955860169       0.94838741670828675       0.84408554714332629       0.15296875190353346        1.8361620226278196E-002   2.0817035095797142E-003   2.3200450620459296E-004   2.6284961795402430E-005   1.0000000000000001E-005   1.0000000000000001E-005   1.0000000000000001E-005   1.0000000000000001E-005   1.0000000000000001E-005   1.1354153804726139E-005   7.3995637984522483E-005   5.4471345395231611E-004   3.6814645102162930E-003   2.0719648492137338E-002   7.2374877411698249E-002   9.2257222310333856E-002   6.4789354830710605E-002   1.9863551798464205E-002   4.1914343763246875E-003   7.2419188192629545E-004   1.2170988198493838E-004   1.2553189346857900E-004   1.1077607810737378E-003   1.1122858157912757E-002  0.10941248610418598       0.83962923213106988       0.97744249288265694       0.99149874646548930       0.97258612394800892       0.84084948674468019       0.36545932319541513       0.13185721309329551        3.9419437988218640E-002   1.0476822557070527E-002   1.9981052554366445E-003   3.8798624902836146E-004   7.6715834007094177E-004
   1.0502450230842455E-002  0.10394398180222764       0.81668847699763647       0.97388783820927027       0.99521087986039813       0.99778270487500398       0.99641067614899015       0.98850806665295854       0.95812140223533593       0.81216655833196616       0.33836342896996369       0.16054241199961125       0.12695476210986337       0.11205543202265301        7.8102245901557982E-002   2.3472643372036278E-002   4.9993685218180043E-003   8.8687822269563322E-004   1.4151061288477030E-004   2.1699048658189406E-005   1.0000000000000001E-005   1.0000000000000001E-005   1.0000000000000001E-005   1.0000000000000001E-005   1.1321881260502722E-005   1.1325372693189638E-005   1.0000000000000001E-005   1.0000000000000001E-005   1.7845843819783899E-005   1.1313903253841046E-004   7.4291585409332734E-004   4.3706657183084866E-003   2.1249902147519484E-002   7.2293423212092769E-002  0.10782466363459199       0.12187298638568150       0.14502549389257907       0.27740920751524917       0.80884250748532693       0.97447787056275104       0.99696774628449236       0.99965293973012859       0.99994882530317197       0.99988526135524969       0.99893362661223573       0.98927528007858456       0.89373261044653796       0.17127258508958748        2.2169765012245130E-002   3.6750496423724999E-003   7.1643976983279054E-003   6.0253345814496026E-002  0.47087436922717169       0.72644611856421670       0.56274768488901961       0.16357029718345770       0.10539943271069914       0.10707763316039758        9.8632735058344981E-002   9.2601153799431263E-002  0.28139209392877418       0.91050429530052635       0.99027243411405552       0.99528825119624609       0.96935894525218469       0.78724808358285514       0.43071665829017908       0.58782612030173864       0.87481508990555701       0.97939241131339227       0.99704283968719432       0.99957737550535786       0.99992629419283430       0.99997995386350624       0.99999000000000005       0.99999000000000005       0.99999000000000005       0.99997031616271015       0.99980226243606751       0.99852604603645212       0.98748998637787888       0.88478456274643036       0.14416158349732061        1.6812587025604731E-002   2.8128806919743244E-003   9.4935902844809194E-003   9.2731025078262794E-002  0.75885677594539991       0.95927800580443046       0.91412732537978514       0.35632404674954349        4.3832046293477880E-002   4.7546567817159770E-003   5.0262575968383258E-004   5.2952947472897554E-005   1.0000000000000001E-005   1.0000000000000001E-005   1.0000000000000001E-005   1.0000000000000001E-005   1.0000000000000001E-005   1.0000000000000001E-005   1.9958088275818788E-005   1.0178001685508146E-004   5.4336224692432282E-004   2.4628129047172724E-003   7.2782119293621893E-003   9.1685024481142196E-003   6.5805673451308829E-003   2.3079070519697307E-003   5.6328685406775844E-004   1.1223626585514674E-004   2.8671431242137842E-005   9.6364207272567844E-005   9.3372196521045213E-004   9.3514454509356654E-003   9.2292007662683598E-002  0.74582402828522409       0.95198021335856065       0.98241267942944621       0.98510293635804747       0.97245234778538558       0.90881439315876644       0.77027257076988465       0.27849563570333180        7.5954027277455288E-002   1.1881302194884922E-002   1.6725153996373363E-003   1.2280030470790163E-003
   1.0463340457191373E-002  0.10318541813082585       0.81282704206320655       0.97372117024579419       0.99609081540085453       0.99924668614064838       0.99948268099567461       0.99850377546755176       0.99424235874962164       0.97584076497658800       0.92091811908128518       0.88924894786745645       0.87437410195595222       0.83663364665162820       0.64129118239152605       0.17380221289204090        3.1290634371075009E-002   4.5924946342658715E-003   6.1304753414752745E-004   7.7450434627180219E-005   1.0764117792490919E-005   1.0000000000000001E-005   1.0000000000000001E-005   1.0000000000000001E-005   1.0000000000000001E-005   1.0000000000000001E-005   1.0000000000000001E-005   1.0000000000000001E-005   1.0000000000000001E-005   2.0748943701149870E-005   1.1473608799590096E-004   5.8924260349069841E-004   2.4750436688519149E-003   7.3426006462835739E-003   1.1062155863195242E-002   1.3332530911895780E-002   2.0739066182637413E-002   7.4175141004341000E-002  0.43610122923413319       0.93393413550621873       0.99330514953496041       0.99932378265858546       0.99990350826328933       0.99985373840719671       0.99911194579726759       0.99180983552078561       0.91902302016793258       0.32267063839287247        5.3065061434195510E-002   9.1980309495892990E-003   1.0620204777130231E-002   8.5689748220284995E-002  0.66867779276831663       0.85827117340716752       0.78418360932468556       0.61549197538278122       0.71354318866590405       0.81311956009494701       0.76956609563498179       0.56141552566058150       0.73498934674625538       0.96079889814235564       0.99426311427604208       0.99036679556595630       0.91090903841192150       0.27643572211425071        7.5821739192380194E-002  0.10042914623787967       0.34411502739784394       0.89931548163411024       0.98680734099025413       0.99820997566340419       0.99974781339999241       0.99996286786936217       0.99999000000000005       0.99999000000000005       0.99997712477308598       0.99986499223344394       0.99923078263273257       0.99595748277324314       0.97905976405964212       0.87014813775647315       0.16224979892606478        2.0058833455417830E-002   2.9775427604195534E-003   6.2894829226563323E-003   5.7483682979172813E-002  0.48167183952578041       0.93456238968420668       0.96158435002689568       0.75210950651063080        9.2159506551920609E-002   9.2377796365609947E-003   9.1054549592562751E-004   8.9932937277600102E-005   1.0156921030101159E-005   1.0000000000000001E-005   1.0000000000000001E-005   1.0000000000000001E-005   1.0000000000000001E-005   2.1888449367842542E-005   4.8234421201041397E-005   8.7025065621787980E-005   1.3492190319181832E-004   3.0854456707629549E-004   7.3177620045971215E-004   8.9912627199588229E-004   6.5931905980118105E-004   2.5858730128217755E-004   7.1508493316469184E-005   1.7121755810099657E-005   1.0000000000000001E-005   5.0372877618788079E-005   4.5255361428881986E-004   4.0493354587291487E-003   3.4800225003196988E-002  0.26049978287272940       0.75297379176479418       0.86495444033504665       0.89963862501082703       0.95448980614976897       0.98078342971310617       0.96411678393250289       0.85255333354091045       0.44177006610610225        5.4196998253483397E-002   5.8720265876489952E-003   1.6299436293042454E-003
   7.0642842736952710E-003   6.8288838186062420E-002  0.57520378867729183       0.91599618889536172       0.98529791677188561       0.99765270131220896       0.99960233766132200       0.99975973916510830       0.99925500562274472       0.99721006818208013       0.99201553214389249       0.98860668781650296       0.98635563968610429       0.97913020515920968       0.93908598119198394       0.74188253151109718       0.16715304863061753        2.1485455160175127E-002   2.4891026795900418E-003   2.7759083230312169E-004   3.0987710581270311E-005   1.0000000000000001E-005   1.0000000000000001E-005   1.0000000000000001E-005   1.0000000000000001E-005   1.0000000000000001E-005   1.0000000000000001E-005   1.0000000000000001E-005   1.0000000000000001E-005   1.0000000000000001E-005   1.7581873583820072E-005   7.5416286081839720E-005   2.8189773720967306E-004   7.6803687593794961E-004   1.3259157840795849E-003   2.8562645000660739E-003   1.2502881966796452E-002   8.2430397397003377E-002  0.53958125175266780       0.94557407965782270       0.99436035045982285       0.99938866651119607       0.99976423075905307       0.99939621027045833       0.99887440158281382       0.99655989076831941       0.97485754039790029       0.80722235332595427       0.22338170408270858        3.9994063118008148E-002   1.1012848355418509E-002   3.8887756681132007E-002  0.24464874558152655       0.38953172682621728       0.19385448215893752       0.17814742809212064       0.55648543679552342       0.90942245236193420       0.96163817974662480       0.94609345391628707       0.96463790450998088       0.99237596432508768       0.99775101037332070       0.98945667552198646       0.89718758285668598       0.18825304091750425        2.9522940089722803E-002   2.2123308062087222E-002  0.11744252491123572       0.71628885321358304       0.95194196199152459       0.99250751413855676       0.99888066685044097       0.99983875848888548       0.99997508278037861       0.99998010365129131       0.99988143181369871       0.99920142701630010       0.99508852842349571       0.97406551104112071       0.89534917693838234       0.70444386951015048       0.10669963525111638        1.3166508592178139E-002   2.2481108325859071E-003   6.5294791937949319E-003   6.1269099783470116E-002  0.51770006540322122       0.94037737035918012       0.97517409909941377       0.84532224903696818       0.11027761274360551        1.1170464342602635E-002   1.1036256977781684E-003   1.0903394211092318E-004   1.2384866170954418E-005   1.0000000000000001E-005   1.2318147131824410E-005   2.5941382666536585E-005   6.8000299990580391E-005   1.8802044878644397E-004   4.3242610891286844E-004   7.3654662538020458E-004   6.4546247545656482E-004   3.0210161707412589E-004   1.5509460782788429E-004   1.1045908069818000E-004   7.2170107982104807E-005   3.0736445073868045E-005   1.0783671899283654E-005   1.0000000000000001E-005   1.0000000000000001E-005   2.1347931594173254E-005   1.3743951444648378E-004   9.7453204454990582E-004   6.5005255573949480E-003   3.5159318441288202E-002   9.5883712162488727E-002  0.13144345725806628       0.22826162060843111       0.68012272751413161       0.95592822977213276       0.98890087738217036       0.96557117855257968       0.78797301538274378        9.8796084492234704E-002   1.0029330223117057E-002   1.6884935426428466E-003
   2.2942535871959950E-003   1.8330538393180339E-002  0.13710339206151001       0.61958994731997685       0.92200117226800227       0.98845432348607076       0.99842903095651736       0.99976193846697448       0.99987296311311868       0.99967934529473890       0.99919967946492783       0.99884571077176176       0.99851019501772298       0.99714691652495935       0.98876600126460257       0.93459629762681307       0.60271794294473902        7.0901707280707049E-002   7.1407770786871124E-003   7.0945564036455219E-004   7.1119752990080642E-005   1.0000000000000001E-005   1.0000000000000001E-005   1.0000000000000001E-005   1.0000000000000001E-005   1.0000000000000001E-005   1.0000000000000001E-005   1.0000000000000001E-005   1.0000000000000001E-005   1.0000000000000001E-005   1.0000000000000001E-005   1.2869958498568775E-005   5.2940563525943375E-005   2.3415877368064504E-004   1.2079138633435357E-003   7.2758589956413260E-003   4.4023159220742215E-002  0.24795091878014544       0.85014431292296577       0.98114160051454935       0.99777870425545456       0.99950905572587301       0.99863007463840259       0.99468556247892403       0.99191583068038280       0.99416785293975574       0.99303435299576459       0.96038258816611288       0.77328502200166915       0.19911373583138031        3.0374990975304137E-002   1.1431400246206007E-002   3.3821570882404582E-002   4.7948296796745879E-002   2.6370707392296227E-002   3.4387657843114407E-002  0.16570531537519959       0.76717003997821165       0.96461890922456939       0.99023715482057661       0.99529336640131782       0.99862186545218756       0.99891983917073279       0.99217185193535362       0.92282076744229746       0.34942293137181224        5.6632729423911454E-002   1.2126862373904250E-002   3.0122009069991035E-002  0.20054644999992124       0.78126359525113054       0.96223927977959411       0.99448249138899425       0.99924717839997046       0.99989297999880289       0.99991632744259684       0.99942782020875731       0.99564126665446850       0.96922382949323604       0.81675497906047312       0.30912863148052760       0.11368784102718683        2.1590015211374759E-002   3.5129526121636693E-003   1.4224466545041639E-003   9.3920415269011862E-003   9.3516130628058858E-002  0.76600222671258777       0.96599419004115328       0.97241774378640533       0.82558304459166787       0.10604589778280511        1.0716232656251653E-002   1.0590093812922836E-003   1.0640777425454581E-004   1.9469885408514474E-005   3.5656282022587194E-005   1.0015348025614768E-004   2.1788552090504278E-004   5.7832902637965468E-004   1.6724266357787316E-003   4.0341759290887487E-003   7.4587897005716905E-003   6.3801047412681642E-003   2.4431779506338845E-003   6.8886424523495829E-004   1.8628061300358207E-004   5.6732088723476596E-005   2.3955096146376715E-005   1.6237205941664998E-005   1.6632760343907298E-005   2.3765673996293964E-005   4.8835521572636557E-005   1.1596064000719528E-004   2.9228378843389646E-004   1.0994925247322616E-003   4.2788400788859125E-003   1.0245410760781335E-002   1.6267692208847877E-002   4.3859416770400998E-002  0.23101942661968713       0.90097964917070605       0.98661869466651098       0.97622862730456483       0.82393813178116515       0.10511802557501623        1.0612587216367526E-002   1.2946534074643205E-003
   5.8362359585435080E-004   3.7223598610805538E-003   2.4971131914046093E-002  0.14338273358895118       0.64124505733877279       0.95109937829415225       0.99391435948354667       0.99913757983270091       0.99978788173634814       0.99988392562477435       0.99989409431276743       0.99987382525891932       0.99981078461245243       0.99941205132546240       0.99641411385244816       0.97282017677500521       0.79355347014987720        9.8300422252681846E-002   9.7962205896221267E-003   9.5944163875627769E-004   9.7924173734501835E-005   1.8077172273948396E-005   1.2661218163752036E-005   1.1009165199857968E-005   1.0000000000000001E-005   1.0000000000000001E-005   1.0000000000000001E-005   1.0000000000000001E-005   1.0000000000000001E-005   1.0000000000000001E-005   1.0000000000000001E-005   1.5137334543972275E-005   1.0499059897028737E-004   7.7907459725650417E-004   5.6411677723784883E-003   3.8175709657139310E-002  0.21781331820229460       0.78875168040194221       0.96636994730167769       0.99535678072859124       0.99922564208144105       0.99856030440042576       0.99065901650853005       0.95127617831276812       0.92099434596292984       0.95359879190938612       0.98971638261646511       0.99085950437156789       0.95130700493901343       0.72102197253223888       0.11812490569099821        1.6781629318464435E-002   6.0647949748709540E-003   5.5007492331975820E-003   3.4905927499232800E-003   6.8980648429778045E-003   4.1189983629140760E-002  0.26879963515798178       0.88740627628459012       0.98408694206029512       0.99648321885507796       0.99848322855724947       0.99889861421826176       0.99697385836465724       0.97605718876266245       0.81392024959114551       0.21940045776791695        3.4011220496891710E-002   1.0653628995815040E-002   4.1453109320497783E-002  0.23379424769442789       0.81061976442882311       0.97412504208855832       0.99679529047636317       0.99958693098810336       0.99970387126086901       0.99775766918514974       0.98068017227774085       0.84757244075416538       0.26043408810612773        5.5555110468317424E-002   1.5269298129629615E-002   3.4259737746479076E-003   7.5113815427653061E-004   1.0400601187262625E-003   9.3680527362582627E-003   9.3033478702179373E-002  0.75549132032974087       0.94255358828002367       0.91756646153620069       0.61912536832961540        7.3664728405141669E-002   7.4603531022252026E-003   7.4713967740871990E-004   8.7542704975597426E-005   7.4031738581940748E-005   2.8465513624134517E-004   9.1753964743787467E-004   1.8857977641755250E-003   4.8698852033628483E-003   1.4664293683728161E-002   3.6590968249732285E-002   7.4839221508913353E-002   6.3024459475271244E-002   2.1205371140256044E-002   5.3519133554804348E-003   1.3624186853171438E-003   3.9675113414910240E-004   1.8363691117291020E-004   1.4345144096815612E-004   1.4950676837789721E-004   2.0917408165513766E-004   4.2144545887062254E-004   8.9214325393611430E-004   1.1884195438147270E-003   1.3967647523808004E-003   1.8028324090439017E-003   2.6566677752490730E-003   5.3900958418890369E-003   2.4382611210877814E-002  0.16897634862885014       0.88864614756838178       0.98212959007793643       0.95109928677123856       0.66403489959869355        7.8822499136244284E-002   7.9078737098321680E-003   8.4672055694566301E-004
   1.4068597582639044E-004   7.3257557641672496E-004   4.8398605487647711E-003   3.1483447982187086E-002  0.20363175272040332       0.86426934961617807       0.98085555132952273       0.99633822244631165       0.99858067024249819       0.99926673847601677       0.99978275690334328       0.99993918240283208       0.99993071194275007       0.99954632924814113       0.99601429945755615       0.96461680726846610       0.71659273319930128        8.5856969775206959E-002   8.5646278989794829E-003   8.5684894517868305E-004   1.2199182514409717E-004   9.3111296506668214E-005   1.0885211464812572E-004   9.6610876352329448E-005   5.7805887257719132E-005   2.8801905600468060E-005   1.6659420145792619E-005   1.1293356519804047E-005   1.0000000000000001E-005   1.0000000000000001E-005   1.0000000000000001E-005   5.2028703553188965E-005   4.1139520886589599E-004   3.3528995715732994E-003   2.6763574891619735E-002  0.19333039582633588       0.77122352021934149       0.95876039369396637       0.99344809012949642       0.99896765121830022       0.99925982331709551       0.99434606473142462       0.94925049601046352       0.61108654426464704       0.33882953928556836       0.63355870067439368       0.94926118360571488       0.99221854326437409       0.98615037333184530       0.89961109045539134       0.33383367611256626        5.6100031520638041E-002   9.1708787105368554E-003   1.9489361839626640E-003   7.3229601022730057E-004   1.7982725361086382E-003   1.3083598589267042E-002  0.10595014091531227       0.70776105642181553       0.93997324910809010       0.98048071306401907       0.98800826526944208       0.99254867463016161       0.99697631788740981       0.99378889746415122       0.95832670004787968       0.74482569135197496       0.13830615948103334        1.9273605122122978E-002   1.0562452570398695E-002   5.2755606217657992E-002  0.30639233233392760       0.90487388520040735       0.98924645253000065       0.99873323791666657       0.99922669876015169       0.99366213028455974       0.93833006458813550       0.47802425775237956        7.4714297205269051E-002   1.1582269786712267E-002   2.3719271042090197E-003   5.4487283250608139E-004   1.8232292933557188E-004   5.8928344413374867E-004   5.2366720770026061E-003   4.7217297268908755E-002  0.36591230813006592       0.71978252888172323       0.60336748957034292       0.14742420425310057        2.0038092593835145E-002   2.4032433137179576E-003   2.8591320128465599E-004   1.0751090966345900E-004   4.5179855699190545E-004   2.2512378359928103E-003   8.5322203703379739E-003   1.6372042032404412E-002   4.0049844610266123E-002  0.12335925278317607       0.29517866301660406       0.64002546130709104       0.54004360443547561       0.16773325521828522        3.9478795021255529E-002   1.0315306506481447E-002   3.1631114939686565E-003   1.6428163910910932E-003   1.3725056140114738E-003   1.4239799939514425E-003   1.9118958572435984E-003   3.8943390973216496E-003   8.9406577863424038E-003   1.1603780157670565E-002   1.2509478596074517E-002   1.2952602383719746E-002   1.4219821458722784E-002   2.1679469235753479E-002   6.8044571022094991E-002  0.32280818805852285       0.91413922045979523       0.97192136938437090       0.84788972244748084       0.21064540782257171        2.6488608662574291E-002   2.9990579129882001E-003   3.4258973326707377E-004
   3.7273970634176943E-005   1.7523494605388868E-004   1.3048462405561563E-003   1.0394302478501724E-002   8.7420461529327489E-002  0.64294881433977158       0.92430017701845180       0.97770947002820996       0.98770165287642742       0.99317208775360277       0.99836882194721555       0.99970192485498222       0.99987541150954484       0.99919419549221511       0.99188283546024003       0.91847867290327945       0.31181868133518215        3.8882757702292346E-002   4.3938287374749429E-003   6.0786696697368828E-004   4.0873939221679830E-004   8.4914503539311491E-004   1.0777089166939939E-003   9.6164627353995699E-004   5.4738273191129428E-004   2.5722603542573271E-004   1.4796353574323651E-004   9.6838426506961364E-005   4.9351286484992835E-005   2.8130525343961865E-005   3.8184129504628754E-005   1.8413042569528738E-004   1.4239634847745852E-003   1.2017762243907149E-002  0.10187782211234432       0.70124361908502353       0.94915725124404882       0.99192357742050830       0.99872568950465368       0.99970338757539212       0.99893758089656570       0.98969495720655865       0.89931837686004257       0.21324197666787614        7.1378329090993869E-002  0.20668193825142520       0.87868070217913408       0.98558383314530862       0.99509884907798052       0.97443642710446288       0.81837114513753317       0.23624109662827592        4.2964935695068866E-002   7.3675187211825824E-003   1.3282090154713255E-003   6.6067456634595449E-004   3.4231361865071411E-003   2.5803371259400413E-002  0.17706350489783504       0.68090402089173518       0.84856611873436560       0.88797182334490798       0.92860231215742206       0.98089257133724372       0.99524246458465204       0.98846588520090151       0.91602038902226535       0.43567973145550054        6.1869782193340439E-002   1.0327864352919798E-002   1.7722436718124283E-002  0.12961572415297587       0.81206913444605233       0.97673105549517703       0.99725018915159858       0.99877100046721179       0.99046330453211362       0.90472274320658197       0.22461415191050410        3.0684798706075118E-002   4.2849311003233864E-003   7.7610243149879533E-004   2.4579456617942433E-004   1.5781198094913651E-004   2.5492768003618926E-004   1.3182512952999901E-003   8.8169908783050192E-003   4.6733052084240535E-002   8.7071051479433295E-002   7.1177762967287492E-002   1.9920785844581231E-002   3.5063097953298501E-003   5.2131737200898328E-004   1.2097185140954779E-004   3.9046615263296493E-004   2.6227671925544531E-003   1.6297829817762535E-002   7.9086198295081733E-002  0.13843866423182968       0.29486228480310911       0.76677004013879646       0.90061538324106272       0.95297064368595552       0.93114217752525863       0.77469308890545696       0.24974028796100897        7.7456347566960237E-002   2.5539140667583074E-002   1.4974597392504108E-002   1.3223094654285719E-002   1.3603341084086260E-002   1.7310077154696912E-002   3.5029395028608905E-002   8.8860323368933819E-002  0.11324546268865296       0.12024907647015891       0.12274745187804981       0.12868917205033048       0.16333060289600193       0.35530213641103764       0.83520454536604549       0.97102810522987137       0.94249000938505700       0.55362382226480644        7.7258812219614462E-002   9.0958937932052574E-003   1.0455523325349954E-003   1.2203153638618534E-004
   1.1747976469802961E-005   4.6081302805696311E-005   3.4626195805175224E-004   2.7242820348490938E-003   2.1201383163346885E-002  0.14911558387964349       0.61318784324885733       0.83478459059424559       0.88739870716495417       0.93617301706692402       0.98846188573028604       0.99836542572279618       0.99970139302119598       0.99905042027002866       0.99053023719350575       0.90470837406028137       0.22198314711318243        2.9533426944633422E-002   4.3026714392202332E-003   1.6741466999488403E-003   3.3040149941016591E-003   8.4728582668700276E-003   1.0822142643042848E-002   9.6653864404682068E-003   5.2017333949090604E-003   2.3338293657245114E-003   1.3959468834561517E-003   9.4650537903000350E-004   4.4814717045068691E-004   2.2948151692510756E-004   2.2680159459605520E-004   6.9437208988179294E-004   4.4588002001201693E-003   3.4296174956771328E-002  0.25089476154902718       0.88330273151334782       0.98505857085904147       0.99800257972768391       0.99970635387083917       0.99983832634762126       0.99878942365432433       0.98800713515030225       0.88366917720604554       0.13827917009025448        2.8873497233067813E-002  0.10418048050900451       0.74470311837629855       0.96765705138424551       0.99559174543943074       0.99424221429106141       0.96350556069382920       0.78682185941584937       0.21988280703936328        4.0911471189247477E-002   7.1279066001173532E-003   1.3212673921512794E-003   8.7953600814281259E-004   4.3529673184959129E-003   2.3629135490377050E-002   8.2881272887928556E-002  0.11907950561081070       0.17002583467943991       0.40487578484012565       0.86077492118727039       0.98065880040784614       0.99468541327212978       0.97618911769407868       0.82411563473563565       0.18676835121240026        3.2232932903659410E-002   1.6174581109499854E-002   8.2958599212245757E-002  0.61235045846910607       0.95334566545089072       0.99495974330575443       0.99864682013402506       0.99148988632712853       0.91558737596723061       0.29692848079978024        4.8988297118960626E-002   8.7556181447261978E-003   2.4727225997921002E-003   1.4447006378976459E-003   1.1787428739460047E-003   8.6994358863882689E-004   5.3559089221180147E-004   1.3565683120401590E-003   5.1749100316824939E-003   8.7493652172578786E-003   7.1948974758099049E-003   2.3894279698307391E-003   5.1765391687429510E-004   1.0969118643191735E-004   1.8196531458506172E-004   1.4011663272607000E-003   1.1501449228643183E-002   9.2887568924596473E-002  0.62149630688361268       0.84483822261112451       0.90837486692007829       0.96898780786696870       0.98787388514447450       0.99415991264521442       0.99077343763285441       0.96555192700938175       0.85264858811193800       0.51440421478831333       0.19748112810806581       0.13433983886791673       0.12462870743937977       0.12686945881179110       0.14993850758823171       0.28097161357840816       0.72979856511720165       0.85275174313273006       0.87428947402365009       0.87829331165341573       0.88109789508845882       0.89077473410936081       0.92293058612398382       0.97706012358406902       0.98564944820466305       0.89859988134907198       0.20681677644358559        2.6364024505418634E-002   3.1209754868173254E-003   3.6432149513408962E-004   4.3658404899749980E-005
   1.4386736475262080E-005   2.1437984535185340E-005   8.4195330709542517E-005   5.4397910900543770E-004   3.5654803315375745E-003   1.9992527322091322E-002   7.3863600460784773E-002  0.11655589733345779       0.18030821146071704       0.48498262968759098       0.93666228747076097       0.99328297723739312       0.99922999798360290       0.99924847873566836       0.99320030311687202       0.93287756812400346       0.42882624618778603        7.1887419577754477E-002   1.6598198894627759E-002   1.2432066426998541E-002   2.8879695637352563E-002   8.4181510961034836E-002  0.10681305187942784        9.5862851322133139E-002   4.8506223420419110E-002   2.0811248247868140E-002   1.3225560257544705E-002   9.3670467716596619E-003   4.1193114410867197E-003   2.0318123259804241E-003   1.7531802677247812E-003   3.4848194857767076E-003   1.6843778800718370E-002  0.11793476637633060       0.74013431510102323       0.96469810183626481       0.99559700019034125       0.99944333419357134       0.99991530294887543       0.99986810199422727       0.99877870028081916       0.98784519881464317       0.88212671500093087       0.13151338393025902        1.9099231646390241E-002   3.8571150464978360E-002  0.28581539832992126       0.91067249408276352       0.99054597983013526       0.99800069831749472       0.99321461445988113       0.95956210862199454       0.78061546060882681       0.21806901461313652        4.0831424598202194E-002   7.1373366999550013E-003   1.3377279888628637E-003   8.2978904174474811E-004   2.8396820965235462E-003   8.5064934107327347E-003   1.3051437409430785E-002   2.3441144919388295E-002   8.3185903096191907E-002  0.40301680724050909       0.92831361727255557       0.99174613260877476       0.99225529198829854       0.94514729203341519       0.62662054337738571       0.16101802960418665        6.6666010147167942E-002  0.15910782819338928       0.74265102449694742       0.96715970480018176       0.99623279218601180       0.99920526013364441       0.99649291070609924       0.97013739790831544       0.77217675549707332       0.21186069695245832        4.9771327228297087E-002   1.8865329833587036E-002   1.3411173138924025E-002   1.1573414213618374E-002   8.2792486011783947E-003   2.5873802134579759E-003   7.0937439337984782E-004   6.4837360288886410E-004   8.8386839562888751E-004   7.2192343985743603E-004   2.7468394130455694E-004   7.3143613432148625E-005   4.8407235414147817E-005   3.0702259197290234E-004   2.6298191286781365E-003   2.2032587447634030E-002  0.17186303277960668       0.83029596615101908       0.95606654981069261       0.97622600529877923       0.98539304034620001       0.99168526320926176       0.99709167764230033       0.99830561028626819       0.99530921084180091       0.98150464594634557       0.94186737146984401       0.89805593939986994       0.88305185704035460       0.87966224025399808       0.88056346633803162       0.88767296598247081       0.91297546574571198       0.96635412509495078       0.98311460161338915       0.98660093443977648       0.98729855300832137       0.98770374668120064       0.98886097858388644       0.99208838696877932       0.99615101456137845       0.98710717338368903       0.88179524399665199       0.13491232285902033        1.5040077336084725E-002   1.6383508456043940E-003   1.8305330759345719E-004   2.8108656344877064E-005
   1.1079243693034391E-004   1.1118237245355443E-004   9.4458084582865528E-005   1.2161557664986075E-004   5.2238250814406659E-004   2.4022124324371689E-003   7.7146949287823429E-003   1.3690439541913678E-002   3.4171029462808686E-002  0.18287562753492664       0.89337718185876802       0.98900414745985299       0.99885318879778262       0.99961991043164189       0.99762104601986534       0.97967678429689942       0.84256146147513478       0.28585498732152248       0.11301229442203280       0.10552884693306917       0.22889458520182085       0.69981763939439279       0.82999105842485177       0.77237609790542139       0.39859172226402489       0.17373023156708947       0.12261439427210982        9.1802423905362543E-002   3.6972083590302615E-002   1.8109107259464855E-002   1.5236656075403653E-002   2.2454683139788371E-002   7.0704487619275308E-002  0.32196828465523891       0.89971757695887788       0.98798910701498266       0.99857537120971274       0.99982736601196442       0.99996789628695149       0.99988741279051330       0.99889349396377003       0.98888012831726257       0.89074714171514124       0.16258633532746522        2.2340121501286839E-002   1.9103274753128400E-002  0.14165321248242055       0.86353482228304490       0.98440772605287952       0.99809741661203000       0.99862654313850518       0.99287976686714741       0.95895632662163222       0.78086342455676305       0.21886795369672127        4.0939440968502508E-002   7.1417920351899405E-003   1.3077258211706599E-003   5.3159281085018431E-004   9.1442551672970271E-004   1.5397975145396146E-003   4.1679650747345909E-003   2.3429692675710746E-002  0.16987134944962062       0.88856032661831796       0.98807394743451737       0.99714361004909569       0.98851743590051766       0.93183074172216951       0.73726017635295271       0.41854986782615472       0.62104575422834596       0.92629177819139707       0.98950194585149398       0.99863138200513779       0.99971885086485246       0.99908349605133984       0.99350165557028003       0.95828423634306770       0.79818920572627661       0.30934003370212299       0.15365990660397033       0.12481390524500650       0.11222825090696900        8.1139489838796791E-002   2.0116741293935040E-002   3.4554403074482372E-003   5.6407448389259572E-004   1.5548283492771437E-004   8.1325345792110994E-005   3.2453639076263672E-005   1.2608034401165441E-005   2.8288538697252317E-005   2.1953578044136044E-004   1.7896363821340068E-003   1.4295601083341231E-002  0.11070700829797024       0.67358128636053993       0.84505545382542613       0.87559590582819968       0.89268003869292145       0.93181068540900658       0.98114570674055923       0.99641429720926022       0.99888854750524292       0.99778791495070640       0.99392701394246097       0.98967152522542923       0.98795778810522306       0.98752298611457634       0.98764400301097477       0.98852588429025967       0.99126006139916445       0.99625481976093455       0.99813842922649298       0.99859608952548207       0.99869530378945681       0.99874926272355535       0.99886882325978876       0.99906101582559970       0.99821384083079090       0.98589228042785260       0.87092148169947892       0.12045599952408000        1.2621398410516703E-002   1.3069026458371776E-003   1.7138168540806908E-004   9.6580903565182135E-005
   1.1018927976731165E-003   1.0949987785634429E-003   7.9294415088167181E-004   2.7462635912113955E-004   1.3168447747313950E-004   2.9859607897857063E-004   9.0413246866196816E-004   2.5952128585188957E-003   1.5262102793320251E-002  0.12996637681894624       0.88033455791151161       0.98750399682480694       0.99871279370409582       0.99979602553491276       0.99942481894444557       0.99594277106906615       0.97444846543170860       0.88441007069961164       0.74776882708571235       0.73985973267957494       0.87279947685629466       0.95845174102072828       0.97910562595380224       0.97182263989987516       0.92872733817607067       0.89051094149459253       0.85903816386109111       0.74095648947686898       0.29571831718882513       0.15476700034197588       0.13511919663785768       0.16946696935205846       0.37984271214486237       0.84317065967068183       0.97681124640900974       0.99694982016714129       0.99961357083553637       0.99995089107604895       0.99998578447367392       0.99992115457720221       0.99921668044725032       0.99212534621788240       0.92184146537371070       0.34412695280028016        5.6166717640497028E-002   1.8178204749001892E-002   9.5236691474633151E-002  0.73673989916782201       0.96727225408666562       0.99632576248345661       0.99939936075529212       0.99873231400822093       0.99285640179522250       0.95908000532293536       0.78141872198673379       0.21889595285959293        4.0890118158399720E-002   7.1344414011907638E-003   1.2651903987684582E-003   3.1140693515008597E-004   3.0880659458513607E-004   1.5519224956090617E-003   1.3185587538852035E-002  0.12038254245887456       0.85456948449609371       0.98311630862291255       0.99779781640146259       0.99788585865324475       0.99041852825832288       0.96649750860356431       0.93185258145480521       0.95337659561798205       0.98834790282166973       0.99791276495846704       0.99967598672344160       0.99992779155081668       0.99981028670348726       0.99886944625345686       0.99392162753437796       0.97383702699803676       0.91676621605457054       0.88778868444255776       0.87532797159367803       0.84430620250598587       0.66778693402172118       0.13288033226502902        1.7360842478616700E-002   2.0895411286561178E-003   2.4992979336784779E-004   3.4915252939433972E-005   1.0000000000000001E-005   1.0000000000000001E-005   1.1843105197801581E-005   7.7251679168326921E-005   5.3741409676973161E-004   3.4592759280123063E-003   1.9689127204215007E-002   8.3757807267797593E-002  0.11381633772452024       0.12878869571482773       0.17759596937409308       0.42898500776006188       0.85852987944707315       0.97919035124353382       0.99722752901242107       0.99942569407081294       0.99933804930340076       0.99896873474776648       0.99879055720148480       0.99873836557131568       0.99874861246871449       0.99884442291771414       0.99911879356486810       0.99956948610591945       0.99974241967823685       0.99974833165835975       0.99973706798016559       0.99976458705415350       0.99980334356683909       0.99962715571077765       0.99759896688372907       0.97945595784366013       0.82991572600201224       0.10762155411671118        1.0993440973835507E-002   1.2271047189252897E-003   4.6998135211650426E-004   8.4596819780037710E-004
   1.1098572630636806E-002   1.0994740436511804E-002   7.8096871154945064E-003   2.0872499535276000E-003   4.2336812286366659E-004   1.1479284868861929E-004   2.1759691173486585E-004   1.4054211178700755E-003   1.2832580682488964E-002  0.12171906113487641       0.87626325208311484       0.98686841291640270       0.99862453199688017       0.99983790231912184       0.99987512189411332       0.99931997934605710       0.99640114679665370       0.98581751101093906       0.96825657749347271       0.96739445815521186       0.98458831642940192       0.99482739434011414       0.99753653441395940       0.99682367579007514       0.99273480310721141       0.98860851340405065       0.98399938476693471       0.96780484438549197       0.91537783530585670       0.88924809018658402       0.88382505543856216       0.89243072546591595       0.92628557954431190       0.97929665764236329       0.99619641490832367       0.99940945348606647       0.99991558113062118       0.99998713798117644       0.99999000000000005       0.99996588341360904       0.99969266568542481       0.99723274205682133       0.97599455173907101       0.81311990095385678       0.21981925355991278        4.1472639077274449E-002   4.8099436460710965E-002  0.31790718867113732       0.91908227595113945       0.99191676367323767       0.99916762788878188       0.99971058450336203       0.99876534466337052       0.99287652241973867       0.95910184395138987       0.78106121846289367       0.21854273855234257        4.0944271134050012E-002   7.1536377480661550E-003   1.2348747205642144E-003   3.0346744125635478E-004   9.5368523826371086E-004   9.0020498292049458E-003   8.8205861218899756E-002  0.71998707276275431       0.96355256758110974       0.99568447499439217       0.99922806150761323       0.99871596015356856       0.99620470665739280       0.99311222962329315       0.99498881418127838       0.99845129919966469       0.99966429186890648       0.99993798229148356       0.99997967454829584       0.99994492189137596       0.99976399805762561       0.99909337503809403       0.99685150711580561       0.99146599741630614       0.98826701348504498       0.98595496664579008       0.97585998418268050       0.89997783486484662       0.39618456861392282        4.7711837796702329E-002   5.0550825335468636E-003   5.2457881737893932E-004   5.4945844479678999E-005   1.0000000000000001E-005   1.0000000000000001E-005   1.0000000000000001E-005   2.0165451886981790E-005   1.1516124370681535E-004   6.1297366892868810E-004   2.7247504976468089E-003   8.6725361797728908E-003   1.1861614665668362E-002   1.4259951033493734E-002   2.4050176986579356E-002   8.1062572442709355E-002  0.36064597682615190       0.90981454459898559       0.98956406225835170       0.99879648884673389       0.99980431370429956       0.99988084321690907       0.99986718413013231       0.99983933297034189       0.99979447393826004       0.99976959553273603       0.99976474376005064       0.99972132191857144       0.99947577194180581       0.99897489866866651       0.99875513748034273       0.99896545735549935       0.99941003671491169       0.99908262821869531       0.99413732367244767       0.95110844435883235       0.62435118289259683        7.3878117344987865E-002   7.7766645545392764E-003   1.9326994067642386E-003   3.3788428733889241E-003   8.4420684596731108E-003
  0.10934874236214624       0.10804129579826868        7.6053155225078384E-002   1.5104390663633914E-002   2.3530083285102834E-003   3.5297730399286428E-004   1.7583679277437199E-004   1.2308938553843099E-003   1.2084630420273851E-002  0.11703140442284564       0.86496805031947321       0.98442179822666409       0.99817625047807867       0.99977434791690190       0.99995317193942235       0.99989351348688471       0.99952231455069906       0.99833054963095547       0.99641133220302591       0.99633223239974866       0.99821039600002881       0.99936990969726902       0.99971002784838081       0.99964972971464128       0.99926577712792286       0.99883403128878001       0.99825301396996657       0.99641846462668660       0.99151878065301113       0.98873534155780662       0.98808779647836364       0.98907819485118464       0.99253417184294546       0.99755865668717436       0.99946176235414319       0.99990259109734880       0.99998308368487865       0.99999000000000005       0.99999000000000005       0.99998790489432421       0.99990957957532478       0.99926509092466975       0.99428940748532824       0.95886748940717370       0.75295019495702886       0.18215361981281583        8.3731432421761509E-002  0.28143073151376519       0.91260165869836785       0.99120283303456569       0.99912173673700000       0.99987728815503396       0.99978088718684444       0.99877368461733718       0.99287406010479440       0.95906131333364819       0.78117064453529061       0.21938255186773514        4.1078011564147254E-002   6.9650174950002955E-003   1.1279393906699785E-003   5.5503040917641473E-004   3.6428433309137233E-003   3.2175227843280661E-002  0.25591642135088916       0.89418900252963585       0.98806226220466353       0.99864461613467714       0.99970514244871378       0.99957021444400718       0.99931081053945903       0.99947570918573780       0.99981000752407700       0.99995092188558188       0.99998281904106923       0.99995782368804065       0.99981241465911441       0.99935994310965548       0.99885865159170451       0.99844012211614908       0.99785478259694360       0.99730536451518981       0.99562947961659365       0.98453072594101110       0.90147215579047357       0.35207750866921517        4.2898975641434724E-002   4.6172971948206997E-003   4.8426099001750003E-004   5.0706201145716049E-005   1.0000000000000001E-005   1.0000000000000001E-005   1.0000000000000001E-005   1.0000000000000001E-005   2.1643755765203504E-005   9.5309634034225165E-005   3.4758412917357782E-004   8.9654981986979603E-004   1.2325232464583727E-003   1.6420350778709627E-003   3.8182073560639623E-003   1.9069120887992962E-002  0.13080998428380294       0.77528296230460148       0.97186938076157459       0.99683358824840473       0.99964561161227861       0.99993388480123124       0.99989815527030224       0.99967530150994677       0.99918058848217683       0.99883535438480475       0.99857586238208107       0.99788692712689464       0.99544215148945114       0.99021430291377888       0.98820996007640327       0.99018656025590057       0.99522599178760307       0.99583801796241134       0.98283188319097081       0.87420844686753052       0.21118765984348750        2.6679415325112078E-002   5.4471301674832379E-003   1.0673979968551940E-002   2.9306386118649004E-002   8.4060753908714064E-002
  0.84012288778324073       0.83134166431386669       0.62575090675096046        8.4954908188793976E-002   9.8661798046957867E-003   1.1682836273188319E-003   2.4080525562406220E-004   1.0401237804146841E-003   1.0247062812652427E-002  0.10075979015723856       0.79327984423942255       0.96771064776394866       0.99527702222672532       0.99932785338207564       0.99990387686685034       0.99997279213096535       0.99993758542389455       0.99980722019526624       0.99960734706213550       0.99960036113164175       0.99979588097249672       0.99992423829724919       0.99996534121370639       0.99996116726210016       0.99992517144989190       0.99987998855492932       0.99981083334246834       0.99961338458382409       0.99916154675121571       0.99888159170069379       0.99881091494293284       0.99891564543551958       0.99925382480128544       0.99972423607749417       0.99992957673260574       0.99998425868843022       0.99999000000000005       0.99999000000000005       0.99999000000000005       0.99999000000000005       0.99997561311797400       0.99982150761847977       0.99869753763870506       0.99098240880059518       0.94224075819156949       0.69451972772795834       0.40331184119189517       0.69848962704753603       0.95895571243975031       0.99527315091150070       0.99948020896272205       0.99993821761841029       0.99995791930743438       0.99978906560410785       0.99877536501871655       0.99288763407578617       0.95923204173076049       0.78232546903641287       0.21899947971599137        3.8588724687087191E-002   5.5902327035736539E-003   9.0190548731381359E-004   1.5707662330721806E-003   1.3230987902862602E-002  0.11529372859805596       0.77443638482677624       0.97204320478208939       0.99686899017015795       0.99964328552917492       0.99991949482374098       0.99992748359292360       0.99994504597496459       0.99997662694897971       0.99998776968916803       0.99995842743676289       0.99974439433763396       0.99858960936320540       0.99419722076146533       0.98961551660518554       0.98785943295780465       0.98719898326153821       0.98602148372658383       0.97949238288448814       0.94021889814350268       0.73086638755596711       0.13213800652378996        1.6511984105301584E-002   1.9309462580234429E-003   2.1947017157036559E-004   2.5198046465449400E-005   1.0000000000000001E-005   1.0000000000000001E-005   1.0000000000000001E-005   1.0000000000000001E-005   1.0200434655569484E-005   3.4070205553280991E-005   9.6624742782930231E-005   1.8981992354849677E-004   2.5012744515405294E-004   3.4792705058674740E-004   9.6101821823125393E-004   5.7398655334028595E-003   4.4173596865129901E-002  0.32508442132062931       0.91987510249302862       0.99198557859942149       0.99918544702243883       0.99978585596847902       0.99931125402377374       0.99721011868429055       0.99191223469753187       0.98855229072365347       0.98651503794613349       0.98123600244578901       0.95923355010207945       0.90508603994581027       0.88749575941156422       0.90511645998966417       0.95849097942300554       0.97294693192593473       0.93515352281753383       0.68934596872219978        9.5953892863246848E-002   1.3760942606080538E-002   1.9283580615015672E-002   8.7845930862929716E-002  0.23220227783200953       0.69955101155354260     
  0.97983689990992440       0.97007693520882865       0.85202758731655470       0.13907082756757555        1.6528870093694806E-002   1.9287127879011477E-003   2.8459046017408074E-004   6.1450577658686209E-004   5.6076190515302153E-003   5.2101007748226562E-002  0.42132928326481811       0.85718430669543755       0.97837569001751468       0.99706731616220112       0.99961759014532137       0.99994960580636794       0.99998645110575113       0.99997699825989195       0.99995733622310190       0.99995676452143889       0.99997635315991906       0.99998975272577217       0.99999000000000005       0.99999000000000005       0.99999000000000005       0.99998659925006450       0.99997887024713905       0.99995838091868816       0.99991677626813702       0.99988908581087876       0.99988159934793230       0.99989236836752704       0.99992511049334065       0.99996893646997087       0.99998982639673029       0.99999000000000005       0.99999000000000005       0.99999000000000005       0.99999000000000005       0.99999000000000005       0.99999000000000005       0.99996053519049355       0.99973753858985437       0.99835819092852607       0.99090479035426104       0.96106654786815970       0.92933926497753394       0.96043586070422449       0.99220763040565951       0.99882753798654655       0.99984358856140687       0.99997904424799466       0.99999000000000005       0.99996324824931226       0.99978983128262067       0.99877578599560790       0.99286392684627534       0.95866865822379843       0.77491174335535928       0.19384603670219722        2.5200434287882455E-002   3.0096546063417594E-003   1.0212856386075629E-003   5.8484476049944552E-003   4.9046398306178150E-002  0.37449092085802060       0.92699651486746315       0.99271692103803355       0.99928028010589620       0.99992441224008677       0.99998569655372327       0.99999000000000005       0.99999000000000005       0.99997563257363964       0.99981572083367320       0.99859584848683092       0.99026125426007727       0.94706332979411012       0.89857921618913916       0.88299359624828833       0.87862051656584916       0.87270831577398511       0.84062583178730876       0.66166634155743187       0.17705377506863515        2.8806083943268161E-002   4.0445774708873722E-003   5.3169330348006299E-004   6.7095004613436878E-005   1.0000000000000001E-005   1.0000000000000001E-005   1.0000000000000001E-005   1.0000000000000001E-005   1.4085789863739059E-005   5.1740359188142272E-005   1.8649416877367130E-004   5.3730679512935221E-004   9.9649548921980574E-004   1.2167089125679101E-003   1.3241577015045991E-003   1.6546500839794531E-003   4.1725719456859123E-003   2.4697086180918180E-002  0.18533936849494920       0.89707020462627474       0.98964923508356162       0.99884810187037842       0.99902291710702440       0.99492828380908704       0.97601039305311754       0.91991655659427374       0.88866328396848193       0.87438117407932991       0.84083432192633278       0.67424079510845270       0.24276329705520461       0.15844432194947566       0.24370672649897782       0.67111493966580316       0.79945001348032330       0.65964481663318031       0.17008250838516314        2.6080074950938510E-002   1.7732261312210867E-002  0.11215591548549549       0.60908513101552275       0.86673550065496241       0.95858038641335319     
  0.99660220508657504       0.98624150845515857       0.88130606985542803       0.13869214760801321        1.5876762080919492E-002   1.7879809248577696E-003   2.2400723171267823E-004   2.1119884794890758E-004   1.5483606264952818E-003   1.1863412323540276E-002   7.9078736861991364E-002  0.33568769736307918       0.90503222557992580       0.98878125318433974       0.99869082803423370       0.99984769423333963       0.99998114915161684       0.99999000000000005       0.99999000000000005       0.99999000000000005       0.99999000000000005       0.99999000000000005       0.99999000000000005       0.99999000000000005       0.99999000000000005       0.99999000000000005       0.99999000000000005       0.99999000000000005       0.99999000000000005       0.99998804376674311       0.99998732651557953       0.99998829391760369       0.99999000000000005       0.99999000000000005       0.99999000000000005       0.99999000000000005       0.99999000000000005       0.99999000000000005       0.99999000000000005       0.99999000000000005       0.99999000000000005       0.99999000000000005       0.99995285060601469       0.99973917852542382       0.99876090871602596       0.99564369246447504       0.99281210750222204       0.99550969645359133       0.99884477443682884       0.99978403682952832       0.99996510541240935       0.99999000000000005       0.99999000000000005       0.99999000000000005       0.99996273666393654       0.99978199287547176       0.99868395189298464       0.99184217722825097       0.94805105083172247       0.68612355371223477        8.2693250168762958E-002   8.5139543201466165E-003   1.8857547173536933E-003   7.2390902620702979E-003   4.9209185755161096E-002  0.32329481755245842       0.91995443350099892       0.99201866086518742       0.99921380598236387       0.99992157631459433       0.99999000000000005       0.99999000000000005       0.99999000000000005       0.99993357401060579       0.99939695291114983       0.99438022165733198       0.94834977290004963       0.58686505514483478       0.20853536776553122       0.13736980234591881       0.12609741886737855       0.12220460003462706       0.11238518551845124        8.0420304445085897E-002   2.3549310335167120E-002   4.6416815996508471E-003   7.6911878593422813E-004   1.1565301089906235E-004   1.7287484112513998E-005   1.0000000000000001E-005   1.0000000000000001E-005   1.0000000000000001E-005   2.5961138911346900E-005   9.6489578945183302E-005   4.0157802963202333E-004   1.5661404285904873E-003   5.0056879966510273E-003   9.9003316645961230E-003   1.1965377665542396E-002   1.2634568100243290E-002   1.3424582995913750E-002   1.8176064672457061E-002   5.2235820767491309E-002  0.27717595168765147       0.91194862359353590       0.99104163021465486       0.99844008421433461       0.99487453434052009       0.96600633184528795       0.81544866682404271       0.33167604966074626       0.15795651536127328       0.12486073705705537       0.11066847872022410        8.0385126861334852E-002   3.0119865603472708E-002   1.8740082931103758E-002   3.0215727418061080E-002   7.9449789001911700E-002   9.9798179594547051E-002   7.8628791396459632E-002   2.3230858438937369E-002   9.4125529517375545E-003   4.8951015958728285E-002  0.39154181344350492       0.89360757895497733       0.97855196632648633       0.99437573108338217     
  0.99839082569126281       0.98687571308431754       0.87728424108177250       0.12680543513522230        1.3732761395946876E-002   1.4644131502619582E-003   1.6378065230243503E-004   6.5959001131335527E-005   3.7115503498899024E-004   2.6804950649579576E-003   1.8809299144440163E-002  0.13058025498832881       0.81185519064413458       0.97633324625419338       0.99724335854537771       0.99968784419123147       0.99996475262812068       0.99999000000000005       0.99999000000000005       0.99999000000000005       0.99999000000000005       0.99998801422582684       0.99998668122035073       0.99998649729274236       0.99998749188550373       0.99999000000000005       0.99999000000000005       0.99999000000000005       0.99999000000000005       0.99999000000000005       0.99999000000000005       0.99999000000000005       0.99999000000000005       0.99999000000000005       0.99999000000000005       0.99999000000000005       0.99999000000000005       0.99999000000000005       0.99999000000000005       0.99999000000000005       0.99999000000000005       0.99999000000000005       0.99999000000000005       0.99996168401626229       0.99984324527556145       0.99952795215828016       0.99927637293357341       0.99950954985518492       0.99984675499407394       0.99996527061871621       0.99999000000000005       0.99999000000000005       0.99999000000000005       0.99999000000000005       0.99999000000000005       0.99995249245427753       0.99967383489911066       0.99758531438631204       0.98089808711343696       0.84593785503896679       0.11262227692669166        1.2412652185122899E-002   6.0260228006760652E-003   3.1242560396909765E-002  0.17701049952147291       0.72499221293376770       0.96469018091622472       0.99600722756890303       0.99956356081215259       0.99995024146086919       0.99998722742905788       0.99998681204933104       0.99997763374209847       0.99989560348778117       0.99910133494345410       0.99125442198526892       0.91414797900404199       0.29380359531065586        6.5914409096773735E-002   3.2037868417221033E-002   2.7209028889047387E-002   2.5908374717270581E-002   2.3394750089970693E-002   1.6425465436358085E-002   5.3694941220266039E-003   1.1925017603530467E-003   2.1787063648618846E-004   3.6077214767333827E-005   1.0000000000000001E-005   1.0000000000000001E-005   2.0610314604847369E-005   5.9468314305124191E-005   1.9603166015814109E-004   7.1410782522281550E-004   3.0497146763465203E-003   1.2743589450504050E-002   4.5779112218680598E-002   9.7616670157080518E-002  0.11616536713196010       0.12111124532433445       0.12482487405790947       0.14365383804759480       0.26334053062167145       0.77056353985418324       0.96911892331896510       0.99606169218114893       0.99686195889147333       0.97645717284696587       0.81833880878444265       0.24226409859809214        5.5891660545137452E-002   1.9869488305919981E-002   1.3483211854122386E-002   1.1366630212083449E-002   8.0917989408636100E-003   3.3740681648797934E-003   2.1130296799333412E-003   3.3772727138466608E-003   7.9476151783568656E-003   1.0009664509159747E-002   8.0090786239659442E-003   3.6629046506001096E-003   1.0370084377420803E-002   9.6812371486796417E-002  0.77601766956266460       0.96906668577116872       0.99536635824833486       0.99897527410814713     
  0.99810672141206314       0.98325893013582344       0.85387825726667443       0.11496269762421844        1.1937123175213225E-002   1.2178913903061318E-003   1.2712358276777274E-004   2.8786590351978831E-005   1.3093364001797657E-004   1.1046361836870968E-003   9.9194624172260649E-003   9.2890327273402476E-002  0.74664563908142101       0.96834927725067832       0.99642993482645092       0.99960886521368664       0.99995711537885512       0.99999000000000005       0.99998852800296067       0.99996679549398593       0.99992256088296105       0.99988982632667156       0.99987622962409806       0.99987465677786247       0.99988457003108078       0.99991417617619549       0.99996244873448481       0.99998768292500861       0.99999000000000005       0.99999000000000005       0.99999000000000005       0.99999000000000005       0.99999000000000005       0.99999000000000005       0.99999000000000005       0.99999000000000005       0.99999000000000005       0.99999000000000005       0.99999000000000005       0.99999000000000005       0.99999000000000005       0.99999000000000005       0.99999000000000005       0.99999000000000005       0.99998002081793758       0.99994910792431435       0.99992658664172795       0.99994690194331803       0.99997986036639852       0.99999000000000005       0.99999000000000005       0.99999000000000005       0.99999000000000005       0.99999000000000005       0.99999000000000005       0.99998108248158157       0.99984309699205576       0.99857698942655815       0.98667459352984521       0.87608983153054920       0.12802232028482627        1.8324633650250003E-002   2.7019242746004341E-002  0.16984278960302682       0.71900095947413611       0.94291735845828817       0.99143714021709439       0.99885407781694346       0.99984930357867374       0.99995525862841839       0.99992335862760151       0.99988940989023223       0.99986996361637070       0.99980978931880626       0.99924264026462828       0.99372683385214855       0.94167122383228608       0.52478377771153706       0.19497892671951006       0.13522279026347478       0.12575487794373300       0.12221220821410006       0.11255028460315726        8.0283579846802067E-002   2.1846080191920591E-002   3.8209939426824815E-003   5.6500452859498498E-004   7.9870603973448273E-005   2.4365697140976729E-005   5.4305541153520950E-005   1.6776563822863509E-004   4.8959403262936849E-004   1.5643998604023288E-003   5.2361813122981521E-003   2.2290612247248810E-002   9.5667171017813704E-002  0.36685334120717455       0.77732905101493444       0.86234363166937511       0.87599903386216238       0.87925083148187133       0.88534045082823032       0.90882564489839845       0.96885093859468774       0.99419898848449739       0.99839298012509836       0.99230872627411926       0.92434706600281835       0.35829231659376298        5.9536698375824058E-002   1.0419180912105379E-002   2.8225397561265956E-003   1.5911534375772254E-003   1.2723105296879682E-003   9.1839560309696572E-004   4.5253006038345267E-004   2.7795774530280711E-004   3.8896758725614008E-004   8.0170360696521124E-004   1.0065425287351683E-003   9.0133666438482112E-004   1.3943332775399047E-003   1.1043352630475702E-002  0.10829873833460721       0.83692128640501318       0.97977697461064106       0.99747593254467737       0.99946400766634602     
  0.99623485982025539       0.96677554997265447       0.73241583698505552        8.9503919596373716E-002   9.0490699288899266E-003   9.0799341577228309E-004   9.4255974083936136E-005   2.1653953230203553E-005   1.1044107111176472E-004   1.0741439381521990E-003   1.0739750787016536E-002  0.10615369441116961       0.82988539839031750       0.97946300058270341       0.99765803829598521       0.99973693475057823       0.99996701132291355       0.99997716160242911       0.99991592147375730       0.99970155411509720       0.99922647036641921       0.99889395631012579       0.99876765549037716       0.99875481101902253       0.99884798811994691       0.99914643983667084       0.99966815492609240       0.99991388326989161       0.99998109611766139       0.99999000000000005       0.99999000000000005       0.99999000000000005       0.99999000000000005       0.99999000000000005       0.99999000000000005       0.99997818490317181       0.99994654624647128       0.99992586743594258       0.99994446222178146       0.99997625664597867       0.99999000000000005       0.99999000000000005       0.99999000000000005       0.99999000000000005       0.99999000000000005       0.99999000000000005       0.99999000000000005       0.99999000000000005       0.99999000000000005       0.99999000000000005       0.99999000000000005       0.99999000000000005       0.99999000000000005       0.99999000000000005       0.99999000000000005       0.99998703199045413       0.99988418813640612       0.99886808104090308       0.98884086990747855       0.89183841430944022       0.17681027928262791        4.7365491971186544E-002  0.11793231615901284       0.66806627822714615       0.93851350135949640       0.98919113277402715       0.99825234599986334       0.99972900076578564       0.99990887324656164       0.99975945456612125       0.99926456775869621       0.99890342080166505       0.99877659301588451       0.99877381023765699       0.99876718191764369       0.99778875917616894       0.98873557813242452       0.93988655949025468       0.89559921092783379       0.88203051280654055       0.87824350361935832       0.87257197480123772       0.84052997542788277       0.65780956848420136       0.15641267143625939        2.0889086336439464E-002   2.4909594463398493E-003   3.0742231993829711E-004   1.4191560112476680E-004   4.4333796886486429E-004   1.4445441596090945E-003   4.0957161599184362E-003   1.2905584773125344E-002   3.8031072146403826E-002  0.15202437264865679       0.52532310081138278       0.87741912018189205       0.96805175842721092       0.98422368287664164       0.98686205148984252       0.98743162403553886       0.98820559324447044       0.99072974566503014       0.99630319546569224       0.99905033552953371       0.99893250883741902       0.99067531124474595       0.90654068848456903       0.23405677514452702        3.4017888696233158E-002   5.8912536809667794E-003   2.0541847605529558E-003   1.4975757968850893E-003   1.3746775386600455E-003   1.2309992733753644E-003   9.1353799315357670E-004   4.3632849275802610E-004   2.4127650099126135E-004   2.1339168279211872E-004   2.0194862395463094E-004   2.1430073885632576E-004   9.3890758226304204E-004   8.9665787748168524E-003   8.8967159756125583E-002  0.72996365042483680       0.96076257777011154       0.99489937128082273       0.99897196660257526     
  0.99143419085408624       0.91652718255924970       0.29995229113250704        3.7685807798375284E-002   4.2973646034644162E-003   5.0494558261372975E-004   7.1868164259249415E-005   2.8336101660084842E-005   1.2518863476971401E-004   1.1975065697022067E-003   1.1950271912213406E-002  0.11645185493161878       0.86595034720860542       0.98513667506909508       0.99839120147986882       0.99982114065757266       0.99995426858493497       0.99985558214719417       0.99932716062902049       0.99732107375087153       0.99223480211537951       0.98889163639788713       0.98774721966252821       0.98764426292166985       0.98849329194887192       0.99146290630129108       0.99708834727708062       0.99936113624973755       0.99988668090163602       0.99998109827026660       0.99999000000000005       0.99999000000000005       0.99999000000000005       0.99998967938889893       0.99995560870180866       0.99982193245876994       0.99949039357054204       0.99925445765086196       0.99946402677065727       0.99979923552517092       0.99994829395462737       0.99998807962647995       0.99999000000000005       0.99999000000000005       0.99999000000000005       0.99999000000000005       0.99999000000000005       0.99999000000000005       0.99998784082225656       0.99996557187811586       0.99993027872551077       0.99993011621554695       0.99996547550744519       0.99998792493059996       0.99999000000000005       0.99999000000000005       0.99992357197046500       0.99926036187269651       0.99282447874763047       0.93157077323847304       0.44464107464753511       0.22407278264077835       0.39827415970371410       0.89756021989583279       0.98517086838791457       0.99772643470577038       0.99963331057635374       0.99988204812207826       0.99961827082259391       0.99808593215915831       0.99276427476263052       0.98902375235063822       0.98784995671536069       0.98801189390745181       0.98959806643056081       0.99339357898096547       0.99566622104142077       0.99189775678487202       0.98788774989145400       0.98640501088160171       0.98585474820634500       0.98458141784763653       0.97658743799466385       0.92306664978717912       0.60606836275688503        7.1292630279105068E-002   7.2138627879705297E-003   8.7559216115237043E-004   8.9402713324805445E-004   3.6206451487450653E-003   1.2528555454073916E-002   3.3996658479995154E-002  0.10802838197848404       0.25659226927366313       0.75675733365545961       0.92679091852540973       0.98248231485897086       0.99561953679024628       0.99816828780152511       0.99862604694698076       0.99872312588777512       0.99881534633397695       0.99907024469977068       0.99957556949381876       0.99981744580048260       0.99931535164559615       0.99342796373524922       0.93562581625899610       0.45512677921430289        8.9936003634514816E-002   2.4494900560488544E-002   1.4493027546682292E-002   1.2919745056633944E-002   1.2454337991609575E-002   1.1533024372569237E-002   8.8277209394950294E-003   3.8042216666136068E-003   1.8560528789052253E-003   1.3012878702857054E-003   9.5608243498512911E-004   4.8125156275209073E-004   5.5175897009704736E-004   3.7676142486217493E-003   3.2829736012157343E-002  0.25631836551274395       0.85405268074545493       0.98156742770366145       0.99704610410771977     
  0.98948356266986270       0.90113865343156296       0.20446988719330741        2.7562909897492670E-002   4.1268897178858930E-003   8.0154360931358162E-004   2.3778286972724334E-004   1.2269510686883619E-004   1.7606016861263852E-004   1.2851139082649169E-003   1.2511871870194946E-002  0.12045505976492854       0.87549744062864954       0.98680246908022351       0.99862924438621914       0.99983099533545639       0.99981549351209009       0.99901544595364145       0.99486779683729731       0.97684441661663757       0.92302448150497218       0.89090726963543576       0.88139297390815241       0.88064128876665204       0.88768841373626250       0.91566731336871754       0.97553230095182142       0.99566767063376238       0.99936073947283832       0.99991379971761074       0.99998765407233692       0.99999000000000005       0.99998985914431804       0.99994482422235575       0.99968957076472154       0.99854457971448563       0.99516529213030913       0.99246591754130631       0.99483681438752047       0.99829193479655820       0.99962178075089214       0.99993205369941585       0.99998791057766157       0.99999000000000005       0.99999000000000005       0.99999000000000005       0.99999000000000005       0.99997992818796144       0.99991424339136226       0.99969488434579035       0.99930337495680766       0.99930220883337073       0.99969547645312473       0.99991607411073125       0.99998088380257855       0.99999000000000005       0.99997181643529109       0.99977271868018969       0.99821462886781387       0.98735880654067310       0.93134527427973546       0.90043227954136484       0.92669585881383632       0.98391309655980597       0.99725573460403305       0.99955109360146366       0.99988677998614950       0.99967505169280602       0.99779493913555162       0.98592022078228980       0.92987435717972722       0.89243020985660348       0.88219576725764448       0.88347788283452477       0.89764783967155259       0.93882380699491208       0.97530916782802501       0.98429565595853774       0.98573512461941470       0.98588803303271777       0.98579166307645250       0.98503650992137670       0.97965572752310648       0.94061837579302687       0.68037967473935512        8.1173068904583895E-002   8.3037316082843673E-003   1.7958493756546181E-003   5.8819447902019534E-003   2.8796103064868923E-002  0.10697603864360671       0.25638923736516006       0.73721439830306135       0.88893958239552251       0.96647947953762015       0.98972562115212959       0.99668103647680417       0.99866071106944732       0.99949710034381523       0.99978235064756449       0.99985548788325174       0.99987838335772428       0.99990574051695491       0.99995050516849249       0.99995796205586329       0.99975252367974388       0.99786831799016384       0.98223781377546115       0.86787242371624973       0.40716571712310823       0.17292118636073681       0.12995770672831386       0.12269513522463944       0.11994178263838227       0.11271186774164142        8.7816219806531176E-002   3.4183897870672608E-002   1.6834964570862424E-002   1.2510989337818927E-002   9.3595752659730302E-003   3.8796096440771944E-003   1.2360885690534580E-003   1.4469483385543124E-003   9.9834942206564886E-003   7.8294807146989262E-002  0.50522283801560885       0.94073008261872804       0.99284905522659783     
  0.99157253861672567       0.92670957236053830       0.38030849059760657        6.9959371817134353E-002   1.6917381287355961E-002   4.8021026478031687E-003   1.8667872442733951E-003   1.0317209024165999E-003   5.8384621263807149E-004   1.5354011005197245E-003   1.3024165880660354E-002  0.12278734922549482       0.87814097425578019       0.98726075451566409       0.99868234487116592       0.99972333505315247       0.99899597754237623       0.99370924493408463       0.96402937247428377       0.82029756514343100       0.35328532884902281       0.16351331897432256       0.12929706260486967       0.12741674798153574       0.15187786937924241       0.30464340250294086       0.81834505484902675       0.97550702960983016       0.99708105522481782       0.99966667759116612       0.99996199948216369       0.99998982050671459       0.99995759306712773       0.99969896979797779       0.99802402779077382       0.98890598340358271       0.95543531520668190       0.92479557166039028       0.95144220817344471       0.98617396740050711       0.99745154789914103       0.99961095076037676       0.99994601398780436       0.99999000000000005       0.99999000000000005       0.99999000000000005       0.99997680297127556       0.99987499579368577       0.99935404867531696       0.99730545061310438       0.99299321921599493       0.99298642041453289       0.99732761042091334       0.99938036469890046       0.99988609552874641       0.99998051050176606       0.99998998537291861       0.99994807113737449       0.99966707792048326       0.99815870948394758       0.99261025014150994       0.98949669650796046       0.99224491150875638       0.99783550600900295       0.99955506088269452       0.99990380186856376       0.99984803588481175       0.99883374151334048       0.99023589723966565       0.91856436964442245       0.42042156958963156       0.17302987975740444       0.13161249834182639       0.13518621047260235       0.19416140237821683       0.48469256405663236       0.79911975722581396       0.86470949524850138       0.87572513084961234       0.87748557930626392       0.87743078967649024       0.87507956576821211       0.85878377762842595       0.75198966434961090       0.25973965625808765        3.4506305157745699E-002   4.7164955138926821E-003   5.8667388169102675E-003   3.7090903663580824E-002  0.20554652670528969       0.72530474130525313       0.88836843421668754       0.96477010111097961       0.98618317788735654       0.99296324205277564       0.99078376941688229       0.98974955946321130       0.99224473927175616       0.99739851820356840       0.99942306679573856       0.99988712656563528       0.99997145424032918       0.99998654848128532       0.99999000000000005       0.99998908680340104       0.99993774713775829       0.99954009799460608       0.99684782718413190       0.98170631036809219       0.92929687068952305       0.89279259028403224       0.88141797388120402       0.87812570062979989       0.87382065962035593       0.85123325668498184       0.72376522392698261       0.27434059888197865       0.14666859999005508       0.11857123460105831        9.1846905365667544E-002   3.3550122016796483E-002   8.1696683724779631E-003   1.9041411710580395E-003   3.4245887618436720E-003   2.5725058011799536E-002  0.19630530347739061       0.89786701732892793       0.98890484702656989     
  0.99633698796145742       0.97883141513430971       0.84026023769601743       0.31456544931295755       0.11908738968748048        3.7792877507474260E-002   1.6299435630743136E-002   9.7878871410181298E-003   4.2628893874279645E-003   3.5420614159663820E-003   1.5837620034441842E-002  0.13191802604781386       0.88160792269519073       0.98771610722632852       0.99867236892399847       0.99918842942534836       0.99477485090622386       0.96366295211825559       0.79091856897524349       0.23668684884107963        5.7872465431974239E-002   2.0636611667109100E-002   1.4154664972572575E-002   1.3893095205302986E-002   1.9588407064825578E-002   5.9611529869501849E-002  0.30486442200242397       0.91531990114952788       0.99138221870249332       0.99913204063201166       0.99990994924369014       0.99997168281201676       0.99983392395096882       0.99864072960364658       0.98943868061882012       0.92656247276124681       0.64052835430151744       0.36075398942480835       0.60004045161559183       0.89922701911128777       0.98531030051548896       0.99814764582731363       0.99977957832285591       0.99997041271850828       0.99998562928550050       0.99997162071485901       0.99987626550396691       0.99925086048402190       0.99548778245391023       0.97710432328681862       0.93034180085750195       0.93032496567011325       0.97748600564588839       0.99581077206043411       0.99936248251806337       0.99991210177712309       0.99998677934693447       0.99998689728567547       0.99993602236371526       0.99970987623805618       0.99905232314770887       0.99857837702611674       0.99885697837855270       0.99957221930027818       0.99988642437918729       0.99994644067024208       0.99972733629359467       0.99768050768310490       0.98036799334384594       0.84191963636127587       0.14979621473770299        2.9995088346173517E-002   1.5266533088164502E-002   1.5073734694248681E-002   2.3579117089892639E-002   5.7793990320001626E-002  0.10107797604028967       0.11664383939782655       0.12063689197009289       0.12149129474220648       0.12148742698015147       0.12050482624436613       0.11543123851632794        9.4120382551053886E-002   3.5604048616511987E-002   6.9232407188042572E-003   3.8104646025198243E-003   2.4471148702080749E-002  0.18841544432654797       0.77149182647289549       0.95226426176797618       0.98570821029722622       0.99462895947903729       0.99279417799701453       0.97428388602602733       0.92009423729926665       0.90064090509521844       0.92362674598209571       0.97823380851259845       0.99612293988238676       0.99941519526075817       0.99990941765460128       0.99997446204599938       0.99998235079490805       0.99998711357862313       0.99998328218677968       0.99991801539372860       0.99953124952139971       0.99776940804501046       0.99276764557643549       0.98905529056448260       0.98770618235453755       0.98724996342037086       0.98651344735955404       0.98286969028932358       0.96553847904802281       0.91149186288771755       0.88387768324452454       0.85821495167161643       0.74072886307713759       0.25678771459981087        5.3345792408495615E-002   8.3869209101561388E-003   2.9347112839717333E-003   1.6167955076604828E-002  0.13985554951409715       0.88521026558102600       0.98796319839946567     
  0.99833489911801399       0.99600914578253263       0.97649262477114274       0.90032410541601449       0.75324617599936017       0.28151067236430716       0.14012825047551847        9.3589673583335628E-002   3.6831162834260613E-002   2.0882494137319626E-002   3.7517443334400963E-002  0.19192634386423649       0.89569568926550203       0.98928639944112884       0.99861940109465186       0.99715426948861186       0.97634708954317251       0.81691489682109608       0.23478998844612345        4.4497110864179429E-002   9.0099840608407599E-003   2.6364364645665521E-003   1.5486366582334909E-003   1.5957019757118374E-003   3.4771470478705472E-003   1.9317225615928572E-002  0.14993002624003515       0.88406306382729816       0.98782976901325337       0.99874678607517320       0.99986531806808920       0.99993579283398693       0.99951970034877602       0.99555942574008327       0.96016004390249454       0.68642037117121213       0.15325281559182183        5.6894744956781727E-002  0.12109034804239802       0.50562219091305183       0.94049769066713174       0.99379520561600287       0.99935437784006098       0.99989674406126106       0.99989772184213477       0.99981279889448527       0.99935590670265251       0.99608467602914730       0.97265614539480016       0.82553460872397311       0.40487408773934885       0.40527085515886230       0.83055485924328742       0.97621468998337879       0.99710063434718776       0.99966410989150067       0.99996039956147664       0.99998395124946815       0.99993040969011959       0.99965681711203513       0.99870649157431257       0.99721127530720433       0.99712161273578936       0.99868874206807989       0.99965685313016939       0.99990086204521678       0.99970027149946350       0.99747153732534299       0.97832064740066871       0.82457999533817583       0.11292161322155343        1.3339013045207525E-002   2.6527436468445700E-003   1.7289437355405665E-003   2.6513262549671878E-003   6.0205611782373127E-003   1.0221623575724247E-002   1.2003759257328755E-002   1.2524814411904188E-002   1.2647147898213045E-002   1.2647889549935374E-002   1.2514694815878575E-002   1.1890042346817549E-002   9.6066902075980336E-003   4.2638600463054148E-003   1.7615127603299663E-003   7.8794631293988109E-003   7.6910877611406109E-002  0.65123867706367966       0.94324521920913795       0.99052690719601943       0.99694433507507352       0.99312033005951628       0.96099220413017128       0.80544443363144169       0.32943007362455379       0.20273201927145640       0.35601147218536172       0.83670019098382731       0.97742997600257386       0.99716128104865309       0.99956441389666029       0.99982731474370645       0.99985688630167302       0.99990554250185126       0.99996447904210151       0.99997725260642034       0.99992527220731875       0.99969859528746574       0.99912850922359409       0.99863486215637454       0.99849441745922218       0.99856439378669515       0.99855124444455323       0.99809649445822224       0.99613149312828309       0.99091949504213328       0.98730671307387319       0.98209298503621190       0.95712862394964804       0.81175920927658785       0.24805574178927806        3.2407638772154718E-002   5.9824372425848066E-003   1.9553403161669175E-002  0.15835621172614217       0.89005045978347641       0.98874617156936540     
  0.99907814516784565       0.99931137638472889       0.99693292120072807       0.98838406041303606       0.96865768642785133       0.91014571630516561       0.86435690130919496       0.73911901415649617       0.29154254668517310       0.16419668825171507       0.19969211727278724       0.52563362488467591       0.94118696987207062       0.99363983658230615       0.99855678525569258       0.99204467926209217       0.92165416970250524       0.34233841844223395        5.6415809682659024E-002   8.8807153982596691E-003   1.5517137215402760E-003   3.6919625680687754E-004   1.8513074244494885E-004   2.7634109648636928E-004   1.4403519859978750E-003   1.2620589409292940E-002  0.11805563040875570       0.85664656529843031       0.98367505988842441       0.99821308289182731       0.99979749532679285       0.99988986485316600       0.99909490909165499       0.99085834749995505       0.90888349612813901       0.25458818246907078        3.9093842904572400E-002   1.1264873182098950E-002   3.1860661445112674E-002  0.20637205088629024       0.90056466289870030       0.98998553113757481       0.99892516262960973       0.99956071937627766       0.99909056851353539       0.99854251555138007       0.99660474001674959       0.98312292459988970       0.88188713839506305       0.27474953377027356        7.0699211913270860E-002   7.3963870399400070E-002  0.30514802912525735       0.91529539910544777       0.99139077977982826       0.99913495236722027       0.99990610225699561       0.99993997030739079       0.99964671961927287       0.99788929167633333       0.99030801537149538       0.97756932918295902       0.97646328976945684       0.98976587764882140       0.99777413349552180       0.99960841679589907       0.99975735504458074       0.99831484376307822       0.98504143823997647       0.86892114086572281       0.14339143268528223        1.6742054289693126E-002   1.9940372868012786E-003   3.7483108285559039E-004   3.1065928789911489E-004   6.1933326459801983E-004   1.0147371622244007E-003   1.2035194120405450E-003   1.2647847631071843E-003   1.2804606546506956E-003   1.2811014977392064E-003   1.2662568546815416E-003   1.1999937541574872E-003   9.8101389131556734E-004   5.7002727821737250E-004   1.0604960033332625E-003   9.4155538214344831E-003   9.4314184828968417E-002  0.77126574100956602       0.96768368625319190       0.99411654327930443       0.99401011387139082       0.96716166263322501       0.78425837433076129       0.22203367454017053        5.3728606099118899E-002   2.8616346669883379E-002   6.8627443424950543E-002  0.32666163272282067       0.91439531980016120       0.98997654706506744       0.99789262129497402       0.99860517152444328       0.99871617611520669       0.99916187949878699       0.99974575562093748       0.99993223431316780       0.99991567971846995       0.99963999471463938       0.99871032896934508       0.99750604912954410       0.99755980449890880       0.99870045781009176       0.99953044146232406       0.99969968118532426       0.99939261563674353       0.99811822041981790       0.99455159187885922       0.98779926733447598       0.97698637013670486       0.91584467757531796       0.52798990168121851        6.3295895742702751E-002   1.2041187409858321E-002   4.4402191921083578E-002  0.31464891080171387       0.91794302648512016       0.99174030390970347     
  0.99959539052587199       0.99979992293325748       0.99953307552976234       0.99862725579682965       0.99641290597754739       0.99066318887824734       0.98460376302888031       0.96753635720429543       0.91486139654709475       0.89200553555743134       0.89838310267440424       0.94154121073811292       0.98930540591798777       0.99837820780657505       0.99872140266009124       0.98903042354716508       0.89197242834733270       0.16560347539829490        2.1026889452871105E-002   2.7052453056470465E-003   3.8215719864516227E-004   6.9873209613694010E-005   3.3466255942232436E-005   1.0970797099033643E-004   9.3756024724345969E-004   9.2227335489246474E-003   9.0891772488300979E-002  0.73908907033133686       0.96755905849281865       0.99638894300577008       0.99960051609036937       0.99986176882251265       0.99901168247736594       0.98999298205114650       0.90016881955804762       0.20179448480928266        3.0140085705805279E-002   9.5429409528601187E-003   2.9774021486106951E-002  0.19750851857846669       0.89899137743834689       0.98972530028933137       0.99834023799869431       0.99692281597258503       0.99121113827346707       0.98707884318837424       0.97846333192603452       0.93012734589977797       0.67014912735528742       0.10018802169083384        1.6642049123186974E-002   2.1774488295239345E-002  0.15106790977471851       0.88670623247739955       0.98831544827548767       0.99881771730722557       0.99985592845301841       0.99977513515590666       0.99826682697984337       0.98718671920533330       0.92433682385227411       0.82488718161737684       0.81677516765564184       0.92104806438463394       0.98670460945443139       0.99819574220342056       0.99965762380472722       0.99888171352936073       0.98995181011719546       0.90586954571722123       0.25829374817789352        3.2113874499661188E-002   3.6067518865301948E-003   4.0883223004927805E-004   7.3115419286608004E-005   6.8057141611217302E-005   1.0218683035999650E-004   1.2153732062419096E-004   1.2847299503485670E-004   1.3084319665181048E-004   1.3382454009942669E-004   1.4292216904120453E-004   1.6495442565153760E-004   1.9072959469312108E-004   2.1893530948963278E-004   7.6672834068294826E-004   6.7518973182452416E-003   6.6147551741613630E-002  0.56163699857181715       0.92083052292005674       0.97651925578955134       0.97017229096992641       0.86247736807679243       0.25269953483185337        4.4613797098036687E-002   8.7668729783382041E-003   4.8228117068018677E-003   1.9376817768507630E-002  0.14287949760758517       0.84773514563391050       0.97204394348097733       0.98638259759494396       0.98728330298332634       0.98801380545443618       0.99229970430083714       0.99811563299839046       0.99960574133782121       0.99955064760817347       0.99767306191640470       0.98982235428232501       0.97987525681558918       0.98047215842171442       0.99020349616811443       0.99770122557503416       0.99943818685411945       0.99889274905345782       0.99329809594993068       0.96451920868249363       0.90391204090216248       0.86678977695354764       0.75747078330733697       0.25904968590490202        3.6337555730392143E-002   2.0439473248344039E-002  0.13316828190333421       0.77904860484672167       0.97221194262004174       0.99682983151231808     
  0.99942798717202741       0.99917631983543720       0.99909448033707215       0.99934884957346126       0.99945493092882520       0.99900507873020428       0.99830918157064141       0.99638635510312801       0.99147701283150969       0.98907838160232908       0.98970893646384428       0.99379481427618188       0.99848365415450213       0.99962064682988294       0.99883954008755882       0.98871439587773979       0.88901780678628717       0.15298657726846737        1.8220154496824053E-002   2.1523326512915605E-003   2.7768866968766481E-004   5.4995429294132853E-005   3.3055261281211295E-005   6.4704347838349713E-005   4.4872831142969097E-004   4.0773164559187247E-003   3.6671115433219208E-002  0.29387333462836185       0.91498188556217486       0.99146386094052197       0.99914717386429697       0.99984637372739349       0.99929787125297120       0.99309128837775773       0.93225300828729007       0.42943797844888060        9.8186608563453653E-002   4.4305378525096743E-002  0.10507656562951165       0.45442997504721255       0.93483851079505043       0.99263557834626415       0.99487852709266023       0.97500656535102947       0.91430794574805518       0.88091902541817624       0.83755064698271908       0.63587430265883482       0.15802488092887598        2.3325159853097788E-002   4.6425308889521937E-003   1.3829254154304277E-002  0.12406089532636701       0.87521521915201350       0.98667596853076411       0.99860198755636498       0.99978902351261556       0.99934330816273031       0.99371462119767473       0.93971641398236405       0.50179145067866382       0.16470596750947827       0.16196927569839434       0.49682188017848827       0.93957384873977279       0.99371858632762622       0.99919432411719844       0.99865395284022629       0.99026449366042812       0.92435397823875065       0.45474731688539632        5.3884018073723484E-002   5.6091780498343556E-003   5.7670585464612075E-004   6.4223213748177684E-005   1.8627388404928408E-005   2.0643745426537217E-005   2.3439431915647745E-005   2.3893203993138838E-005   2.6598370432189238E-005   4.8525862641738546E-005   1.4089787725062795E-004   4.2155903042935034E-004   8.9015036978034527E-004   1.0521690694670930E-003   1.0423475954195935E-003   2.5764209508499607E-003   1.9387197334490368E-002  0.14717301171228947       0.66494033257338714       0.83866361038562953       0.82134937980416289       0.55138220735051324        8.3723117045458956E-002   1.1352360322934053E-002   1.8184212597194323E-003   1.3209793644102443E-003   8.7477633226304679E-003   7.8620832687682468E-002  0.61607526778530319       0.84833394211124480       0.88036613322837121       0.88035365364854268       0.88763322905993991       0.92858907844430716       0.98705684898468882       0.99793342059091661       0.99771318990859603       0.98512177637495546       0.91553957508084272       0.83922328843345029       0.84340050814340295       0.91831033986222921       0.98507746089075088       0.99726311016587776       0.99528889021679923       0.96388229524446400       0.73678348619295742       0.24716922979323599       0.13496854156124419        9.8183508979427681E-002   3.7843888557931860E-002   1.1133831272254976E-002   3.7214405915397430E-002  0.28932625050329219       0.90017940203485902       0.98828761953619204       0.99843475575781060     
  0.99590745409873971       0.99188557717773262       0.99128799265276213       0.99533496590216819       0.99881018572381863       0.99968977640962053       0.99978409429437654       0.99960528698782514       0.99915796316079120       0.99892020201923803       0.99897807933663274       0.99935534265279236       0.99980026775264064       0.99987052688960254       0.99910003348458643       0.99099361434954880       0.91048011219518843       0.26635878557193982        3.5900292223213795E-002   4.6986729890271224E-003   7.6055132114277886E-004   2.6121770737681744E-004   1.9842060861996184E-004   1.3912687837589152E-004   2.6016272658883449E-004   1.9775009156184826E-003   1.7719677243256668E-002  0.15252805856280657       0.88792532785688283       0.98851728222535562       0.99884652178915989       0.99985693102739659       0.99974077388416649       0.99786076702226889       0.98255686364712302       0.87570467206861380       0.49707694823882054       0.29209861979094864       0.52909975368255779       0.88388224125424752       0.98315152011505391       0.99491839330481135       0.97471534872871579       0.81544587798107815       0.30054817211169338       0.14783774132674363       0.11312938993897255        7.6257567225478634E-002   2.1053216818947080E-002   3.9422011163534167E-003   1.7715102675361198E-003   1.1665881400799450E-002  0.11261127646603231       0.84882440009860338       0.98233911379729644       0.99800500950072712       0.99968402668030687       0.99902298714378746       0.99028696628445634       0.90280899537332837       0.21555938595922211        4.0412536335899370E-002   4.7531519677524482E-002  0.27826826411977817       0.91360557906944273       0.99133160369355744       0.99851782555540647       0.99510915420534718       0.96670281826281157       0.80612500681968791       0.22029306416539793        2.8616214272750105E-002   3.3257895808171999E-003   3.7696973191393804E-004   6.1003025572761809E-005   6.4475451988632891E-005   1.0120832562505227E-004   1.1457706459213748E-004   1.0947610415626604E-004   1.1800155278677379E-004   2.7293694409200725E-004   1.0224440331619467E-003   3.6907693945858891E-003   8.8524015642230027E-003   1.0342641526319706E-002   7.9376964403541170E-003   3.1200160924521048E-003   4.1046341626705517E-003   2.1001689396742230E-002   8.1799168566651106E-002  0.11428491919601662       0.11060213614200586        6.8049181198681877E-002   1.3722208688764824E-002   2.2052408341595559E-003   3.8199706580097727E-004   3.4331093995242437E-004   2.1272048317671627E-003   1.4841348767044132E-002   8.1575152502600973E-002  0.13355490369835829       0.13780012262862093       0.13358196278967352       0.17063094186537583       0.42819660965710243       0.93039315388345256       0.99190393567519541       0.99117627342254710       0.92488843841741908       0.40444693555831063       0.15189453497826050       0.15474840696054698       0.41600229890148832       0.92058804111756132       0.98843648081863067       0.98636511495546908       0.89628921273692630       0.24150285357163309        4.6161170754642107E-002   1.6594133349833399E-002   1.0470780757909691E-002   4.9999755475497974E-003   5.4752292509753333E-003   4.0096206748434539E-002  0.32382738122305360       0.90067682983658659       0.98555184575677013       0.99616742375989187     
  0.96390758166593815       0.91862042822956091       0.91293286166162346       0.95850257171928333       0.99212582888599843       0.99882479697825877       0.99982611687461664       0.99993942644198219       0.99991449507387109       0.99989305109094528       0.99989837268057524       0.99993289395128448       0.99997195429685581       0.99994952784698377       0.99958122410027994       0.99616234864857045       0.96583070461216414       0.72951067265483482       0.11637515051074353        1.7730178794729330E-002   3.9181897354373940E-003   1.9480046544512694E-003   1.5586799160682415E-003   7.9577502044653897E-004   4.0284926527499781E-004   1.4625146043136081E-003   1.3405137032410554E-002  0.12532980269877328       0.87694324767570841       0.98698354759867890       0.99865508863736074       0.99985335333205050       0.99992461618059614       0.99954762684077159       0.99698339472562247       0.98322629918890159       0.94043477500925721       0.91558503254593904       0.94370105018511963       0.98402861296438582       0.99607995782952752       0.99043393259309231       0.91306385356268338       0.29970078283331913        5.8533476720396667E-002   1.8976652120930169E-002   1.2042297649802110E-002   7.7896736084975176E-003   2.5066217233639665E-003   6.2944198779122697E-004   9.5334685019038249E-004   8.6219166974444740E-003   8.5574809703108129E-002  0.70870685365919273       0.96191529070579540       0.99552310520928378       0.99939250229945087       0.99899026615371112       0.99029002154837154       0.90246221188598741       0.20823816220632033        3.3759787034939856E-002   6.1615054728265339E-002  0.46941976017632631       0.93781775547755730       0.99337296021506571       0.99675371153829462       0.97754852071293186       0.82725522969896259       0.25912859030420871        4.9551773881770310E-002   7.4657997633947436E-003   1.0226260029020269E-003   1.6495145489418966E-004   1.7993176208509526E-004   5.6392470432357975E-004   9.9813015926755668E-004   1.1387933896430094E-003   1.0760013472293822E-003   1.0464414362608917E-003   2.0581837201179157E-003   7.7239232132559951E-003   3.2061251327442926E-002   8.8038310778031398E-002  0.10280930468933089        7.8151834988722496E-002   2.1955885748283315E-002   4.3804713112048374E-003   3.1834080541523128E-003   8.6311578477062008E-003   1.2220304610510335E-002   1.1817867648269111E-002   7.3072830527627598E-003   1.8978229489322199E-003   4.1856465848183179E-004   1.6585893015381395E-004   1.7456824811857907E-004   4.7617446980631288E-004   2.2669011068557959E-003   9.3113594096467037E-003   1.5663075602602911E-002   1.5911615977910337E-002   1.6298720475324761E-002   3.3967129218173207E-002  0.18084866735956914       0.89432181825211354       0.98749306846251894       0.98351975361791355       0.86637033024239429       0.15890933244238725        2.9908637560744519E-002   2.9136111234736618E-002  0.14802083157638224       0.81239623122205096       0.95993696189235433       0.96047369105901514       0.81172155565918558       0.12057511468531118        1.5017131956584094E-002   2.8015767343652328E-003   1.2043569125037754E-003   7.5493183279852776E-004   2.1263148130563478E-003   1.6757306257566201E-002  0.13324461141406244       0.73843951862065249       0.93818583609017625       0.97361020096508677     
  0.71070418769580990       0.31289473262016437       0.27801440616286222       0.67867879528721708       0.95740657068567236       0.99514157820208926       0.99946491245151547       0.99993820515087839       0.99998549637605316       0.99998805185963013       0.99998877954601251       0.99999000000000005       0.99999000000000005       0.99998048775748682       0.99983990743865325       0.99859675536727399       0.98784234029815587       0.89819409263054040       0.32876078159721789        8.2959897338616306E-002   2.6214829357869302E-002   1.6156592389470099E-002   1.2632519065946174E-002   4.9337532640662714E-003   1.4220116617258759E-003   1.4727949056251373E-003   1.1898910788120368E-002  0.11488735563443671       0.85660564795738070       0.98371544937672784       0.99822185233498051       0.99980580138466923       0.99996701928440423       0.99991875117722817       0.99955131463858660       0.99793857119807527       0.99369838608563354       0.99099605076555297       0.99307930458381288       0.99666076816773652       0.99665691522892164       0.98413756759597659       0.87096143217426802       0.14450016031048404        1.8599575834163776E-002   3.3374536209260903E-003   1.3671537637751712E-003   7.9884745379519011E-004   2.8936936772339995E-004   1.1179071171270528E-004   3.9161946416645278E-004   3.4718567632464224E-003   3.0945391812479524E-002  0.24705872240487117       0.89002736853720366       0.98739989033207631       0.99849436833354432       0.99897767356889622       0.99163358417782732       0.91852541842534219       0.32208895208897309        5.2400543624118168E-002  0.10773774133989052       0.79237104604320552       0.97445357723574688       0.99638870120920353       0.99216055544984372       0.92507030755755992       0.36547196812567423        6.2405305819340687E-002   1.0280972043958118E-002   1.6336539127875767E-003   2.7875340924647999E-004   2.6138041008885900E-004   1.2679250896696524E-003   5.2398169275422084E-003   9.9998792244447091E-003   1.1449233209591337E-002   1.0816683258713348E-002   9.8248611011396147E-003   1.5745718570692197E-002   5.3410832377160072E-002  0.24630806473481964       0.72459418042614354       0.81306502876943298       0.65542390740154577       0.16191285505379377        2.1839873011053342E-002   2.9071697161528859E-003   1.1972792413165909E-003   1.3394368003876432E-003   1.2761424930424264E-003   8.2363134446561577E-004   4.0043175133733114E-004   5.9636075699030853E-004   9.7704150210461580E-004   1.0564725255079008E-003   8.3832625188322784E-004   5.9710193712344281E-004   1.1516971763243168E-003   1.8682637901602257E-003   2.1184500085876606E-003   4.1987744297323007E-003   2.2729347259012857E-002  0.16916815968407653       0.89214669916238842       0.98515425828965975       0.96504951790507687       0.72977139454893136        9.4138333552825262E-002   1.1546920155318401E-002   8.5151876236398867E-003   5.6415874520154709E-002  0.40820700351027583       0.78037003109896852       0.78958467861850390       0.45628157999383562        5.8501012018158327E-002   6.6044579373927027E-003   8.3324449627187691E-004   1.8760617694897594E-004   1.3604142326531076E-004   5.7863500363879378E-004   4.1789878680267185E-003   2.9193014176829672E-002  0.17543030277230651       0.63491501503395431       0.79931804279476060     
   8.5130633369837477E-002   4.0416612019057128E-002   4.9910923971535487E-002  0.22704252127556146       0.90210578740978253       0.98999021040041579       0.99899252521693249       0.99989781768119046       0.99998812202454268       0.99999000000000005       0.99999000000000005       0.99999000000000005       0.99999000000000005       0.99999000000000005       0.99995135946997371       0.99961812308294695       0.99703105455705943       0.97815897952856412       0.86059528611928748       0.48009895140597197       0.19456067903518204       0.13674620543398636       0.10306062889975752        2.7988866848977764E-002   5.5733515345897239E-003   1.8628777517642912E-003   9.4847656433541244E-003   9.2537820000474752E-002  0.75165679711221622       0.96932703974748979       0.99659484634505768       0.99963262292976063       0.99995830085241599       0.99997880979096765       0.99990393641496145       0.99952935467299231       0.99805114062041944       0.99365130089926668       0.98901520547640231       0.98707370369395020       0.98304158693991428       0.95551498792080103       0.76600406109684949        9.9686622191502969E-002   1.0665998269798667E-002   1.2398793556877038E-003   2.3093557464198708E-004   9.0299826804033899E-005   3.4819435871875315E-005   2.6111556692158484E-005   1.5598833271339939E-004   1.3941235041791827E-003   1.2537749465290118E-002  0.10987129634611582       0.75213026006698769       0.96838003291062313       0.99614098533781081       0.99811654094693691       0.98762666489485285       0.89221929175207659       0.23597338215424807        4.3691880240166535E-002  0.12145362637730495       0.85911243066757814       0.98378586976064852       0.99723988583999668       0.99003467427086922       0.90214928832495744       0.20940765914798168        2.8495841622668178E-002   3.8529764515103826E-003   5.5852176764991431E-004   2.3982030035290524E-004   1.2717728717847483E-003   8.7323514391566583E-003   4.7310055171634370E-002   9.8473102353662190E-002  0.11243979227165264       0.10709283086982671        9.4508723453264665E-002  0.12303352261736314       0.29346617077334264       0.81456083411223956       0.95609515840130099       0.97360237338243627       0.92973428591559260       0.64875165256247247        7.7099574964374168E-002   7.7906531978792744E-003   8.6788995074858224E-004   2.2463875191128859E-004   1.8133228204950360E-004   3.0866732208277141E-004   1.2504721285643836E-003   5.0484795897034595E-003   9.7100272921976771E-003   1.0551827971726227E-002   7.7481783398696156E-003   2.5180464305501089E-003   6.8281046637294564E-004   5.0234753268572831E-004   1.5303094141217333E-003   8.6928676596512676E-003   5.5750619267574984E-002  0.33901031777989626       0.91999256596566226       0.98313122567530820       0.91319885159823921       0.28709836534862254        3.6503911604499881E-002   4.4446057300001791E-003   2.0231680880682668E-003   9.9314352245679551E-003   5.1425990254127155E-002   9.8846761757406171E-002  0.10057839049457229        5.6763671836188259E-002   1.0536656267626687E-002   1.5291843843330830E-003   2.0983072304192894E-004   3.7091533039194836E-005   2.6660855374966647E-005   1.2298784408915000E-004   7.8306585748068184E-004   4.6115873578948374E-003   2.2767733667751752E-002   7.4926956576071124E-002   9.9397493232045400E-002
   8.6085799705932099E-003   5.6846429966758731E-003   1.7476144767055939E-002  0.13698647923930707       0.88279503820938332       0.98784720235624268       0.99876901610336433       0.99987504078252631       0.99998634771396278       0.99999000000000005       0.99999000000000005       0.99999000000000005       0.99999000000000005       0.99998787483446394       0.99997698219496933       0.99990704300081323       0.99943160965116418       0.99651228337588549       0.98187092596399250       0.93773886247229965       0.89452401014917438       0.85718552591974129       0.68555504007331181       0.12004665948436974        1.6059769711596734E-002   2.5819545120267734E-003   5.0482154867211755E-003   4.3206822607986042E-002  0.34723542088134568       0.92349146930143611       0.99238928277561556       0.99925219776229235       0.99992375309076087       0.99997058982465192       0.99982351947037817       0.99866805974984563       0.99083008887041946       0.95025983266136771       0.89895929907922556       0.88027680442804290       0.86161528768482354       0.76280901644017407       0.29373952363438821        3.9203470548286976E-002   4.5629496761623398E-003   5.2298237847315653E-004   6.7651410711140492E-005   1.5015247741312900E-005   1.0000000000000001E-005   1.0000000000000001E-005   5.7990550219065722E-005   5.0526672022718939E-004   4.3934685281958492E-003   3.7336105119278581E-002  0.28444949258451457       0.90754492506349282       0.98878854628168711       0.99405267494344629       0.96709164800506420       0.76388947472933633       0.12079697436630800        2.6571097489002056E-002  0.11377653077428743       0.84319499080731319       0.98091578439526073       0.99692771635041078       0.99189212074531474       0.92194512291134478       0.34024814952136700        5.0901495072138203E-002   6.6201916189317341E-003   8.8946218207282713E-004   6.6091400817520180E-004   5.2246387373466284E-003   4.7164647983802072E-002  0.36909205941169593       0.78072230643156282       0.85298928762942805       0.83459633648859888       0.76184519902925341       0.80523559131500699       0.89722754452902875       0.97353947386029693       0.99357816999621928       0.99471404979936984       0.97343721061116995       0.80568938709712479       0.10092023718598916        1.0101687238357176E-002   1.0036564569842325E-003   1.3298601372985948E-004   1.8552856112919423E-004   1.2364457565908478E-003   8.4219361519099183E-003   4.5319664756121751E-002   9.6020404548708513E-002  0.10454846581843313        7.6573837900897945E-002   2.0492211297705145E-002   3.7178666774257824E-003   1.5716566269593755E-003   6.8131173283754298E-003   4.1435147122870337E-002  0.23062724733918871       0.81469310829965524       0.97492981130541745       0.98676613374878719       0.89688279807673177       0.18631490897933550        2.4064889303471396E-002   3.1586428472861472E-003   7.4894649063388227E-004   1.5172928802555062E-003   5.6774252066735045E-003   1.0159104276804817E-002   1.0341835733266910E-002   6.1343373653617757E-003   1.5004006897436314E-003   2.7104549222446451E-004   4.3293958947290302E-005   1.0000000000000001E-005   1.0000000000000001E-005   2.3201702715010764E-005   1.2568321453667922E-004   6.3637712845375873E-004   2.6451501029992478E-003   7.5166912990065711E-003   9.9230422878659862E-003
   9.6116838902984890E-004   1.7408834973064809E-003   1.3057708968476519E-002  0.12217130603859575       0.87528507832594749       0.98674097962152751       0.99862423886909701       0.99985695799947416       0.99998420750119688       0.99999000000000005       0.99999000000000005       0.99997920391517015       0.99994107844277580       0.99989928502825343       0.99988038037423743       0.99987167914628061       0.99982045733365332       0.99946035450949267       0.99777817464671237       0.99302713656160646       0.98484709325901987       0.94821119000215781       0.69130249436813374        9.6051068302912643E-002   1.1416418074238354E-002   1.8918306284014198E-003   4.3513904042887883E-003   3.4045681245095216E-002  0.25966559112935772       0.91104861560649997       0.99118315951849167       0.99913886862352641       0.99990977404947134       0.99993308086404864       0.99944005428659344       0.99472276802815063       0.95158455146858223       0.61519115385298817       0.21126884691879633       0.13395412142711996       0.11772999014735611        9.5853229675704213E-002   3.8826230911592451E-002   7.2360499024674840E-003   1.0738803582512593E-003   1.4441251657141505E-004   2.0080238304804127E-005   1.0000000000000001E-005   1.0000000000000001E-005   1.0000000000000001E-005   2.3394842090429885E-005   2.0035274335824542E-004   1.7727927943338457E-003   1.5662279239038016E-002  0.13423563600208593       0.83647606356183257       0.96899674880525222       0.97375202418121098       0.87846596101730801       0.27251912313345400        3.8668862062399924E-002   1.3343426788236442E-002   8.3948189345692537E-002  0.69066165953614278       0.95516068702906398       0.99326363855983157       0.99599287758300559       0.97405767543068100       0.79777837940890306       0.18138887970668607        2.3356332122507657E-002   2.8417432734155219E-003   1.2918330579492323E-003   9.8434529727873289E-003   9.6916785597989566E-002  0.77445642297097494       0.95696218590626758       0.98132258690241014       0.97991016392726316       0.97013620950170554       0.97547981703843301       0.98788525249500447       0.99651576282988974       0.99872251307415816       0.99564356350404659       0.96348055181659742       0.71015448120602609        8.5067154065243830E-002   8.4896014848958347E-003   8.4277836876294485E-004   1.4311898100764263E-004   5.6156815708046715E-004   5.0976082532434384E-003   4.5573877003366063E-002  0.35250393026976645       0.76963068308180704       0.81962426464659199       0.64181142847325190       0.14861592003432320        2.0675297167232654E-002   7.6202193524040254E-003   3.6213154115840925E-002  0.21204676752010859       0.78176966058402875       0.96239573679250501       0.99381133299542579       0.99106522765735861       0.91817781588796021       0.31644385368071432        5.2154730708753552E-002   8.8496296211878402E-003   2.2209708908835471E-003   1.0173145725169926E-003   8.8344673862442353E-004   1.1095175056210951E-003   1.0746518150666980E-003   6.5983879459221109E-004   1.9673783184661028E-004   4.3063325931063711E-005   1.0000000000000001E-005   1.0000000000000001E-005   1.0000000000000001E-005   1.0000000000000001E-005   1.9428327400703470E-005   8.1744212590796050E-005   2.9535407502713360E-004   7.4488429514198552E-004   9.8178758983455774E-004
   1.9897651399082333E-004   1.2178115014460926E-003   1.1725596986431913E-002  0.11401940475349401       0.85512874252579796       0.98348845104980209       0.99819291125047049       0.99980384484620333       0.99997770851569778       0.99999000000000005       0.99996494060482255       0.99984038150111765       0.99945386501513511       0.99900057243751028       0.99882532424682025       0.99885857465738104       0.99909715748169381       0.99948327370855505       0.99934234598679605       0.99760642271639843       0.98575353755132700       0.88914976558901415       0.24939171425040368        3.3462127775630193E-002   4.4054748209361866E-003   2.1295833570022533E-003   1.1137614674956348E-002   8.0445660332855037E-002  0.53594711661603089       0.94481443634832929       0.99426834123694485       0.99941495030141836       0.99993199967420698       0.99990715157802956       0.99912360442474724       0.99112699310569630       0.91132174090009499       0.26765436922497948        4.8776895126629478E-002   1.7323267076201163E-002   1.2564347995159743E-002   9.8134107557985521E-003   4.4588943599262066E-003   1.0651803025450927E-003   1.9389593961286698E-004   3.1304026060341009E-005   1.0000000000000001E-005   1.0000000000000001E-005   1.0000000000000001E-005   1.0000000000000001E-005   1.1332959288253131E-005   9.1367841813038542E-005   8.3963962957443370E-004   7.7872139816465959E-003   7.1725136660498665E-002  0.56654040947282824       0.83815794233517404       0.84784133456446831       0.63048087955763465        9.7026552104409441E-002   1.2459245649500465E-002   4.6874077736792103E-003   2.7969969023221415E-002  0.21819454090372314       0.83973912080756086       0.97136463918018623       0.99320318093465187       0.99096688451086246       0.94189630177817441       0.61875232382530609        7.7425144614652386E-002   8.4224980273041022E-003   1.9463968890626464E-003   1.0699403619705058E-002  0.10498184348798306       0.82168330462346095       0.97473512705253929       0.99468021323287681       0.99703085640198885       0.99641030211230996       0.99708583272888551       0.99855867979166968       0.99945598593945661       0.99896386384653546       0.99092226901377334       0.91106981645485419       0.27367834592749829        3.4010882411933500E-002   3.7743565034867275E-003   4.1683755884901327E-004   1.4454879205839374E-004   1.0089963846498622E-003   1.0009798324076561E-002   9.8225496228180428E-002  0.77764752482120880       0.95597109263513913       0.97298386297186723       0.92005710467198809       0.58505096470619644        7.2980029050498968E-002   3.1062705335639405E-002  0.17778675902300398       0.76114665532283199       0.95689345643018242       0.99292241017583704       0.99859311492638636       0.99685098933980831       0.97419171062964527       0.80175153004847122       0.22408116331410036        4.8568679544991111E-002   1.6178011174681727E-002   7.4698272170942966E-003   2.4033503350120917E-003   6.7541265861705154E-004   2.3554963693072815E-004   1.0368834244897529E-004   3.8878451496999472E-005   1.4881725956091728E-005   1.0000000000000001E-005   1.0000000000000001E-005   1.0000000000000001E-005   1.0000000000000001E-005   1.0000000000000001E-005   1.1388527230025244E-005   3.2966459462877320E-005   7.4993475980607066E-005   1.0657655587622032E-004
   1.0337992789665661E-004   9.2569398686210701E-004   9.1996425609781000E-003   9.1193510956451632E-002  0.74386320583585530       0.96827757214005394       0.99647818118943321       0.99961990813663837       0.99995488247470676       0.99996158279617098       0.99978098783679836       0.99879399602639396       0.99500787426606652       0.99003827887479601       0.98826674950252980       0.98856758645247167       0.99103817767373503       0.99590976074739601       0.99722243157804824       0.99302450654753271       0.96046840296248903       0.75034532363592932       0.11076699632613202        1.3189230872408923E-002   2.7399687080558906E-003   7.6810987393693070E-003   4.5226611976159133E-002  0.25430082068717330       0.85508106140308315       0.98185440783065214       0.99790223135144807       0.99976263474926419       0.99996519595693445       0.99992203546656289       0.99925071337152416       0.99243303893531842       0.92439141381592038       0.35752870489532323        5.5062062498858817E-002   8.2349485211083255E-003   2.0625492741785365E-003   1.0788342537700923E-003   5.0275011508917847E-004   1.4215107955096814E-004   3.1117634974382780E-005   1.0000000000000001E-005   1.0000000000000001E-005   1.0000000000000001E-005   1.0000000000000001E-005   1.0000000000000001E-005   1.0000000000000001E-005   3.0452628940678911E-005   2.4520504258671364E-004   1.9241137453618153E-003   1.3722040220905439E-002   7.6637382818298627E-002  0.14014893098249726       0.14419548103416252        8.5084422350493571E-002   1.6833192434191135E-002   2.6954338605957627E-003   1.3860475042347174E-003   8.5817569089531968E-003   6.8052769742547176E-002  0.45027022292857649       0.84362671463426608       0.96048287033715640       0.98483134093200986       0.97672983442901484       0.84308338273042782       0.14279337626190108        1.7048726509521949E-002   2.7235354860916604E-003   8.0322926710229801E-003   7.7442275709933325E-002  0.64994287093106562       0.93373397897387778       0.98339204702380456       0.99520056238753674       0.99807683892072718       0.99913501053050768       0.99958993574888955       0.99964182910633526       0.99847662210916832       0.98706982688398015       0.88086451317375691       0.14562336304836879        1.6709354281865818E-002   1.8392977778735377E-003   2.1196659834060090E-004   1.3763579405420666E-004   1.1555320528715699E-003   1.1503800434093665E-002  0.11232796766210999       0.84932083735577468       0.97900489089118414       0.99029720191115167       0.95966006583546637       0.72804746659173203       0.10021563797153413        9.0187079751171476E-002  0.63819582058831503       0.94063907045854644       0.99094947714521897       0.99859358910514717       0.99969063831510707       0.99920901010644347       0.99434816325107522       0.96195687411834863       0.79554297078959857       0.28708627627306504       0.13097579695221107        6.8603275066288674E-002   1.9636325390311276E-002   4.3121041186720893E-003   9.1127601492920667E-004   2.6281218422139776E-004   1.3462888943280196E-004   8.2520553909966101E-005   3.4379470330674063E-005   1.1804381343820792E-005   1.0000000000000001E-005   1.0000000000000001E-005   1.0000000000000001E-005   1.0000000000000001E-005   1.0000000000000001E-005   1.0087146305646238E-005   2.0657766445018142E-005
   9.5419084312365794E-005   5.6854150022112027E-004   4.5365222251047858E-003   3.9799238933384842E-002  0.31760880973652045       0.91918828359094806       0.99195189080308399       0.99920689780302885       0.99990292862661678       0.99983688880501664       0.99881503373122182       0.99188873102414887       0.95625542053199375       0.90245395743678292       0.88565284314238779       0.88796784781335591       0.91090627572902960       0.96355116511418271       0.97821108980567506       0.96005158315936834       0.82219492534273941       0.24970542018549874        3.4418476170107230E-002   5.1880765954057028E-003   6.9862244982197797E-003   4.0613705544002780E-002  0.22302511414891268       0.79313797738560965       0.96753752560303008       0.99557850010533855       0.99942617075602247       0.99991476188453066       0.99997456027780252       0.99995809131589586       0.99968050737388270       0.99713048715301389       0.97491946764216275       0.80268126420025132       0.18815792381685809        2.4005504690112325E-002   2.8552603941027158E-003   4.0026613936360934E-004   8.5805150379335025E-005   2.1457784452487432E-005   1.0000000000000001E-005   1.0000000000000001E-005   1.0000000000000001E-005   1.0000000000000001E-005   1.0000000000000001E-005   1.0000000000000001E-005   1.0000000000000001E-005   1.0000000000000001E-005   5.4906609652030152E-005   3.6382650581567844E-004   2.0932781926500900E-003   8.9911807529878263E-003   1.6981286033455639E-002   1.7497841584502308E-002   9.8259619644762847E-003   2.4437061260280438E-003   4.8320314620051895E-004   3.2270844034341413E-004   1.8516782093475467E-003   1.2433092746386463E-002   7.0030200463414488E-002  0.23468223343003897       0.73683332683193004       0.89514253440890112       0.96403538239542397       0.90715952093980279       0.32199520409887866        4.1985217414608991E-002   5.1706988554033242E-003   3.1492222831384521E-003   2.1998266954160437E-002  0.16539582742570791       0.68791148923406265       0.88229865349824854       0.96443408044490364       0.98672050106039244       0.99531956565484081       0.99789341344622595       0.99820003378701139       0.99603303069536397       0.97813158865352712       0.83782638970890910       0.11324483642273900        1.1890478000670161E-002   1.2277223027238118E-003   1.3749285592702285E-004   1.1557771391034726E-004   1.0175695495860987E-003   1.0134444281183872E-002   9.9453675507061134E-002  0.78461537371534151       0.95722760736311774       0.97131785563743334       0.90186294483035523       0.45503196291511022        7.1721010894318288E-002  0.12817204792246140       0.84052308390264807       0.97970108040636206       0.99739879511373797       0.99964689114890837       0.99992870349595353       0.99983771147534162       0.99899462441275244       0.99421324689125490       0.97255211390982532       0.90633723342276662       0.82955801184016109       0.55494787076156982       0.15134017349194237        3.0491753863098027E-002   6.2484616847538399E-003   2.0327535893216388E-003   1.2345339201501083E-003   8.0468842634350891E-004   3.0732303059615216E-004   8.7036968567812093E-005   2.2450306186352633E-005   1.0000000000000001E-005   1.0000000000000001E-005   1.0000000000000001E-005   1.0541171034811837E-005   1.4948276125775602E-005   2.7702657745777986E-005
   4.4889605828966618E-004   1.2749326211372112E-003   4.4981356940202635E-003   2.8234592623336649E-002  0.20781773012187119       0.90196361886204279       0.99023249005663005       0.99903938758847433       0.99985222793016837       0.99948222410396093       0.99530161268990636       0.95799974364419949       0.67349035095513499       0.22960574595312291       0.14396723838669795       0.15069624723434466       0.26835749096476663       0.70855121404580523       0.82652651631529395       0.75073602529581795       0.29961642532179800        5.6300991769205687E-002   8.8798663123262310E-003   5.7348609277441814E-003   3.3642642986093194E-002  0.21045748276477144       0.78025865320495780       0.96024892644839888       0.99371002991329482       0.99905813804643961       0.99981375686795193       0.99985791719536321       0.99988321611540021       0.99993559190263537       0.99987861213236229       0.99912338290069491       0.99291713357101130       0.94518044960806691       0.63911593721510984        7.5806079954933200E-002   7.6481809488420710E-003   7.6935959405900767E-004   8.1358620530193882E-005   1.0469232306814519E-005   1.0000000000000001E-005   1.0000000000000001E-005   1.0000000000000001E-005   1.0000000000000001E-005   1.0000000000000001E-005   1.0000000000000001E-005   1.0000000000000001E-005   1.0000000000000001E-005   1.1786393257065731E-005   6.0417121886186963E-005   2.9401920357623428E-004   1.0600613808329959E-003   2.0024530486494286E-003   2.0597707754197482E-003   1.1422459638649152E-003   3.3284618758399351E-004   7.8390781845786924E-005   6.3270874596616425E-005   3.2851639410815518E-004   1.8933451561983052E-003   9.1301903439364382E-003   3.2463451889955038E-002  0.11497274728968182       0.30278900036636180       0.82005205403457837       0.94256744469963494       0.75820362237727879       0.11134515297151813        1.2797107162241850E-002   1.9895278801428428E-003   4.1593875556618087E-003   2.4106691330503617E-002  0.10076070746027321       0.25346510671736366       0.73775976970726942       0.88693739778452363       0.96066679192765103       0.98173068589583667       0.98484922010053011       0.97760265630997467       0.92594785053834672       0.63486698316082357        7.6253005764798182E-002   7.7857250625562443E-003   7.8775337612620199E-004   8.6409224698889641E-005   6.9278871214709285E-005   5.7715977900004421E-004   5.3790305307595933E-003   4.8749208814042058E-002  0.38183439418899134       0.77751021903017037       0.81748925661117600       0.61860586071585133       0.12871908531812254        4.0211320254089716E-002  0.17296443414125742       0.88696504416484967       0.98784896909068298       0.99868941477193995       0.99985260675550225       0.99997823428589749       0.99996972315689969       0.99984029808712049       0.99919857573714155       0.99667382462507315       0.98964446355917413       0.97745356443082654       0.92616060223638863       0.72034911296583026       0.18660333854951006        4.1949515230811342E-002   1.6828951583235829E-002   1.1844878921884393E-002   8.0027145899584512E-003   2.7516271352356608E-003   7.0097413677806331E-004   1.6229343511158013E-004   4.5370946049706708E-005   2.9147480832108759E-005   4.7183842428760233E-005   9.1524608841094104E-005   1.3118280345904686E-004   2.0225622261504098E-004
   3.8348480554118995E-003   9.8438201324049148E-003   1.9978657566857905E-002   7.1461975672607633E-002  0.37459634077546389       0.92613024440741765       0.99257176160041594       0.99925522266710864       0.99984692302817701       0.99919993942145879       0.99208003262522604       0.92162402072019745       0.34287886563927739        7.2141332631666388E-002   2.9373007893303282E-002   2.1805445235935361E-002   3.5078327942182658E-002   8.5683772494172458E-002  0.10574919228259010        9.2465502277881570E-002   3.8661475818920703E-002   8.9991763246815241E-003   3.7432595580044812E-003   1.9199844254968783E-002  0.15073532332433207       0.75171745116411259       0.95588005342657678       0.99268869297148887       0.99880676598472518       0.99971352992380680       0.99957608823764121       0.99895976881288651       0.99901784594562759       0.99957609942430814       0.99983121360785665       0.99964665261820496       0.99742134298079022       0.97891562941548638       0.83189258538263833       0.10759112113660436        1.0907182742579794E-002   1.0819525485182937E-003   1.0775267152363387E-004   1.1814310332946195E-005   1.0000000000000001E-005   1.0000000000000001E-005   1.0000000000000001E-005   1.0000000000000001E-005   1.0000000000000001E-005   1.0000000000000001E-005   1.0000000000000001E-005   1.0000000000000001E-005   1.0000000000000001E-005   1.0613929762661721E-005   3.9919811554477959E-005   1.2590150245413444E-004   2.3413703767787933E-004   2.4013204089489299E-004   1.3408440983670027E-004   4.4124725385672461E-005   1.2667662696757053E-005   1.1776190273130378E-005   5.2379120069694145E-005   2.6712804345399013E-004   1.1659754031131406E-003   4.2229161294035722E-003   1.5848928051765406E-002   6.2371573553951856E-002  0.32470125332153493       0.89957218420775187       0.87607858678430595       0.24216984559250468        3.0498591194277763E-002   3.5375636424046291E-003   9.9082724605202392E-004   3.1619342377808592E-003   1.1897084890331547E-002   3.3590004833755224E-002  0.10653710001776938       0.24138003354448079       0.70043725944960622       0.84528262095480644       0.86573874586436284       0.83414905095433556       0.63433254437770970       0.15246331872037980        2.0589936884412460E-002   2.4649648624507788E-003   2.8215834167300398E-004   3.3949759138260679E-005   2.4347633280037204E-005   1.6873246078038501E-004   1.2971349314796453E-003   8.9828180903184195E-003   4.8586063866602081E-002   9.7696952941495205E-002  0.10492302878300819        7.5991871672908981E-002   2.8330201887573792E-002   6.6349246327561742E-002  0.38735390173385620       0.92664374656755599       0.99246638746138671       0.99922938180002419       0.99991967117174430       0.99998979579847735       0.99999000000000005       0.99996895517136430       0.99986104736119175       0.99947149379378508       0.99841142602754374       0.99612369739198192       0.98762599178734156       0.94694767861545226       0.75391715240393953       0.26300106480702939       0.14131661564375136       0.11294243478801304        7.8925857591166521E-002   2.3755472087280842E-002   5.3878949436515283E-003   1.1791292606855460E-003   3.4395436583084407E-004   2.4724952424064677E-004   4.3491061751081261E-004   9.0883588106044095E-004   1.2662461132940423E-003   1.8247741075132933E-003
   3.3733716776279718E-002   9.1311793466130109E-002  0.14700256238948356       0.33334565526989002       0.84176737261950407       0.97897107189134747       0.99751292207751963       0.99971248941136392       0.99990809342649201       0.99941346044913970       0.99443358137710447       0.94802813232512217       0.57865234143733335       0.19371785272205383       0.10069974427764149        3.6062676480735356E-002   1.6638800285711918E-002   1.2286714272437318E-002   1.1496744348879328E-002   9.4800735161801875E-003   4.4478624619704562E-003   1.7899711166813631E-003   6.1478431056369697E-003   5.7326255611587239E-002  0.48539674230578816       0.92269137094564524       0.98929577048355766       0.99842436213465902       0.99965913868332779       0.99939509086595213       0.99734955160042393       0.99106283567144526       0.99111995732084879       0.99655666318091229       0.99896619777453344       0.99940391250654925       0.99773561620893070       0.98282468088787422       0.85699510316367111       0.11386117124680042        1.1633972313079388E-002   1.1593191725363630E-003   1.1606321540508058E-004   1.3294066451123802E-005   1.0000000000000001E-005   1.0000000000000001E-005   1.0000000000000001E-005   1.0000000000000001E-005   1.0000000000000001E-005   1.1501987803113315E-005   1.2138725086016956E-005   1.0572010973993669E-005   1.0000000000000001E-005   1.0000000000000001E-005   1.0000000000000001E-005   1.5952134657453512E-005   2.7640878199559958E-005   2.8232982325541290E-005   1.6723127027699485E-005   1.0000000000000001E-005   1.0000000000000001E-005   1.0000000000000001E-005   1.0000000000000001E-005   3.7682099896241991E-005   1.5939855146308493E-004   6.5526066780465821E-004   3.2387826237214676E-003   2.0505963955312592E-002  0.15661477331852877       0.88029716662325097       0.94674536049350966       0.70030513256345872        8.4627612814469580E-002   8.5514976743108310E-003   9.3749793255399846E-004   4.7398721219101236E-004   1.3871106837337200E-003   4.0030297183519178E-003   1.2136783003035676E-002   3.0200612230793327E-002   8.4177812758502724E-002  0.11089504143675172       0.11655378317182429       0.10852096021884400        7.5678254853958501E-002   2.0541064747368259E-002   3.5742316510783117E-003   5.2204989125005511E-004   6.9794651196387520E-005   1.0397280500341178E-005   1.0000000000000001E-005   3.6741254936563389E-005   2.3389570602589378E-004   1.3006383754963597E-003   5.3830101503233125E-003   1.0115535631270033E-002   1.1836888365323154E-002   1.4882922567526153E-002   4.5453554639097324E-002  0.24067866216934580       0.82819508436199496       0.97792340018609158       0.99743408521689680       0.99971072534390892       0.99996637407277089       0.99999000000000005       0.99998839513306370       0.99994696854818299       0.99973738613824670       0.99884836197543203       0.99600854011939699       0.99068953718144093       0.98801961828339280       0.98444450287776963       0.96471422292476106       0.90748090444929908       0.87930609579671115       0.84085337020684570       0.65874010357367652       0.18406783812147229        3.8272070825835058E-002   8.2439044414498539E-003   2.6631400232378674E-003   2.1578902118863544E-003   4.0051993828455626E-003   9.0889816742892506E-003   1.2299064854936195E-002   1.6560621152052455E-002
  0.26782841646131494       0.72092182845959374       0.86260925005375866       0.91669226869099296       0.97811170538927472       0.99625062386424679       0.99945743118187347       0.99992559461030528       0.99996863468387465       0.99981590476638649       0.99856820397460400       0.98985092092006544       0.94309689568910948       0.87401188633559512       0.73232546057190373       0.26193097948570304       0.10864810760586367        2.9508244785838016E-002   6.7806556881234176E-003   1.8960805908096339E-003   7.0060467611182101E-004   9.8126763441937540E-004   8.3377067195717618E-003   8.3834439558267179E-002  0.70764982762269124       0.96212234232829696       0.99543796910514903       0.99938241237130443       0.99953032464426528       0.99732183442845879       0.98345131200405811       0.92039880655716233       0.91722975848196486       0.97172538117451224       0.99224798562803518       0.99651097342266437       0.99302472909281103       0.96560180801820983       0.79040586301430005       0.10000382049912108        1.0143606990638787E-002   1.0129099635055863E-003   1.0825846969711461E-004   2.1208039316045795E-005   1.4505694076855942E-005   1.5442839219169915E-005   2.0564906915682620E-005   3.7535872470881679E-005   7.5314605709355330E-005   1.0555623908395842E-004   1.1248159816700290E-004   9.2876264922246029E-005   4.7526353652986824E-005   1.6405780521981821E-005   1.0000000000000001E-005   1.0000000000000001E-005   1.0000000000000001E-005   1.0000000000000001E-005   1.0000000000000001E-005   1.0000000000000001E-005   1.0000000000000001E-005   1.0000000000000001E-005   1.0000000000000001E-005   1.0000000000000001E-005   3.8458357700660626E-005   2.3536871467298980E-004   1.7603171061215479E-003   1.4987563404016331E-002  0.13256460861686858       0.87847678283357866       0.96847538326174498       0.84506254912124101       0.11240697894816892        1.1598829752594788E-002   1.1867626662488309E-003   1.6792278200184133E-004   1.7240725391270501E-004   4.6623198272548091E-004   1.3490650684049898E-003   3.3862982680696956E-003   8.4489394845425701E-003   1.1294977916637689E-002   1.1971815094242668E-002   1.1042001817419340E-002   7.6653524150954253E-003   2.4515885242553429E-003   5.2109678966808957E-004   9.0367408795930765E-005   1.5148484141759556E-005   1.0000000000000001E-005   1.0000000000000001E-005   1.0000000000000001E-005   4.1719008599438068E-005   2.0075656854792083E-004   7.6330414293173082E-004   2.0994531617974732E-003   7.5570470919382772E-003   3.9131981909336443E-002  0.21442721951040078       0.78526725476592962       0.96420858012804234       0.99497181937150614       0.99934039027506394       0.99990907741932844       0.99997705800023495       0.99997781595811186       0.99993801799714621       0.99969563962536290       0.99833699860299241       0.99161997527441070       0.96628602054035395       0.91155194045316312       0.89808018383320698       0.92319930565857466       0.97311962471933833       0.98555987012565049       0.98612407935651414       0.97990653899411351       0.94424666490932707       0.77066823919725147       0.22730304279757371        5.5478735965547636E-002   2.1136460242156211E-002   1.8868997312463213E-002   3.5936986262033871E-002   8.9831941183995415E-002  0.11711231307529991       0.14468898957848789     
  0.91026278702773566       0.96508475537795735       0.98419165593345281       0.99121361660493645       0.99732211749657518       0.99944072575121201       0.99990377081705284       0.99998385350310559       0.99999000000000005       0.99995880788640745       0.99973410311762634       0.99848686331831171       0.99344278263336194       0.98528287898906253       0.96448471008553038       0.88940397462090992       0.72447322341141596       0.20255207027504862        3.6596241470386523E-002   5.4533474725854949E-003   8.3273576208690490E-004   7.4525131364821325E-004   6.3625293998695320E-003   6.2581036213404093E-002  0.53630638810053488       0.94416727036366999       0.99406239076373704       0.99924557104283129       0.99883443785288617       0.99049351969003674       0.91666184428916220       0.38026558878471012       0.33275656687357003       0.78633772430324700       0.94268746539051529       0.97348644861470879       0.95580904027838343       0.83852327935691373       0.41351192539793713        5.1424672874256082E-002   5.5610424185439447E-003   6.1531554451056669E-004   1.3808766851777462E-004   1.1712387081523312E-004   1.2722312935133657E-004   1.4036988655658484E-004   1.8451726628618148E-004   3.4676081513945951E-004   7.5428043733115867E-004   1.0658177489358690E-003   1.1301011440119568E-003   9.2467426214135800E-004   4.2645722783101614E-004   1.1989299864752781E-004   2.6612948125906157E-005   1.0000000000000001E-005   1.0000000000000001E-005   1.0000000000000001E-005   1.0000000000000001E-005   1.0000000000000001E-005   1.0000000000000001E-005   1.0000000000000001E-005   1.0000000000000001E-005   1.0000000000000001E-005   5.4977184760082748E-005   3.7159206340252863E-004   2.6422647450636857E-003   2.0123745828475290E-002  0.15872330233968301       0.88707011529275304       0.97449306218495191       0.87376767013324730       0.12631676855084609        1.3736837588778991E-002   1.4898037736312529E-003   1.7682860119208236E-004   4.1078011596696296E-005   5.7224505505826278E-005   1.5028196939029348E-004   3.6956344873096899E-004   8.4036373831998827E-004   1.1297560045815318E-003   1.2049866321546833E-003   1.1040778734671959E-003   7.6906063583696664E-004   2.8019488601623715E-004   6.9770689754512910E-005   1.5179665443305463E-005   1.0000000000000001E-005   1.0000000000000001E-005   1.0000000000000001E-005   1.0000000000000001E-005   3.7312720245579667E-005   2.1365884414002883E-004   1.1898935622701736E-003   6.5731696221439373E-003   3.6939994749115260E-002  0.20066772270090455       0.76739596403802601       0.95777235607337596       0.99316825578057977       0.99895211398679373       0.99980128029065085       0.99988392452084685       0.99987242596760006       0.99983232066310135       0.99961797205203606       0.99828189059034433       0.99001161825599382       0.94266943755826849       0.73984169542656442       0.27256941411809554       0.19240488151535620       0.36336633927468120       0.82410096259502508       0.96628862286889261       0.99361210296419977       0.99679429138096565       0.99160148410649152       0.96131745048128880       0.81472780607720285       0.34099297819301827       0.16683028445739423       0.15875567099755758       0.28770350195511540       0.73323048692118331       0.85520813685585872       0.88277173361020567     
  0.99082780781194923       0.99599652815593576       0.99814616945591350       0.99900536423110187       0.99965639908739001       0.99991442154879207       0.99998145006694950       0.99999000000000005       0.99999000000000005       0.99999000000000005       0.99995743361439615       0.99979778022901000       0.99926131082600467       0.99831595735463274       0.99566175003645241       0.98595719797791759       0.95174386350499218       0.76798129036687324       0.18927754773204317        2.4880618792839648E-002   2.9889700420528639E-003   6.7265209634030654E-004   2.9814034077019326E-003   2.6181380298077695E-002  0.21359503056641030       0.90173107720147561       0.99008157619954074       0.99885281448107588       0.99845078646643848       0.98684089478432224       0.88044836417341121       0.15913915946456472        6.3006384268211493E-002  0.18582551727715943       0.63757545523405923       0.80029924206697223       0.69904730806617521       0.23187640661369555        6.6791871068122496E-002   1.0802804708892397E-002   1.5273313346302016E-003   4.6112398191926641E-004   7.9262793547773202E-004   1.1137903819397020E-003   1.2532093059739158E-003   1.3579481104508150E-003   1.7124721688834500E-003   3.2057238159587812E-003   7.5973529347810442E-003   1.0771678741381536E-002   1.1356776186631315E-002   9.2466778149987022E-003   3.7758339799784948E-003   8.8633129686994429E-004   1.6178198801126484E-004   2.6505822299183306E-005   1.0000000000000001E-005   1.0000000000000001E-005   1.0000000000000001E-005   1.0000000000000001E-005   1.0000000000000001E-005   1.0000000000000001E-005   1.0000000000000001E-005   3.4660885318568954E-005   2.3071904334328678E-004   1.4927139771252226E-003   9.2834140285028809E-003   5.6474956454308348E-002  0.33117000819765097       0.91812340488197175       0.98010774654247168       0.88909143450803318       0.16508191656274307        2.0946242843763185E-002   2.7272439570218037E-003   4.2333181398680747E-004   8.5916619674536072E-005   2.7284371598629199E-005   2.2665435841996724E-005   4.2922847800137643E-005   8.8745659680992088E-005   1.2118489156925562E-004   1.3084261850659803E-004   1.1750841888444727E-004   8.0918828781654335E-005   3.2935918358349018E-005   1.0524685047117453E-005   1.0000000000000001E-005   1.0000000000000001E-005   1.0000000000000001E-005   1.0000000000000001E-005   2.7971518397479776E-005   1.7978478138527942E-004   1.1306705065283103E-003   6.7482392307514107E-003   3.8330208184206467E-002  0.20176700899041342       0.75272781745775552       0.95375542356870557       0.99213390379369470       0.99861081737046731       0.99956622311565890       0.99945227344600596       0.99902942029315744       0.99878043668457694       0.99853829754782875       0.99748137322448593       0.99091128332838418       0.94873182974780335       0.70195958152965310       0.17766159466467382        4.3146828980975195E-002   2.6188178979755502E-002   6.1109635865533564E-002  0.25227101689091563       0.81992688431657557       0.97518705600612243       0.99660698861779029       0.99843443672510424       0.99450887068328753       0.97612131751666575       0.92152710900661161       0.89241550447113993       0.89069437807452101       0.91422972614703402       0.96680339747953603       0.98343353648858933       0.98763812707156817     
  0.99822098678148985       0.99847528779147754       0.99874593732102557       0.99915998230935876       0.99968148776890531       0.99990715616960379       0.99997186366191115       0.99998828104009807       0.99999000000000005       0.99999000000000005       0.99999000000000005       0.99997360201025220       0.99991662182398566       0.99980397479410832       0.99945271150519377       0.99801923573983986       0.99107860492524946       0.94652074971903000       0.67941950704919352        8.4907293108065177E-002   9.1395327419657620E-003   1.3170980916831514E-003   2.1545732105793850E-003   1.7009117266629369E-002  0.14561894802922873       0.88713784665440665       0.98847052731213092       0.99864194204054502       0.99819981327092544       0.98531977444484775       0.86897740188655892       0.12251721702927162        1.8859982374840632E-002   2.4829589358995510E-002   7.5379509455999333E-002   9.9778213390815620E-002   8.3642184720079477E-002   2.9625922450187307E-002   8.7463398041539280E-003   1.8320281667596292E-003   8.0335902032658483E-004   2.4897455763178717E-003   7.7133295902168456E-003   1.1140187887970065E-002   1.2393102610991726E-002   1.3153928427280241E-002   1.5789079133471082E-002   2.8801722519654443E-002   7.5616880222257557E-002  0.10653782148852707       0.11147657958378211        9.1151546098126812E-002   3.2009662217552914E-002   5.9088279450557821E-003   8.8239600724165012E-004   1.1883583132155245E-004   1.6197884682113690E-005   1.0000000000000001E-005   1.0000000000000001E-005   1.0000000000000001E-005   1.0000000000000001E-005   1.0000000000000001E-005   2.1385324138783352E-005   1.5416804621075613E-004   1.1170167888308164E-003   7.6440210312875879E-003   4.7784441772270821E-002  0.24552668934761926       0.81757332025161777       0.97537183210299683       0.98942483421156679       0.92390209142446855       0.36462937766931458        5.9865409852989250E-002   9.7806839876163759E-003   2.1040212819343827E-003   5.4181817665068172E-004   1.6032673369238931E-004   4.5808818296525964E-005   1.6201968460644111E-005   1.4952535938348097E-005   1.9656998492036184E-005   2.1760107035208725E-005   1.8218209179067643E-005   1.2051864973542509E-005   1.0000000000000001E-005   1.0000000000000001E-005   1.0000000000000001E-005   1.0000000000000001E-005   1.0000000000000001E-005   1.9246224359507696E-005   1.3478205965093134E-004   9.5601997650932567E-004   6.3915268216818292E-003   3.9426376850730881E-002  0.21316263820818476       0.76989739584184413       0.95411892159115019       0.99170906188830932       0.99820496154842764       0.99868703779694612       0.99783410710002740       0.99510149623061073       0.99029760048972360       0.98798778504709128       0.98650518626479666       0.98136727671742430       0.95161085452163574       0.78529295286301692       0.21312357515622390        4.4945339158907048E-002   1.2308035454311323E-002   5.5495082913160172E-003   1.1006506156452404E-002   5.7151118100318782E-002  0.32938045798853632       0.90612767050985177       0.98903044630925874       0.99854070142656515       0.99911226102145567       0.99717591984393006       0.99201450138281178       0.98899723448650234       0.98880142714766639       0.99127488563269894       0.99616216829843296       0.99797829449309072       0.99831734771226177     
  0.99114084950376025       0.98883953633303379       0.98925196249046055       0.99254554014932550       0.99745727166867015       0.99931321956643937       0.99978310133611781       0.99990653155604470       0.99996212653809502       0.99998423336299858       0.99999000000000005       0.99999000000000005       0.99998911344267716       0.99997517173050487       0.99991973322317462       0.99962211430257075       0.99762450022513971       0.98184757176636295       0.85486705187225398       0.14100355579785639        1.8535831615014566E-002   3.8453337247271041E-003   4.4787800734499917E-003   2.3399526885638185E-002  0.17036274244751229       0.89275592408788085       0.98899729519078150       0.99830094921683821       0.99656930102135899       0.97829334400273404       0.83468406306361831       0.10903863795012488        1.1866489263964520E-002   3.8134053127146269E-003   7.6598007886436413E-003   9.9775025804295699E-003   8.3637302035483828E-003   3.3823376290013441E-003   1.1446455427743781E-003   7.6481527489375789E-004   3.5797337669466970E-003   2.0411466145501260E-002   7.6041094540099816E-002  0.10920437217815457       0.11943641324721405       0.12424951673870346       0.14033230015313378       0.23366792214754500       0.64034583923459221       0.82852409733858889       0.84800654201634340       0.73798177091273010       0.23663118311281431        3.1807904715681991E-002   3.7340460502826257E-003   4.1965574282579925E-004   4.6509966049792880E-005   1.0000000000000001E-005   1.0000000000000001E-005   1.0000000000000001E-005   1.0000000000000001E-005   1.0321775214386649E-005   7.5394092829886766E-005   6.1970359539792409E-004   4.9406112430640439E-003   3.7433427408089713E-002  0.24648596790971702       0.80346197634072025       0.96529757034398778       0.99463564242010138       0.99666662698682429       0.97720669134081894       0.82407767944829746       0.24330664675696526        5.0997023281376189E-002   1.4512443846832196E-002   4.1604353791344778E-003   1.3068124055871104E-003   3.4445950062822559E-004   7.5322242772430138E-005   1.7138685267746743E-005   1.0000000000000001E-005   1.0000000000000001E-005   1.0000000000000001E-005   1.0000000000000001E-005   1.0000000000000001E-005   1.0000000000000001E-005   1.0000000000000001E-005   1.0000000000000001E-005   1.0450153628813274E-005   7.5276878532771138E-005   6.0751019502717813E-004   4.7065474839296543E-003   3.4024166709551655E-002  0.21000127628245766       0.77678376461302978       0.95729890331165735       0.99206432151621693       0.99787302114943444       0.99643966708864351       0.98985412507646431       0.98104953237919501       0.95488022710686182       0.90407418249595228       0.88389825858027837       0.87497385692838658       0.85143189020993137       0.72789124104548786       0.30313987584151175       0.14593604134289084       0.10098734350868446        5.1201491291591961E-002   1.6448317986414385E-002   5.7544737777813493E-003   1.7184288333583122E-002  0.12685149538646390       0.77358656615027366       0.96919033556717393       0.99584871517562668       0.99914778635607171       0.99917202176054876       0.99830502952058486       0.99775784478561003       0.99764287788058781       0.99784548205575430       0.99819280606566241       0.99791352677340939       0.99604936232927421     
  0.91257575820095593       0.89034747474906051       0.89390105019737287       0.92630019460729918       0.97801859611844688       0.99455000557006412       0.99818107245834642       0.99913560017876568       0.99966219794340661       0.99986850949403283       0.99995773514650788       0.99998802793134189       0.99999000000000005       0.99999000000000005       0.99998129584498940       0.99987581009243598       0.99896800026241062       0.99062035188968622       0.91260850029087415       0.31028893838449112        6.2378068301583059E-002   2.1938790762617361E-002   2.4347253658395872E-002   7.8353853236617726E-002  0.37693800790174753       0.92554605117316802       0.99162630256458062       0.99549440662815769       0.98426760060800500       0.93381551538341545       0.64242724621170311        7.6593333303835415E-002   7.8287970585051454E-003   1.0713969837276318E-003   8.2446069399457931E-004   9.8461400998537795E-004   8.2857658674981912E-004   4.0111914616381409E-004   3.9993603956028570E-004   2.4242160601537668E-003   2.0095536845663748E-002  0.14994727578829448       0.63628959306520261       0.83581035356509192       0.87166535631593878       0.87855777115054501       0.88471709523155428       0.90482928216817449       0.95570099834055078       0.97926195933948179       0.98048829940147231       0.94857440264498982       0.72913095511754500        8.9153380165797949E-002   8.9915195406087139E-003   8.9354251801833330E-004   8.9073902418353875E-005   1.0128159570724679E-005   1.0000000000000001E-005   1.0000000000000001E-005   1.0000000000000001E-005   2.5853395040710625E-005   2.2826770380173555E-004   2.0372624723713137E-003   1.7701833701542102E-002  0.14341870708770918       0.77039230378320378       0.96073611344978260       0.99358183002813916       0.99885409132901593       0.99909045993070955       0.99492169305360045       0.96575076632960866       0.80590300152447092       0.28750382078826087       0.11252120203789241        3.3211436784576741E-002   1.0953676297831748E-002   2.6845128243644756E-003   5.1310726591583488E-004   8.5320880145967938E-005   1.4942837131630256E-005   1.0000000000000001E-005   1.0000000000000001E-005   1.0000000000000001E-005   1.0000000000000001E-005   1.0000000000000001E-005   1.0000000000000001E-005   1.0000000000000001E-005   2.9734324132189266E-005   2.6253031302358765E-004   2.3367665605216006E-003   2.0152917689150947E-002  0.15870692292433730       0.75412694733216812       0.95573674038475576       0.99230803556182390       0.99795455955937129       0.99497339609633517       0.97290129631766298       0.90609233082943252       0.84095628755364360       0.63298023947465243       0.23008962839925920       0.13956394813023565       0.12426226007098835       0.12286825811357106       0.14151476977662913       0.29078714353837365       0.69237284220196382       0.73716525474905625       0.40614170533448518       0.12426509849265209        2.2898535415956312E-002   8.5976259720724844E-003   4.1792391345386051E-002  0.30176850497517144       0.89029617624921165       0.98314110571112945       0.99555850387641087       0.99543185462056316       0.99079777683305226       0.98827778119229870       0.98744143031719300       0.98713772270880296       0.98646512379217621       0.98285065471852351       0.96563317709815422     
  0.27750358595614943       0.15750892665430200       0.17387865340943107       0.37784965630998618       0.82820462087134317       0.95908849662136209       0.98456879639801209       0.99181164575475289       0.99696100840333435       0.99881845441588324       0.99964910371000459       0.99991975966511770       0.99998340973668387       0.99999000000000005       0.99999000000000005       0.99994371888778177       0.99958683191738751       0.99684128583271214       0.97550288798026497       0.82454479268321990       0.32110097222173373       0.16423949908209312       0.17624128833488154       0.38935040629426565       0.85304933125299498       0.97887011374155009       0.99180927992812529       0.97213270695893417       0.89014238743556084       0.69442784939558988       0.16455120395642278        2.1718199388150904E-002   2.5659151158300740E-003   3.2057573886022411E-004   1.0588697285424525E-004   9.9939298171009753E-005   8.9116291519564123E-005   1.1236055991814950E-004   7.4048952467770546E-004   7.2952430605213491E-003   7.2279430577171705E-002  0.61173147913831050       0.92305245249155876       0.97741800948519630       0.98577881638757869       0.98725245714808318       0.98813644954308077       0.99038605029628612       0.99515885374278201       0.99744905567217534       0.99588423191861986       0.97676991334509944       0.82267466947733847       0.10471836028450134        1.0533997152181899E-002   1.0374243908927113E-003   1.0221434781860268E-004   1.1078748958649532E-005   1.0000000000000001E-005   1.0000000000000001E-005   1.0000000000000001E-005   5.4965814104527667E-005   5.3232187412941858E-004   5.1524876568417475E-003   4.8787470316418266E-002  0.40606711178598792       0.91581934975901191       0.98895577535298063       0.99807305304701965       0.99887728021697231       0.99869032653113998       0.99789998880559894       0.99353316771530098       0.97187386007518761       0.89399335299034943       0.73697253742056668       0.24505744838832241        9.1073452590611281E-002   2.0064171675416752E-002   3.2631161808413908E-003   4.6345185093046788E-004   6.1605826329708954E-005   1.0000000000000001E-005   1.0000000000000001E-005   1.0000000000000001E-005   1.0000000000000001E-005   1.0000000000000001E-005   1.0000000000000001E-005   1.0000000000000001E-005   7.2805788489528517E-005   6.9631714364421209E-004   6.7845852316071814E-003   6.5540057870539181E-002  0.54873818753739989       0.93017736193590461       0.98992309880953044       0.99811999917977989       0.99663599601335107       0.97371483808610237       0.80464677870446388       0.28098791257761513       0.13174226651611623        7.7352824042279306E-002   2.8655404650689491E-002   1.6087395337544812E-002   1.5491635614387111E-002   2.9378375842064750E-002  0.13832805613250637       0.75414888970759675       0.94336063356275457       0.96274514588283677       0.90373167182467096       0.67549501748380281       0.11966615879320425        1.8219519851696182E-002   1.5834208013638180E-002  0.10848238075506574       0.68270551365784393       0.91999636244064253       0.96882943405714528       0.95985993350011845       0.90941642690263214       0.88655071833342425       0.87997405804265327       0.87782841381372378       0.87375414234168058       0.85121464492079757       0.72412082586358539     
   3.4618481948434261E-002   1.8713183039471698E-002   2.2397264872792855E-002   6.1616500840702942E-002  0.23790209457139980       0.73446935301580141       0.86975779034772871       0.92193141630594211       0.97328217703455178       0.98939289236963834       0.99712595694184669       0.99942689280828811       0.99990347964671289       0.99998232488283367       0.99997989759002215       0.99989012259975973       0.99940569751141117       0.99733035108329027       0.99095505436364861       0.97171352362548369       0.91538558335991327       0.89035686294610938       0.89368797611201911       0.92675077235130621       0.97847416898638462       0.98908702822593875       0.96088911149049949       0.80580662420459159       0.29475537786552181       0.10749371754892864        2.4625874159297817E-002   4.0224923896583793E-003   5.6976012612191520E-004   7.8509191542964070E-005   1.7770124075263197E-005   1.2572944882960326E-005   1.8481618013818176E-005   9.9050008114924851E-005   9.6017906856029397E-004   9.7678806784089779E-003   9.7779630865633058E-002  0.78904292989886105       0.96886808202781427       0.99377270258417738       0.99745816498416950       0.99842578731932552       0.99874556570627560       0.99902637738345712       0.99943981694861683       0.99930854694808913       0.99575613120529494       0.96325678852627028       0.70700591947852320        8.4735664186310969E-002   8.4670920133611896E-003   8.3441942989947906E-004   8.2567714464705670E-005   1.0000000000000001E-005   1.0000000000000001E-005   1.0000000000000001E-005   1.0000000000000001E-005   7.5995616467782170E-005   7.6969204791397649E-004   7.8345315386064308E-003   7.8740247067502087E-002  0.66902867612483385       0.95385819969296248       0.99223739875909711       0.99514487327171708       0.99089021564219593       0.98846869343213428       0.98786184530494914       0.98835803500422237       0.98951897462405158       0.98554884480359783       0.96290227451951593       0.87124554260636333       0.62632393519668750       0.13255635141527936        1.7550456888074235E-002   2.0989286117630854E-003   2.4112414483371501E-004   2.7902211445690301E-005   1.0000000000000001E-005   1.0000000000000001E-005   1.0000000000000001E-005   1.0000000000000001E-005   1.3103195943951512E-005   2.4779207360948055E-005   1.3626930167434025E-004   1.2023585126515080E-003   1.1469235442832347E-002  0.10903461255402075       0.81878847474047933       0.97672707564877392       0.99697749671324543       0.99875085400153363       0.99133445916660146       0.91471716653509338       0.29622628882618318        5.6172139268854081E-002   1.7115997183350110E-002   8.4861360661442377E-003   3.8057699646112217E-003   3.7853334383399152E-003   1.0776493718627739E-002   5.6481695869755287E-002  0.32245108962420960       0.90148622809834633       0.98589282413621648       0.99418796307795210       0.98267845782088870       0.90154635892406076       0.38908053723732888        6.4453508665160253E-002   1.3177712856733893E-002   2.4850221702705119E-002  0.14532143853391918       0.53515237771310287       0.76885743436528342       0.67950355246242500       0.25926448252306289       0.14598926672910084       0.12582062509746259       0.12207154415933676       0.11984489739839006       0.11269161893453282        8.7865086951368840E-002
   3.8621462572552374E-003   2.1486980694827755E-003   2.8050232518486966E-003   8.3379310263237052E-003   3.1390736548252508E-002   9.5717213098950801E-002  0.15744675303353051       0.36036462473236902       0.78653455718060761       0.90648772593001647       0.97755125349393779       0.99626445410210840       0.99946543615379368       0.99991878763878284       0.99990853352505904       0.99942861406107719       0.99650070124695378       0.98297040540520064       0.95536314801322775       0.95807899492973880       0.97410232166637245       0.98276433159216969       0.98639576418998720       0.98886715550275284       0.98610924175907633       0.95398313059111706       0.77955480764788199       0.22769879092944970        5.0353777488437647E-002   1.4029494196990020E-002   3.3566725571064280E-003   6.4412071997334329E-004   1.1446644857734373E-004   2.7326261798095025E-005   1.4974094942298817E-005   1.3832759174502957E-005   1.9031679727027703E-005   8.5706299271970658E-005   7.8892376488752232E-004   7.9236357529243479E-003   7.8924226931567809E-002  0.66341865334124117       0.93596521132799149       0.98160844557871629       0.99201849086502791       0.99797472680011778       0.99951083063758051       0.99982966596528877       0.99984577148767284       0.99907647601713212       0.99097589844147005       0.91052009766201880       0.26652174833130621        3.3114970017851818E-002   3.6782933992245523E-003   3.9659408567465450E-004   4.2631862229101985E-005   1.0000000000000001E-005   1.0000000000000001E-005   1.0000000000000001E-005   1.0000000000000001E-005   6.0011765051573638E-005   5.8883785269911806E-004   5.7919357251911361E-003   5.5905259620793159E-002  0.47029974821732523       0.89666587767922534       0.96767358838974771       0.96061987182118846       0.91003568992886197       0.88739120569841412       0.88349154712150813       0.89398136471131062       0.93430922219139501       0.98643666131062691       0.99332735023485130       0.98034604288316896       0.91219123168018135       0.52716337847807160        6.3309641650825449E-002   6.5930272886694091E-003   6.7804438340218981E-004   7.0463764571112455E-005   1.0543909632683432E-005   1.2831301631958307E-005   3.7934631512569864E-005   8.5000138259905836E-005   1.1310845739745528E-004   1.4120597835090963E-004   3.4164175330649146E-004   2.1006588240436901E-003   1.7438062993621592E-002  0.14722715092253988       0.87836472183419512       0.98671584315787508       0.99845154168439010       0.99877400938137140       0.98926261246840197       0.89407790812111998       0.17447859503476415        2.4586673976645722E-002   5.2702396448286049E-003   3.0232489913854118E-003   4.7879702860515764E-003   1.4624247261153347E-002   5.1116640108012340E-002  0.24218250486606741       0.81559512776640763       0.97438659629846924       0.99651059844536560       0.99891654417920728       0.99644334824815295       0.97629957993715766       0.83359117563361429       0.25015492841730830        4.7654462522444173E-002   1.3168904539067954E-002   2.1738089190094557E-002   6.5173270387225687E-002   9.5659872486533362E-002   8.1476628420863437E-002   3.2483906938585189E-002   1.6781754079494168E-002   1.3438647085364661E-002   1.2763035330802662E-002   1.2422630946574505E-002   1.1521657073125163E-002   8.8305049515396156E-003
   4.5368073120153729E-004   3.2605111265106377E-004   4.5635780216193633E-004   1.1711846950657476E-003   3.7801788306219843E-003   1.0299703420693451E-002   1.8980186682062063E-002   4.7453547743786864E-002  0.12759329441974054       0.32568026001938860       0.84582322857295111       0.97969509406721678       0.99760174979226712       0.99968854034234433       0.99962634847582010       0.99722403360180734       0.97913075090907753       0.86949074161762818       0.64026990863238176       0.68787955750572127       0.86083014495385735       0.95132851251063277       0.97628204651490491       0.97035101599883467       0.91558997687518062       0.74132109975764993       0.20654836377811586        4.0617858875341077E-002   7.9886741960613055E-003   1.9263191208695797E-003   4.9603880264822064E-004   1.7617176988840686E-004   1.2369350939329282E-004   1.1949285375620687E-004   1.2128415756986814E-004   1.1966995832532281E-004   1.0927026512002378E-004   1.0804867281151809E-004   3.4945564788599722E-004   2.7795313143725918E-003   2.3319978796660996E-002  0.17470065963841741       0.69517894109565370       0.86526411771026235       0.93355943772948180       0.98776137790290364       0.99814549463244484       0.99971368350707135       0.99983953994842256       0.99882741357648808       0.98837308285938241       0.88658734592566824       0.14675107984809249        1.6807955318609163E-002   1.8457630627076952E-003   2.0081279698368868E-004   2.2456279733045721E-005   1.0000000000000001E-005   1.0000000000000001E-005   1.0000000000000001E-005   1.0000000000000001E-005   2.6988302964928925E-005   2.2616090785248130E-004   1.9479559337783204E-003   1.6065588076889757E-002  0.11892533594188394       0.55757325158578741       0.77901198340626132       0.68793418618416591       0.26295685010351544       0.14844994046000390       0.13600565593125161       0.18446280458417003       0.47455404286602421       0.93536916273406534       0.99236055800207168       0.99533660175276095       0.97469475096358626       0.81531173749072738       0.10776305108569036        1.1246164720724846E-002   1.1563006745785513E-003   1.2271549618382893E-004   3.0732650779081553E-005   8.8300165835761659E-005   3.3060389002959419E-004   8.4591398944069659E-004   1.1222051361951505E-003   1.2434989663441143E-003   1.7843529873622854E-003   6.2709548086537026E-003   4.1798729591671704E-002  0.29470832709376088       0.91375956534040337       0.99117730416568472       0.99901332047568081       0.99900720132260157       0.99097556136135168       0.91087503084257637       0.27243618883819432        5.2063501449459745E-002   1.9070619065363160E-002   1.7885341917976142E-002   3.5959272211792750E-002  0.11186110544086228       0.28765854922647860       0.80673163340220388       0.96521251470694980       0.99476477342058911       0.99924081817083454       0.99978258084304850       0.99926534309666726       0.99505321506996769       0.96629816745812691       0.79826795752908708       0.24197974342028328        5.9253569026614619E-002   2.3122723180871649E-002   2.0616490130517896E-002   2.1215988439680283E-002   1.5966967392871043E-002   6.2626423622811830E-003   2.5127192008385485E-003   1.5493828302805650E-003   1.3343783773424784E-003   1.2625934642109160E-003   1.1549634417191165E-003   8.8656385414015177E-004
   3.6302820018102881E-004   8.4201013856012054E-004   1.1297567348817631E-003   1.2154554980328637E-003   1.2535740990090047E-003   1.4971694225933681E-003   2.4172997117209941E-003   6.0084007246801532E-003   1.8518362218144742E-002   7.5137694486238263E-002  0.40793973917560722       0.93047273419580523       0.99298106402589659       0.99918556979712492       0.99885043440761823       0.99004623509619005       0.90940606285942527       0.31744347191468597       0.10171043387210292        9.6505098191650596E-002  0.21177509209467399       0.65777160911895904       0.82027756405457453       0.78052791250905662       0.43705630106406973       0.13893629586638190        3.1919270814270539E-002   6.3980476155711492E-003   1.3361028588717294E-003   4.5228135714019038E-004   4.5757059387674858E-004   8.4121094150843112E-004   1.0779195779187308E-003   1.1696650526521212E-003   1.2077229854915682E-003   1.1954701566858339E-003   1.0671117799674243E-003   7.4713520366726232E-004   4.2949908678974614E-004   8.3727070156577974E-004   4.5305259768116373E-003   2.5222715497218801E-002   9.3842058226727101E-002  0.18082416630127085       0.51479505978269013       0.93998230640477420       0.99341617428886908       0.99924573802496575       0.99978390995194499       0.99872687145136430       0.98753513205182697       0.87998423897588640       0.12627985989159396        1.3513014484362582E-002   1.4127583254573317E-003   1.4828863406248958E-004   1.6568207918964690E-005   1.0000000000000001E-005   1.0000000000000001E-005   1.0000000000000001E-005   1.2560589021551186E-005   1.9862339216662596E-005   7.0680109857328171E-005   4.4310462759756256E-004   2.9392349788604916E-003   1.6920830284259433E-002   6.6137543680960281E-002   9.5861863736721509E-002   8.1820451057349447E-002   3.3177245203876826E-002   1.8820280280525344E-002   2.1209955466636378E-002   5.3182485330687604E-002  0.24894533255984547       0.90647570524359555       0.99017497768548579       0.99743801080595829       0.98624848878461213       0.87650727731876465       0.14163896566794257        1.6129358554923184E-002   1.7684145264947534E-003   2.0953802644112861E-004   1.3315725756668669E-004   6.2816002001270092E-004   2.8353553884062775E-003   8.4619099354765279E-003   1.1262926818002578E-002   1.2078938702291833E-002   1.4019274079435269E-002   2.9800117285407667E-002  0.14663039899045419       0.77070627850572881       0.97079383028172206       0.99665882399682038       0.99958349859157913       0.99954904321965843       0.99637355768435598       0.96932073920959205       0.77249045478059430       0.26620264198324850       0.14859415342420329       0.15044829763282164       0.27046920525184576       0.73504318946887559       0.89343471257668683       0.97268022775104612       0.99460647356732823       0.99908529344419106       0.99985428178610058       0.99995699236681035       0.99985584269577532       0.99906776767627148       0.99405536225712587       0.96501006440971437       0.82186681477410939       0.35396554693172805       0.16345038050410166       0.12685553425704868       0.11105610293048530        7.6125765721831204E-002   2.3075481403839186E-002   5.3662858059624011E-003   1.2414927099763475E-003   3.9314450343242157E-004   2.0004122604208591E-004   1.5613943443981948E-004   1.8093235412529619E-004
   2.8166156273689538E-003   8.1720434276114397E-003   1.0967549330072530E-002   1.0969667390046560E-002   8.4274885016658949E-003   3.8011961732301626E-003   2.2042165203030204E-003   2.6756365921626608E-003   7.6117522364777179E-003   4.0495995797847989E-002  0.26213697400288316       0.91105576380172226       0.99112412824975560       0.99887631178517400       0.99759019869758847       0.97934369859470904       0.82918336355717470       0.13411811657861147        2.1433439903801282E-002   1.1995285655554048E-002   2.6629964558026364E-002   7.8107345014194085E-002  0.10473497507992684        9.8260923112216930E-002   5.4195709165366604E-002   1.8588505761732359E-002   5.3713658005129479E-003   1.7961586574143655E-003   1.1683933308582934E-003   1.6941982408846181E-003   3.6488818308279616E-003   8.3477212088309966E-003   1.0818166712330754E-002   1.1670135954706746E-002   1.2027909176205985E-002   1.1952367858850441E-002   1.0763746958029586E-002   7.4017843215317142E-003   3.2120192164404940E-003   2.1039066092060146E-003   3.3575154096586856E-003   9.8321189297869704E-003   2.9339358363662350E-002   9.7292220651471792E-002  0.45969136658313409       0.93530100107681857       0.99317449270902725       0.99925259482404438       0.99978856827931273       0.99872542164951295       0.98753289604448369       0.88007578114214768       0.12699858642373918        1.3710772931338161E-002   1.4564196165547114E-003   1.5687840672687432E-004   1.9102384896208683E-005   1.1221783736653224E-005   3.1705660297975553E-005   7.6992332617539520E-005   1.1039726071650726E-004   1.2581332367337167E-004   1.4038779357044163E-004   2.0687241386883044E-004   5.7489746030865859E-004   2.2383889812468780E-003   6.9728127375817857E-003   1.0079863731822876E-002   9.6462098524771698E-003   7.7664731958465589E-003   1.4912346844942442E-002   3.9225539610469776E-002  0.14282277637336904       0.46522933642897873       0.93523145011759146       0.99308513711061763       0.99832520573940609       0.99059899629671433       0.90890666250935515       0.26371896417579471        3.2828415510985316E-002   3.6651059531256436E-003   4.7710195027457573E-004   6.4450496973711359E-004   4.0529102979498677E-003   2.2973070324066314E-002   8.3496179648987659E-002  0.11060740168838055       0.11684992303648048       0.12412065241110588       0.17860498905374950       0.48307673961959369       0.92264724755359329       0.99042462822499999       0.99881359508823586       0.99982789389869764       0.99986199125009556       0.99914860285538543       0.99433552040619932       0.96921085271217799       0.90949861163820078       0.88731943585285689       0.88803814790951041       0.91110404650668342       0.96660280467076820       0.98749415789963624       0.99651068745572036       0.99921760959303663       0.99984822372009641       0.99997248707268449       0.99999000000000005       0.99997300979794801       0.99983953690957261       0.99905888261824105       0.99497527674436814       0.97699756245722091       0.92296793763897234       0.88987542846665535       0.87400482761203879       0.83397580242573066       0.63023466040823872       0.17625813456362285        3.6842724878855052E-002   7.5564891677048409E-003   1.9420314808559159E-003   5.9045718805819387E-004   3.3729680397395973E-004   7.5078424635328055E-004
   2.3860117129467763E-002   8.0903664034309042E-002  0.10810823431409093       0.10820688533204303        8.3562700350379895E-002   3.2945247593449106E-002   1.7330694657127103E-002   1.6285496536282192E-002   3.0236049970223979E-002  0.11768649737388355       0.52063799344880302       0.94261134615307440       0.99397357909167083       0.99882049878679857       0.99443487690594823       0.94787283764562380       0.56694528570296288        6.9968048473287622E-002   8.0754294888796905E-003   2.0153706789636304E-003   3.3823217857513622E-003   8.9044773336539283E-003   1.3709785538718020E-002   1.8246130939158028E-002   1.7005452616691195E-002   1.3844578039780574E-002   1.1324871364069861E-002   9.0184280334288207E-003   9.6463513542767148E-003   1.5045874409434520E-002   3.2555525132011945E-002   8.2997959877477226E-002  0.10630231979783943       0.11336996704426486       0.11651982873021156       0.11632695488208625       0.10633662125614093        7.3429221959594032E-002   2.8596732035288910E-002   1.7750531096744224E-002   2.3398108481155706E-002   5.7616740173762615E-002  0.13634918047280126       0.34368779475074612       0.85125189134905888       0.97995703698893610       0.99753130826840286       0.99968823339993362       0.99984635708768776       0.99884017862254526       0.98851094365291314       0.88804284269106670       0.15379425592367157        1.8781504998937468E-002   2.2433686751139052E-003   2.7101226854504910E-004   4.5925115326986355E-005   7.3054164273021180E-005   2.7923976080081468E-004   7.6622919362749728E-004   1.1058826005135251E-003   1.2370493365424008E-003   1.2769802547862653E-003   1.2996049649246447E-003   1.3697945638876767E-003   1.6622998415185607E-003   2.6507572603718882E-003   5.3617353779689967E-003   1.3581402378143011E-002   3.4105572219799596E-002  0.10862062838461406       0.26094208810830594       0.75499919321823483       0.91769415973766644       0.98657608198375446       0.99813504761585681       0.99933128669920313       0.99595101852213497       0.96397158911025149       0.71195436189418848        8.5975416706850480E-002   8.6723574651661646E-003   1.1486956232362232E-003   2.6182344233507803E-003   2.1221284434801566E-002  0.15987318933755790       0.68772536644465299       0.84372038627993462       0.86639005230249766       0.86978957068603280       0.88774768208027910       0.93534894454475581       0.98638927886296424       0.99713180451191730       0.99908541027530129       0.99970673814027278       0.99989913445036005       0.99982838507056171       0.99914807583265575       0.99635848428121587       0.99081835264656604       0.98848293671071907       0.98857945630528132       0.99103717563050531       0.99619052984858103       0.99842483528806791       0.99934699254906889       0.99974078847286352       0.99992356594595910       0.99998157057781600       0.99999000000000005       0.99999000000000005       0.99997327618458665       0.99986011819203180       0.99933246855667768       0.99732466992145907       0.99220307420086529       0.98867128068546206       0.98631124339257881       0.97898449684878375       0.94037349633486111       0.76499166018485987       0.22109369557777697        4.9370130955466329E-002   1.4715211016158851E-002   4.6329181793061990E-003   2.5763052372637526E-003   5.6107558746060103E-003
  0.18029815895346724       0.67298642142854814       0.83376195661042041       0.83547298589055041       0.69643872235608362       0.26344786366107653       0.14865254854174090       0.13962948634836567       0.20727199059340490       0.56487411905700224       0.89800543873705474       0.98541486185037075       0.99808121979037245       0.99883176425353304       0.99031267714755311       0.90365465598823502       0.22235296346419200        2.7997006745142109E-002   3.5396785192212754E-003   1.2412263123276644E-003   2.9844786739821592E-003   9.7164279611181119E-003   2.7998532502814498E-002   8.1627387863402193E-002  0.11001310248192217       0.11498298369526613       0.10689060181531645        8.9420699405410198E-002   9.3983914138723784E-002  0.13237827551682460       0.26038938305413600       0.69039226934799447       0.81925573130086882       0.84524475951482658       0.85947229835161065       0.86366208534046374       0.82645307609394325       0.62267192267663130       0.23173882419066452       0.15184808487121998       0.18900038367200359       0.44507203514257371       0.80815283230967949       0.91127722717374615       0.97818555923941564       0.99625698127224149       0.99943890334176466       0.99991216064344435       0.99990461557453714       0.99916033517169411       0.99161517277219813       0.91698330087612090       0.31100383641694579        4.8525055302651922E-002   6.4362488847813535E-003   8.1918839754192309E-004   1.8766290663239362E-004   5.3237435765457637E-004   2.4496004471901769E-003   7.6609965133623090E-003   1.1097377547274816E-002   1.2288681569649842E-002   1.2604161962561864E-002   1.2697442489253445E-002   1.2841210273112028E-002   1.3571395686954431E-002   1.7563294195171820E-002   3.7430025139640000E-002  0.10985920557557032       0.25330544973811364       0.73420101857707465       0.88948884435567399       0.96678654277381892       0.98963683466965824       0.99788130643171480       0.99961980567486974       0.99973183136852151       0.99805442353924123       0.98250831225015678       0.84899422341799347       0.11268187938276923        1.1639004634253115E-002   1.8046168125506038E-003   6.4716722558202586E-003   6.2425415819296150E-002  0.53252863908138293       0.91820383802957140       0.97701349471282906       0.98437410155476968       0.98493721019900504       0.98649471122969867       0.98975785145376094       0.99058210852647832       0.99053051098983624       0.99354688737693597       0.99771346095136482       0.99941974639972964       0.99985863328002456       0.99986476105079847       0.99958461859816128       0.99908073780672202       0.99884697478157602       0.99884018740055258       0.99899634213906152       0.99912395096970519       0.99852295911698208       0.99800158881660761       0.99870277039244437       0.99960938134053667       0.99991505418877025       0.99998343112336430       0.99999000000000005       0.99999000000000005       0.99996042150764319       0.99985903792793873       0.99961742789360097       0.99915214629583649       0.99882669238959998       0.99851739306835463       0.99734906971961335       0.99118502461851410       0.95955701103851720       0.80282424271822073       0.29338914922436471       0.11585995817272089        3.7570610355640112E-002   2.0604571055743186E-002   3.9586224640787475E-002
  0.72427288170794013       0.92656628486029224       0.96490345953432233       0.96673994506119576       0.94801464889386755       0.89607177031340646       0.88079570495063075       0.88241030869176096       0.89911116279440539       0.94671262856632543       0.98583127880325183       0.99743729380230073       0.99951100542704530       0.99891133864951487       0.98949350826909532       0.89565401691567159       0.17964361672282153        2.4686204944695308E-002   5.3134408890024975E-003   6.4526066841170404E-003   2.1358432646335059E-002   7.4635252953243608E-002  0.21269643507045063       0.67262874034603104       0.83846434930963498       0.86126352884699220       0.83392022575609071       0.74530209884484777       0.75805166000882163       0.85001663511205972       0.89689101646863634       0.93210613809107468       0.88908524053867644       0.88098066067917580       0.92949246443291467       0.97333727364024647       0.97730550052079712       0.95352780833617323       0.90483987217142448       0.88900438153567418       0.89716474560885251       0.93454516853271286       0.97641197182118167       0.99007108143062283       0.99721446227378752       0.99942400566139800       0.99989785312628776       0.99997906010014970       0.99996072825918236       0.99966566260587253       0.99700123952880704       0.97397381475401390       0.79755457239548366       0.19351640798392317        2.4753266898177070E-002   2.9127411640881497E-003   8.4085883386985987E-004   3.6113108292051320E-003   2.0516425499823583E-002   7.5603601079683155E-002  0.10889636979560387       0.11884351495130274       0.12118388594513800       0.12178448226677521       0.12254222088112120       0.12646953036719086       0.15009688378428618       0.28485826009704279       0.74842824268138619       0.89024539591597140       0.96470884154708014       0.98700036172755501       0.99591469797681753       0.99866320861725044       0.99960921222692012       0.99985413373328935       0.99981608172672387       0.99860835512429358       0.98672647330506247       0.87548345122662208       0.12451004698401381        1.3350065334935353E-002   1.9908079343866850E-003   6.0816625634405406E-003   5.7898124397282452E-002  0.49278268797160507       0.91950430354155011       0.98572608931706307       0.99463662145098730       0.99359811445376944       0.98645679107154971       0.97078492964656316       0.92367215405143399       0.90799580202386387       0.93721767817586787       0.98032985553952479       0.99565057186972172       0.99922269781286055       0.99986454470474095       0.99993679526617130       0.99990272752450271       0.99986483677180937       0.99975547453065883       0.99915829966376346       0.99640488382379355       0.98861199298561553       0.98354051438563495       0.98939411866962812       0.99740957918986117       0.99953548621750754       0.99992731121736311       0.99998275557586702       0.99996137183790401       0.99982856574076462       0.99943393764512767       0.99911594136397686       0.99923971733814154       0.99963230872800846       0.99977473650899917       0.99964332633992070       0.99872548521172044       0.99410851809848177       0.97271939708286603       0.89712370962867316       0.75025089951120172       0.28035727407952438       0.16205714319243367       0.23869735194839700     
  0.87413571717758809       0.87585142796825755       0.87748182387962825       0.87750124349095560       0.87994196520534806       0.89869217817312608       0.95475441646799608       0.97610793335903412       0.98711876632442364       0.99385166988985973       0.99816812226332230       0.99959871193495664       0.99984530218606327       0.99920040326858550       0.99218420233736626       0.92259958657098173       0.35067908537349612        7.2699330772154749E-002   2.9241529703211658E-002   4.9069498471507718E-002  0.16214792353299429       0.52674354064205942       0.84731062874280627       0.95364315216545548       0.98035716983384225       0.98427384223061187       0.98006628373078786       0.96817757838627638       0.96937785353818295       0.97931147344268688       0.96518890934993906       0.82123917707950322       0.33172928313651712       0.24696149729479427       0.58803250518223682       0.93314614342142477       0.98919570662473510       0.99396783279388534       0.99030499994513566       0.98872294390394166       0.98963667132162791       0.99332270418084156       0.99734877585533166       0.99890686858227362       0.99966213032045692       0.99991956050406872       0.99998256349697567       0.99999000000000005       0.99998620435531804       0.99989488181804520       0.99913209779385659       0.99305031478472716       0.94729515473803205       0.66149147697394373        7.8572821842047599E-002   8.1834477827778668E-003   3.2860780383419590E-003   2.0722578644438439E-002  0.15222924383037292       0.63343533967714438       0.83480427854514894       0.87097612251589440       0.87684397829955985       0.87791570973260880       0.87851940668675443       0.88028827341181370       0.88761155037966644       0.91344776638452418       0.96843969124551066       0.98740269174219730       0.99577181589166741       0.99841547219555038       0.99921901197902041       0.99910786806310736       0.99901700735200794       0.99924566264419146       0.99961892865890378       0.99877123577523974       0.98842058213716166       0.88743729942159877       0.15191552119826374        1.7855917276147902E-002   2.2787196193090652E-003   2.5257003885481816E-003   1.9752950082503311E-002  0.15485122228643194       0.74113282079868914       0.93780506502001715       0.97274164915935979       0.95929206393270960       0.89202402863602481       0.77138462275060438       0.35217311119792361       0.24126588392989398       0.46633022639664967       0.84533771828072857       0.96984471249200210       0.99541050580315438       0.99937443091553912       0.99991438249034559       0.99996999463224667       0.99989996815020055       0.99933696776397185       0.99553856868954393       0.97410112694407180       0.90106990250478280       0.86412080641537159       0.91170901758090583       0.98411309940462166       0.99778377600178825       0.99971488776805395       0.99992949305560908       0.99975821522658503       0.99869261657288844       0.99475223954665659       0.99139804351100391       0.99320437464214528       0.99782382271270809       0.99952161746270440       0.99987464417253813       0.99980887748771952       0.99919749673338720       0.99659870588763366       0.98805504410343070       0.96819193609944931       0.91020109001036176       0.87971407622060915       0.87015348858877128     
  0.42524231337325591       0.17730065337673681       0.13434144478742011       0.12992700097047297       0.15035977482687299       0.28259808743317660       0.75060981889043232       0.90433117073800828       0.98185270858893370       0.99685898939956619       0.99943554415711955       0.99987153340690849       0.99987209613815053       0.99958325497906808       0.99730806449560550       0.97849069898858831       0.84209178613768176       0.36563485495865766       0.20880474214522954       0.33990122746600010       0.79136637090956874       0.93165131365096920       0.98005923516618265       0.99414450760985140       0.99768872786053997       0.99825462271988641       0.99772368547942070       0.99633818623459214       0.99577040088015967       0.99005492290193353       0.92055896752033917       0.34468791421699574        6.9900571044141394E-002   4.3486829315929738E-002  0.16677363781360552       0.78118088662220364       0.97184630670096939       0.99628872791723955       0.99870186465601096       0.99884679029421597       0.99897312223498003       0.99932777571592657       0.99971024954161913       0.99987981598404929       0.99995961007206247       0.99998807375146492       0.99999000000000005       0.99999000000000005       0.99999000000000005       0.99995892678940868       0.99966331052884283       0.99722736509549526       0.97730395823093452       0.82185506773610384       0.10460108201871102        1.1480731037470337E-002   9.1580396053658076E-003   7.7136819269489718E-002  0.63424948294788697       0.92519968299817057       0.97672211993943425       0.98459600327588725       0.98588245259083773       0.98640262037532711       0.98702042062060935       0.98750920059793457       0.98849202761927513       0.99129497461584171       0.99645380870685707       0.99856076827492968       0.99935316650622319       0.99912855352447083       0.99726524653550941       0.99251402958205537       0.99038341211067737       0.99265128739129049       0.99771544511947352       0.99868891810998794       0.99137956409140782       0.91513431239128618       0.29635733986560764        3.9112074494611952E-002   4.7125169301795453E-003   1.1353730270874534E-003   4.5192144922410193E-003   3.0630495311851257E-002  0.17426489132947584       0.63254746479399915       0.79562306524847637       0.68905488846043972       0.24590631461187293       0.11350152855282222        4.5653016764919868E-002   3.2003788676062989E-002   7.3638757190369858E-002  0.26289411875622670       0.82681884353948709       0.97753356537489366       0.99738770176882596       0.99970418086168999       0.99993465872721410       0.99970348264850251       0.99744301435030980       0.97847550290636376       0.83617787449256886       0.28470688704905028       0.17278304446693171       0.37404435354435672       0.92385766968312133       0.99217815148201594       0.99918682558647121       0.99974695640600408       0.99866585304724109       0.99089951768087658       0.95187320079353088       0.91419854500957953       0.93327233680881649       0.98227072732281207       0.99691028930975611       0.99954066748117254       0.99991392486646236       0.99988432244713432       0.99957820451277235       0.99861965082889204       0.99624810708312417       0.98977119445539641       0.97867597445642696       0.91122389714077745     
  0.17106317938186902        3.3640217371199432E-002   1.6207241614900756E-002   1.4404566770259518E-002   1.7834013801874490E-002   3.8699503606134618E-002  0.12548717473797844       0.36606925688721376       0.90977022715735989       0.98920989631489886       0.99866545359388004       0.99962416984078328       0.99923350513109888       0.99875322901853270       0.99813498272725665       0.99493445914948442       0.97745736208551015       0.92349395510549148       0.90118288938230984       0.92171986845820120       0.97360966551539319       0.99163922833656926       0.99753660576233782       0.99927397547925867       0.99972666009565103       0.99980419143348642       0.99973626987570885       0.99951256823122281       0.99865054491943428       0.98987799183143221       0.90086704837838527       0.20388388556887110        2.8741597989277952E-002   1.0520132133915883E-002   4.5482480221257421E-002  0.30685366007594628       0.91670902869805804       0.99157756731970048       0.99907641022134186       0.99980720018680214       0.99989060312205469       0.99993135321062365       0.99996810480937703       0.99998563304772725       0.99999000000000005       0.99999000000000005       0.99999000000000005       0.99999000000000005       0.99999000000000005       0.99996402643640780       0.99968662710796752       0.99725614130395279       0.97638059802068711       0.80978297039435987       0.10388706469126546        1.3237554192523116E-002   1.5658933860349972E-002  0.12077726572497548       0.83756849509846631       0.97421917966981508       0.98690563555349364       0.98690518957370676       0.98746824576846115       0.99046275515693727       0.99586052720676066       0.99805468247963303       0.99871291802112305       0.99910451707303038       0.99956977525612334       0.99962597653170637       0.99883150333272130       0.99460640408994405       0.97676257816393353       0.92552779640384097       0.90369480434613580       0.92768399375028976       0.98289764336770480       0.99674190168651677       0.99619156525754593       0.96987256749899842       0.75993505118837334       0.11279196505977354        1.3011837865378862E-002   1.5821982358646680E-003   9.6020530253550587E-004   4.6837106891728470E-003   2.2571033788990658E-002   7.4618215110044142E-002   9.8714937894159457E-002   8.1888117457170354E-002   3.0666676506094247E-002   1.2932359345587310E-002   5.3225972703293328E-003   4.1853341550693885E-003   1.2155560923127751E-002   6.2491325200940258E-002  0.36613312159819167       0.92521085622213717       0.99249532896462211       0.99925069694790947       0.99986487350138498       0.99938561359939593       0.99400798038551097       0.94177617890349186       0.50651936549912113        9.0941031512361617E-002   5.0028127041782160E-002  0.20586910027485725       0.90013515504710828       0.98992148818970649       0.99893940848853247       0.99931110535029699       0.99449264196283094       0.95044219072182301       0.61733691038778515       0.28714063115990185       0.43474248055541254       0.87206220402893853       0.98260440867213661       0.99789254394160787       0.99974626422882606       0.99993003305159955       0.99986428010540274       0.99970584672757601       0.99929625146316559       0.99747869683619161       0.98562157408483386       0.88168194776483488     
  0.11556110582353139        1.3688527521873974E-002   2.7659187140946437E-003   1.6643784982545797E-003   2.1209833710463940E-003   5.4559330660735351E-003   2.3526611500269173E-002  0.13716842424674838       0.82565766159992193       0.97809168927137946       0.99712274417710478       0.99800787979565542       0.99298820511741692       0.98866010683763350       0.98721058090767877       0.98671824436981104       0.98534417271940189       0.98243854305201950       0.98552336637693139       0.99063610902529453       0.99664848309658849       0.99894574353985066       0.99968977012706006       0.99990896276485564       0.99996672863778169       0.99997667210171937       0.99996394597979066       0.99988135442969461       0.99918451300006572       0.99211522498027460       0.92127274626539835       0.33418916223549422        4.5803036431532801E-002   8.2184216293370842E-003   2.0019875339353559E-002  0.15737256900640018       0.88980400908282420       0.98878636478316340       0.99887663741345945       0.99987715752711115       0.99997657784692207       0.99998967128620786       0.99999000000000005       0.99999000000000005       0.99999000000000005       0.99999000000000005       0.99999000000000005       0.99999000000000005       0.99999000000000005       0.99995334081997389       0.99956994417694955       0.99605279354659371       0.96476825158400614       0.71864937732166834       0.10830185432658654        2.7303475453662459E-002   4.0526114669947572E-002  0.20240195191555327       0.88105371583306213       0.95636747677428602       0.90978774601390500       0.88835706966152017       0.89045566613512239       0.91855764509249638       0.97546610045673576       0.99472696478030787       0.99896006101598700       0.99971309764563188       0.99967852230790566       0.99860126876651223       0.99259296779778050       0.96179607636860354       0.81874016071892786       0.36779092112262501       0.21909404922143488       0.39343129727568943       0.89089178877681419       0.98559790832345007       0.99688875111542863       0.98743767865320331       0.89066961399701139       0.23904283079562536        2.9732801219035539E-002   3.3551552560746934E-003   4.8757939077343247E-004   6.7224254414708685E-004   2.6245524272967592E-003   7.4891485782213191E-003   9.8488151285716832E-003   8.1853039799229619E-003   3.4787311116487121E-003   1.5304158949472606E-003   7.5206864645443951E-004   9.0737134850599882E-004   4.0833541941517181E-003   2.8475233433592560E-002  0.20867073314205214       0.90203200253570848       0.99022887928504677       0.99903688057973095       0.99985107821486141       0.99945932276990157       0.99488749310873204       0.95205606956579014       0.60695817647504402       0.14981899780465960       0.11141445877376598       0.35713859348217036       0.92282097663778007       0.99216005082929137       0.99911234138866811       0.99889072719373662       0.98972113176052856       0.89949400213759179       0.21265542150609770        5.4767184561970182E-002   9.6068878755948481E-002  0.46346190065897841       0.93573434631190566       0.99333256888112176       0.99926471069810252       0.99968990893947951       0.99920995378364219       0.99876610398089027       0.99827544462416296       0.99575744334180161       0.97701344688043301       0.83365348069703360     
   7.3934219939189513E-002   7.7459521511956675E-003   9.3357216869184719E-004   2.5325904047476285E-004   3.2616140117611538E-004   1.4422536516023950E-003   1.1029989997750629E-002  0.10051654419339213       0.79019229798330437       0.97346182754549082       0.99524053612149510       0.98769154792327196       0.93439617769196237       0.89142196672952745       0.87930165407777261       0.87861445945334549       0.88379249979699770       0.90431531379832952       0.95915321629918737       0.98685118890384349       0.99714809998575371       0.99946510450196480       0.99990142426562789       0.99997994685838854       0.99999000000000005       0.99999000000000005       0.99999000000000005       0.99995883729415047       0.99965548377469116       0.99687172189612305       0.97219996867116676       0.77774101951902452       0.13278840543991477        2.1492526726509732E-002   2.1180801883381218E-002  0.14559232080640741       0.88646999079782307       0.98838097056786423       0.99883529383258285       0.99987220829163437       0.99996730863997629       0.99998150114004103       0.99999000000000005       0.99999000000000005       0.99999000000000005       0.99999000000000005       0.99999000000000005       0.99999000000000005       0.99999000000000005       0.99996586537766818       0.99970770565595768       0.99752977368434947       0.97995767590411487       0.85062988769026993       0.28953283423709597       0.16147653672330409       0.21424674179619260       0.58898756486059600       0.90406497316767787       0.76749056807217686       0.27867235896811826       0.15358474357769916       0.16094484249020993       0.32232288974935530       0.81279412663073691       0.96522750240662780       0.99440973911898578       0.99881612526514452       0.99830540071456708       0.99164306841227201       0.95440612181185080       0.77351315553944955       0.22773489138496070        5.9403803358081389E-002   3.5447708146357268E-002  0.11933456898215541       0.69679103349744120       0.96216418208031029       0.99514984655824001       0.99351193987280628       0.94581384158262460       0.56783780622765534        6.5987132304153331E-002   6.6392460029479584E-003   6.7704804989733808E-004   1.4665478675900530E-004   3.0241148320468150E-004   7.5750857942738384E-004   1.0235212129895395E-003   9.9954493286684865E-004   8.6882604234133612E-004   1.1038586641098592E-003   1.2760036132684900E-003   1.9386551640495824E-003   7.6254473735019972E-003   5.1541253441107590E-002  0.33643402628091057       0.92136119825823459       0.99210632976593349       0.99920583699868970       0.99989341427581391       0.99978446026472789       0.99829077913831810       0.98680343004539051       0.91261297473849945       0.66707782811714855       0.61036290183100417       0.87165776665866168       0.98065702240378050       0.99754151898179522       0.99958882826190332       0.99875097293539283       0.98791155260116403       0.88295409552297255       0.13574519262722037        1.9862575562311885E-002   2.7393238867835727E-002  0.18417800739877993       0.89384388257694924       0.98897716274690006       0.99851503624960747       0.99799687606814769       0.99255566785525973       0.98839711396759389       0.98575665054226247       0.97661981343222770       0.92020806619409035       0.61354187314060415     
   1.9590246476728350E-002   2.3764043032156309E-003   2.8989365889951508E-004   5.9003657736762222E-005   1.3455156462538836E-004   1.1335653582967430E-003   1.1105977722549910E-002  0.10919196470755532       0.84278294312229540       0.98043432092067673       0.99067640075393926       0.93376085463635661       0.46834608643457309       0.17834219657223591       0.12903025375586910       0.12490079330380341       0.14042956362767975       0.24046243223724151       0.68626921236438942       0.90334115968945206       0.98368273896736569       0.99768990426161275       0.99969545415318661       0.99996066692798846       0.99999000000000005       0.99999000000000005       0.99999000000000005       0.99998392806485648       0.99986903735741905       0.99883574101857542       0.98969825211054985       0.91099421300732886       0.36820996218003732        8.8156256836263144E-002   6.1259494574760293E-002  0.24063493562488636       0.90467552599636858       0.99027912204333479       0.99900072429786191       0.99982403181456236       0.99982851744350376       0.99986178762649380       0.99993529383726310       0.99997786468505967       0.99999000000000005       0.99999000000000005       0.99999000000000005       0.99999000000000005       0.99999000000000005       0.99998585472770041       0.99990125804523056       0.99929615558842089       0.99545408400379432       0.97527965336905476       0.91178286317861712       0.88997961297372929       0.89794402098595305       0.93093397455908333       0.86538149794471830       0.24692483131987145        5.0579644986135083E-002   1.9533051735224679E-002   2.0521632790931617E-002   5.4770913608456331E-002  0.24093625270552629       0.81003053975053529       0.97038435253363120       0.99328580420307466       0.98975775036560731       0.95171320798764292       0.75192135101816260       0.20235918597020011        4.0003290688392035E-002   9.8027819862934046E-003   1.3298289487171461E-002   9.3895685860689290E-002  0.69228185007631227       0.96193189227915554       0.99506501323511964       0.99271049898132602       0.93777303126353972       0.50076304091340906        5.8465796257192955E-002   5.9607155889864890E-003   6.0166339190553938E-004   7.4875281936084874E-005   6.3804478857700062E-005   1.9424832512891657E-004   5.9246912367438528E-004   1.8097781618238377E-003   4.6925815719148075E-003   9.4581031135921121E-003   1.1418107197102590E-002   1.3283409972957804E-002   3.2852274977484851E-002  0.19005037384100235       0.79626799224761069       0.97323925343173512       0.99666117896804574       0.99951962944661510       0.99990201231537590       0.99992336599374498       0.99961234826801548       0.99756722560810429       0.98732629335485278       0.95859984618577931       0.95282931116303993       0.98310439851589759       0.99667754513519780       0.99946575174953922       0.99979912228287271       0.99872199995457411       0.98744901301645382       0.87922246363377488       0.12420749846699801        1.4876931988650616E-002   1.5634397705645679E-002  0.12779897319227509       0.87124373828204327       0.98515070623817436       0.99610638002591967       0.98593981789955509       0.92902804741923595       0.88923709863371059       0.87176266047014017       0.82919193443394434       0.60755304230423779       0.14402620950790754     
   3.4002193893213893E-003   5.0305273249106762E-004   7.0955499436147347E-005   2.2155454286556324E-005   1.1847893595611437E-004   1.1630542614375890E-003   1.1664006161458599E-002  0.11426867540194889       0.85962276455553344       0.98166026849176014       0.98460069975998155       0.88413991865868580       0.17631755028330703        3.3301952451413611E-002   1.5103606804966545E-002   1.3411777458609808E-002   1.6155796476171935E-002   3.3512591940316271E-002  0.12158456023482862       0.42126051564035605       0.91597580337407802       0.98997458637079916       0.99884030508358812       0.99986738626870630       0.99998344225635116       0.99999000000000005       0.99999000000000005       0.99999000000000005       0.99995851237069722       0.99966644994421128       0.99731513271271444       0.97942067859131632       0.86150316594741405       0.46173373537466850       0.33455740324212485       0.71714628040566664       0.96142758843133025       0.99547168613229797       0.99935657060164318       0.99943372343419157       0.99872071603286328       0.99885261664275649       0.99948683121294113       0.99984260441540740       0.99995768412391883       0.99998787858394489       0.99999000000000005       0.99999000000000005       0.99999000000000005       0.99999000000000005       0.99997543840935710       0.99985531250502602       0.99923038098777173       0.99672393157539263       0.99090677919439507       0.98832470358232449       0.98563968567316751       0.95844284895987220       0.72227943592214849       0.10423937411280124        1.3724478805122573E-002   3.0454221463496363E-003   2.7874081286150968E-003   9.4354810542105552E-003   5.1749617322169789E-002  0.29195996216009362       0.86287322395353239       0.96012938516781821       0.93620832650899333       0.74896269633300183       0.19608767796912493        3.6553298883357961E-002   7.0767696303801926E-003   4.4238758595637733E-003   2.3625185122332238E-002  0.17544871466203824       0.85198199747419945       0.98185718345601480       0.99636363695602481       0.98571169119163904       0.87735153099890040       0.19513385544595202        2.3896083076006772E-002   2.6816155818414514E-003   2.9904097990171764E-004   6.6683550498631487E-005   1.8561770582276813E-004   8.9356289055700833E-004   3.9875566873176166E-003   1.4973662245683080E-002   4.2441714500634019E-002   9.3359960791560739E-002  0.10926084298132913       0.10751502939663769       0.15458292011945488       0.64246841394330179       0.93115545138785383       0.98367579139810224       0.99560332883452896       0.99850589544574964       0.99949909928361080       0.99982070122861022       0.99988230303333969       0.99961336583711358       0.99837438512694021       0.99547563216840274       0.99498079469480716       0.99796235992510840       0.99950912016992433       0.99989527005924894       0.99985643300283678       0.99872216163454774       0.98738751687765025       0.87874192568769671       0.12292754648982972        1.4060530575162064E-002   1.2203239469848583E-002  0.10496123567214255       0.80820781517150087       0.96973347724788639       0.98403327352724512       0.91615598273319654       0.41862904360328951       0.16939730368531686       0.12474558858452928       0.10815780957678794        7.2385147754101070E-002   1.9456886698282924E-002
   5.7804688077226223E-004   1.2481838916522238E-004   2.7076197644253746E-005   1.5867389940368643E-005   1.0671150196997146E-004   1.0627308662153100E-003   1.0685697741713886E-002  0.10519114101674099       0.81721510173014811       0.96429770667935333       0.96382313578603818       0.81586861824026380       0.11269036580016197        1.3246723141447640E-002   2.5454014920533443E-003   1.4983606172079326E-003   1.8908614483515473E-003   4.9244954112349490E-003   2.3187669318116610E-002  0.13767686113528899       0.76847223593664438       0.97073848892247439       0.99669043380597699       0.99963577785721691       0.99995511685985061       0.99998532688840680       0.99998680178211008       0.99998619301481040       0.99997923684512735       0.99991789171785361       0.99946803923137273       0.99658877089633380       0.98162662492938957       0.93670665794608132       0.92105776143664853       0.96296287390430368       0.99281319243583532       0.99878578341954405       0.99915547851146713       0.99687103448971737       0.98993497892112625       0.99014127288906095       0.99590096164801367       0.99885370177064481       0.99970280012092261       0.99992196115721754       0.99997676198792018       0.99999000000000005       0.99999000000000005       0.99999000000000005       0.99999000000000005       0.99997421022997379       0.99988599383790111       0.99959066042872091       0.99897746040835311       0.99788004901545024       0.98944446618363779       0.90785558627891016       0.26814885879223915        3.5020174595627729E-002   4.2834736193184423E-003   6.6610797406220382E-004   4.6189793087250480E-004   1.9266798429857441E-003   1.2307715012692634E-002   8.4377496671272742E-002  0.49928426954240018       0.75337969369638536       0.61978576645594352       0.17281133399058132        3.4049057517269971E-002   6.7687963461789845E-003   3.6522489158899124E-003   1.2690307262883938E-002   8.1133326475128720E-002  0.51790680136926193       0.93633615784510771       0.99223787591127821       0.99544319330510478       0.96676966358202288       0.73539045478378495       0.10049589439276813        1.1107829832285306E-002   1.2170180274693075E-003   1.7098131161297030E-004   2.2963327258414124E-004   1.1802444225321028E-003   6.2309495064214052E-003   3.0448404389000861E-002  0.12298289455677225       0.34151387799784050       0.75553167838276136       0.82777435606594629       0.74120940205919950       0.51911053995759415       0.73233488550943804       0.85732261942472154       0.91028452115940417       0.96884480736777001       0.98752776103994844       0.99580133666222825       0.99856752096980639       0.99959732425274228       0.99986232328934577       0.99978874114007277       0.99951795750025418       0.99947793767294046       0.99976340696114885       0.99993229759777191       0.99997289707110537       0.99987112744136775       0.99874424650264548       0.98755092958724000       0.87991209586425023       0.12552590698218230        1.4044804468459300E-002   7.7133206825556510E-003   5.9817319855652737E-002  0.49095838825804661       0.87163139570739956       0.92840725168111615       0.77381258177098688       0.14007125688340150        2.8741336991247618E-002   1.4174270853190616E-002   1.1182609866201822E-002   7.4564533121036763E-003   2.4317296580480255E-003
   9.0392450978006177E-004   3.6810967528112419E-004   1.0687525005378460E-004   3.2234726942585016E-005   7.6471609086756082E-005   7.0169701395192126E-004   6.8603027128007763E-003   6.5922319125437917E-002  0.54207872571066884       0.82404541487323313       0.81672775953456589       0.50102331614672713        6.2191815411209182E-002   6.7536912780120873E-003   8.2432218754635730E-004   2.1790943233386154E-004   2.5361452484988842E-004   9.1487376959551380E-004   5.6432649465499715E-003   4.1320843771678453E-002  0.29722553684138514       0.91532198449385516       0.99148561707051108       0.99913617106782249       0.99986005349385110       0.99989310013454868       0.99988048337322299       0.99987846350865650       0.99988917384567777       0.99990955434998741       0.99987888030153327       0.99950083637334131       0.99780792531175622       0.99355282507725362       0.99208338060684143       0.99576883380836090       0.99887769263585335       0.99936016728186750       0.99710827764216892       0.98291591048415961       0.91981446524646671       0.91301638803221730       0.96745305352497790       0.99185955270762838       0.99788112809170049       0.99942409934247689       0.99982340408646242       0.99994785979456469       0.99998526935212406       0.99999000000000005       0.99999000000000005       0.99999000000000005       0.99997995301454301       0.99992138129635433       0.99966558053544086       0.99802054549545816       0.98457062600716549       0.86932460211753171       0.14026038567495658        1.6161256943012219E-002   1.8265961872427996E-003   2.4633958768442867E-004   1.5611850880761834E-004   5.5598325501652246E-004   2.6972490001081948E-003   1.3975049494801791E-002   6.0962927650167018E-002   9.2321264982457976E-002   7.3347165819594620E-002   2.2973228628834465E-002   6.7560374970020527E-003   6.4044121888986822E-003   1.7117330689070061E-002   5.9843510564413969E-002  0.27624491473544899       0.85877179309676832       0.98147954649827152       0.99686882554783784       0.99094830532590161       0.91255561901326876       0.27818541425226345        3.5844563372407622E-002   4.1714098715869754E-003   5.2222037432525102E-004   2.9028215804980051E-004   1.3106854192099274E-003   7.3596555287712556E-003   4.0723186276648102E-002  0.20717250007769505       0.73443063094036287       0.90219321227001026       0.96173400958147548       0.93591370957510511       0.69608893298988694       0.16804791435828917       0.11353598439173909       0.14543758782779026       0.29280380321153321       0.75511296551630069       0.89110200589218069       0.96476281184309332       0.98777792336388448       0.99691104906867145       0.99939813550857914       0.99987971210883286       0.99993546848253534       0.99994418342297586       0.99997235068319135       0.99998956856071608       0.99998608373225750       0.99988267863430991       0.99882891108385941       0.98828841266582590       0.88575707893428923       0.14343936279884401        1.6516299235024248E-002   3.6193661958781680E-003   1.4448241150812622E-002   9.5300763062527771E-002  0.35686137207252822       0.57359025077748538       0.25010427688851922        3.9719025146251905E-002   6.3387543152306726E-003   2.0050627021289355E-003   1.5587579139070581E-003   1.5993114746841307E-003   1.2945717272931730E-003
   8.4656523001605914E-003   3.1761798289358647E-003   8.1848965780718724E-004   1.7741468715634130E-004   5.9143331680005448E-005   2.2479977774476876E-004   1.7529086991765204E-003   1.2642359790081222E-002   7.0825374393950216E-002  0.12273540915903849       0.11952446714976896        6.5327619429268707E-002   1.1764904668666780E-002   1.6607345358946703E-003   2.2165317549510804E-004   4.2091374452962663E-005   4.8771448403700595E-005   2.7171421223306385E-004   2.1419395184112985E-003   1.8210887643814087E-002  0.15324983644417739       0.88858557667922466       0.98859603062910584       0.99869692830763135       0.99935575769007123       0.99900174523037177       0.99881130672632312       0.99878707461084903       0.99890369542913648       0.99923112407054748       0.99968335578762257       0.99984235680668831       0.99972323838813892       0.99934500915858093       0.99921199840240960       0.99952194066465228       0.99973921983073810       0.99897847619114410       0.99161554813284991       0.92734910839670814       0.45010897122405003       0.33808001590942144       0.76500005463435394       0.94565955984060079       0.98460832576707180       0.99560440094835745       0.99855431000365247       0.99957970320107303       0.99989615819298627       0.99997625347636898       0.99999000000000005       0.99999000000000005       0.99997761380754691       0.99985714193944220       0.99906295847956128       0.99396266013784207       0.96183608745186200       0.76306340522438820        9.8477123464389346E-002   1.0344612383521310E-002   1.1329585145602480E-003   3.0343272913768281E-004   5.8673235424113184E-004   1.7434142442805283E-003   4.4721315572600080E-003   9.6143066954239003E-003   1.3770023728197028E-002   1.2943394942729352E-002   1.0158747422489735E-002   7.9588477614055912E-003   1.6269643038594780E-002   4.4581535418810513E-002  0.12817601285047023       0.33000900030827246       0.82564921843507455       0.97128766917971920       0.99580226438097175       0.99834606973665374       0.98878593898093348       0.89011170985608667       0.15669525865417014        1.8731512661525417E-002   2.2897270945501044E-003   5.8947648405571122E-004   1.4593990514409180E-003   7.6808758948455642E-003   4.3125838090326239E-002  0.22611367732235441       0.78206724542339423       0.95396257602270351       0.98493023276521108       0.97483289975096665       0.83125058807686492       0.21952602590980480        3.7588377719677671E-002   1.4830374904131001E-002   1.7388892864438708E-002   3.8400182762777409E-002  0.11080140979025654       0.25214047684741331       0.73458961181217419       0.89778054590197698       0.97673947867808697       0.99621122352261582       0.99946342439112734       0.99992528983384665       0.99998536466493515       0.99999000000000005       0.99999000000000005       0.99998947091594836       0.99990797244047658       0.99907652226879651       0.99069694357508442       0.90769320347206572       0.24988025379932616        3.1025451056063812E-002   3.8319920826283605E-003   2.8256791313791161E-003   1.3040592635979297E-002   4.3907064689269158E-002   6.7401611653894786E-002   3.2827599697138943E-002   7.0397796561798114E-003   1.6974269315671723E-003   1.7414609367193633E-003   3.8129507903493088E-003   8.7121064532455009E-003   1.0463025850628922E-002
   8.4236336387388602E-002   2.7334368218948767E-002   6.0864891874076264E-003   1.1648516081029950E-003   2.1219173194793941E-004   8.4088062342593556E-005   3.3897864661379282E-004   1.9136779734750971E-003   8.0948833847884396E-003   1.4171790685875693E-002   1.3700978215382145E-002   7.4928238580206320E-003   1.7708936412629791E-003   3.1134838627547978E-004   4.8294632871020559E-005   1.0375991210389573E-005   2.1458775301713590E-005   1.7305981091861482E-004   1.5656085588334561E-003   1.4468466343223615E-002  0.13150791930500777       0.88237551214999765       0.98759139590145417       0.99740262787637768       0.99491582295412728       0.99008918073113183       0.98813379964301218       0.98789534928989642       0.98896890664809878       0.99229512391931041       0.99725641500335194       0.99921832830830759       0.99975234335077634       0.99987513865832922       0.99990605248430697       0.99993555098203146       0.99988431246943288       0.99914720477252816       0.99235067798488474       0.92938256556785881       0.42736437089507467       0.14179732383791982       0.23068108869235160       0.70444804068832356       0.88584027894228534       0.96572187518169905       0.98780278065431615       0.99658582612474600       0.99921762022527827       0.99983959524478017       0.99996649922503489       0.99998017583445975       0.99990379702143162       0.99930926001965725       0.99512740240483488       0.96807598118439908       0.82335558766697348       0.29706269444528832        3.8823816701642762E-002   4.5652401923230706E-003   9.5756047658010707E-004   1.6332659752263706E-003   4.7104002608818092E-003   1.4705024670753828E-002   3.7364506232611998E-002   7.8773724398556053E-002   7.3778126572117408E-002   3.3148689144963474E-002   2.3942516023287310E-002   4.4163140511597858E-002  0.12797281735975605       0.33061061670638098       0.78156346338526650       0.90709818117581476       0.97597524431970339       0.99543398864685362       0.99915166798805244       0.99881898241415934       0.98916866377224877       0.89306089181910420       0.16999577477964040        2.2391512408504646E-002   4.0051013244724746E-003   2.8317109827985468E-003   8.8468249155813829E-003   4.4280957181572538E-002  0.22940298421371236       0.78987905287604288       0.96023448289576852       0.99188118463788977       0.99159666210838038       0.93459585968162395       0.45200210491071036        6.7355663315778871E-002   9.4030969647451203E-003   2.2590919867926484E-003   2.0527115413601451E-003   4.5333816410028892E-003   1.2880972207354194E-002   3.4187117375656467E-002  0.11585134630657452       0.31644731591016634       0.84550849719908361       0.97976057368779401       0.99762234281277495       0.99973173975515117       0.99996942987625381       0.99999000000000005       0.99999000000000005       0.99999000000000005       0.99995023957603635       0.99953469907359482       0.99566278182086854       0.96065235434765006       0.68336069951145506        8.1545274599835904E-002   8.2422237777390658E-003   1.1738764016087971E-003   1.6938981970402874E-003   4.7625388331547615E-003   6.8746511645099446E-003   3.9769081475326392E-003   1.9410461469963199E-003   4.1532595645870042E-003   1.2994069038862707E-002   3.2916004472532984E-002   8.6268796480033536E-002  0.10383292753515573     
  0.70013422114372259       0.20941101471665730        4.1167444799599259E-002   7.2005550154052491E-003   1.1967961032988859E-003   1.9850045970164424E-004   8.3818522321217530E-005   2.7095427427330340E-004   9.3693198961024868E-004   1.6337470385266238E-003   1.5728599850104710E-003   8.6801166448083583E-004   2.4615480973798619E-004   5.1459080628604951E-005   1.0452214881459254E-005   1.0000000000000001E-005   2.5791347146836543E-005   2.2160576639333561E-004   1.9713092747051537E-003   1.7521057719344132E-002  0.15019951425036882       0.88725057936469209       0.98659913922143172       0.98850608525843597       0.95495687676836150       0.90243701798700071       0.88447239410191580       0.88241550809414671       0.89145869743969619       0.92354276800504909       0.97609840190378072       0.99381578698642026       0.99823263852317201       0.99952286521447919       0.99988178968451769       0.99996696136950791       0.99995323559876126       0.99967480452251944       0.99739617436389827       0.97940951983089997       0.85194910742609697       0.38008548717550883       0.17106376739200052       0.14805689089149959       0.27783123477840810       0.74956428999073554       0.89692619139842888       0.97285541463807224       0.99433094135852707       0.99891814252836697       0.99978769436431281       0.99990029943026881       0.99957065096902442       0.99677133990868316       0.97507285423620460       0.82283826856726394       0.26581051644557768        5.6927145033053697E-002   8.9069116336198025E-003   2.0254123004380393E-003   3.8696258719386647E-003   1.3351019823756470E-002   3.8245314764847924E-002  0.12333625052288251       0.30092148028388221       0.66786744122312980       0.62525112511487413       0.25854011798129728       0.18605388129789441       0.32478878723582866       0.77479714184839721       0.90652484731243399       0.97147208571488997       0.98934522453389484       0.99701194684519678       0.99934586063842645       0.99980487180559030       0.99921667888532395       0.99232452326971587       0.92392944737397720       0.36024547259847495        6.6263946630927995E-002   2.0890349446331721E-002   2.0678199064506117E-002   5.5780622672388487E-002  0.23773182950693589       0.79228996945057206       0.96135012027470979       0.99312394298917006       0.99776539915821860       0.98947332369011043       0.89790495792880720       0.19238276176786925        2.4709119141217064E-002   3.0928897566317019E-003   4.9263787067265982E-004   2.6180352343951798E-004   5.3093130695051796E-004   1.5038581114618639E-003   4.4516342825889708E-003   1.6882997688691899E-002   7.3292610176620906E-002  0.40707629009200647       0.93022453193127386       0.99296030457413986       0.99929966367972467       0.99992991833334066       0.99999000000000005       0.99999000000000005       0.99999000000000005       0.99997416825134011       0.99977218383935595       0.99793017116204230       0.98142986157515788       0.84176233528051458       0.11007569576699400        1.1211419387677751E-002   1.1636520645659041E-003   3.0498208655393056E-004   5.3745961737480948E-004   8.6254277396489358E-004   1.5078413694719784E-003   6.3462410253848547E-003   3.1187171303019196E-002  0.11108695426126580       0.26209561088975486       0.71599653677164188       0.81880297871998897     
  0.95045653279226194       0.78529388241050802       0.22332152507445041        4.0638312474920939E-002   6.6101015406348140E-003   9.9966348069800010E-004   1.5055818325776480E-004   5.5070216980390970E-005   1.1277701515217881E-004   1.9077004496626998E-004   1.8316856581099562E-004   1.0242071640657726E-004   3.3488961956964526E-005   1.0000000000000001E-005   1.0000000000000001E-005   1.0000000000000001E-005   5.6943863150547957E-005   4.9275607535541788E-004   4.2938491865495967E-003   3.6639510903857961E-002  0.28089954115937665       0.91088451158984929       0.98126880466428634       0.93233573138928394       0.64511503549173455       0.22375371197955035       0.13893399643990823       0.13152589828206127       0.16508767628708507       0.35623805527238994       0.81242528798028879       0.95344665563120357       0.98588114544850314       0.99632129335596553       0.99919597898805179       0.99984365688110921       0.99996047243373476       0.99991117914178440       0.99941375823118273       0.99612143058405600       0.97726469214706102       0.90145350721127682       0.70716652578910288       0.16929428295803273        5.9771794033244216E-002  0.11997751456128963       0.29414798506368661       0.80471954831405978       0.96187936880712366       0.99308964834209856       0.99866028072501212       0.99945507579269655       0.99824069940844051       0.98737191412721848       0.89963882279059826       0.32031377093374674        5.7885061232590705E-002   1.0519208401393441E-002   2.7347418142337561E-003   6.1528577128793453E-003   2.9180254650270181E-002  0.11091063932351183       0.27831762510761476       0.76358631257717835       0.90136526569615905       0.95747505303554148       0.95392209140454465       0.91017503164218327       0.89761701417537521       0.91990866100629221       0.97184317142151400       0.98932065390166835       0.99660146745843103       0.99878976555548404       0.99963955877728350       0.99991024039358301       0.99995028937589503       0.99970494265591703       0.99740836978274749       0.97796837324447372       0.83317290792175647       0.30580371252404354       0.15469002277500138       0.16131275100620701       0.33307136240347862       0.81623395823097644       0.96389120666365713       0.99352180878807927       0.99876156915659542       0.99872895365696213       0.98911844605688681       0.89249340690001255       0.16491311815895995        1.9814804917630661E-002   2.2812796949306397E-003   2.7281527727102383E-004   5.4407919295691209E-005   6.6909204113306504E-005   2.0124101229592018E-004   7.8527211881500465E-004   4.3006785159586660E-003   2.9390176310070407E-002  0.21774129168172263       0.90387317164914316       0.99044025251271328       0.99906598603486829       0.99990746088704330       0.99998728444986296       0.99999000000000005       0.99999000000000005       0.99997960012680320       0.99984515597801760       0.99854514049696719       0.98617608418715685       0.87183122274549540       0.11896768117526106        1.2296502788303101E-002   1.2442028695359040E-003   1.5790606830418355E-004   1.5837127966396091E-004   7.6796213104602187E-004   5.0360583259110850E-003   3.4482185190432703E-002  0.21635265866251843       0.73671877693175458       0.88977418889842663       0.96133567607909842       0.97587273857673895     
  0.99046462475147956       0.95929906336209447       0.78020058830670236       0.21067496568841382        3.5372817412750064E-002   5.0132142461599485E-003   6.6113543247586532E-004   8.7936137958896443E-005   2.3342787384310778E-005   2.3710698322499593E-005   2.2159906548730113E-005   1.3343671298239924E-005   1.0000000000000001E-005   1.0000000000000001E-005   1.0000000000000001E-005   2.2386811297873201E-005   1.5521491839232880E-004   1.3438908830590783E-003   1.2079679511839326E-002  0.10651715955213847       0.74224094043193412       0.96281894867226359       0.95949234157197749       0.72067837757067099       0.16046093331484781        3.5369999222819054E-002   1.6283196312038638E-002   1.4560677537251373E-002   2.0561908875635405E-002   5.4804681390745923E-002  0.20530694904417904       0.70234165716488695       0.88814055205836107       0.97178207581883558       0.99435859670161375       0.99900732668285253       0.99982801107033326       0.99994632071244194       0.99987502221211122       0.99934562075205646       0.99657359639636456       0.98385521766085615       0.91905304950760636       0.51008896633698964        7.0500735932775546E-002   2.2764189678100847E-002   5.1278763022784481E-002  0.22877974139349813       0.78480656667372273       0.95864769986698462       0.99154664043560259       0.99658782189861039       0.99231924089230650       0.95665417793753738       0.73514681414726046       0.11776220087307933        1.5848914958355092E-002   3.1388813501626333E-003   6.2356070597894761E-003   3.8118565539781601E-002  0.20559746433366377       0.72837282517600310       0.89273523977551095       0.96837814973901981       0.98857586910745321       0.99510521790209183       0.99497666270441132       0.99103330082693997       0.98975940588319478       0.99199831827388441       0.99682961103607959       0.99879644447396809       0.99959754349473073       0.99985886223465448       0.99995606898259892       0.99998696687766897       0.99998737482895816       0.99992343158575026       0.99942478603894480       0.99602008840401646       0.97683398433812130       0.91436444615648649       0.88614394243053873       0.88895417404982191       0.91977552548999153       0.97611485582966495       0.99479664011009827       0.99898448004047180       0.99972407325238721       0.99911484667809913       0.99146533104457046       0.91484360240777096       0.29073809178657634        3.6177248617046291E-002   4.0146133244641389E-003   4.3497500057430388E-004   4.9570873114565620E-005   1.7174005127679855E-005   7.0510642315231602E-005   5.3144071938224311E-004   4.5900235052775060E-003   4.0568465544822657E-002  0.32393773515236096       0.92013546375339550       0.99204773768989452       0.99921486708849283       0.99991177133487963       0.99996103994302998       0.99993407690743152       0.99992896175499157       0.99994820960346975       0.99985084471997199       0.99867608777260097       0.98709872801107046       0.87708338760633864       0.12119720358123845        1.2602638483288528E-002   1.2781996216823487E-003   1.5756487245223536E-004   2.4145900200650647E-004   1.8300673543845561E-003   1.4638625668801532E-002  0.11540484825791200       0.72272774118177363       0.93491217813920868       0.97278932924185346       0.98434313199734558       0.99026573902315751     
  0.98727838752919739       0.99101156205642482       0.95618408744773853       0.75816196672715708       0.17331865984733680        2.2596260368199193E-002   2.6803195662401186E-003   3.1159960004591787E-004   3.7946494085182760E-005   1.0000000000000001E-005   1.0000000000000001E-005   1.0000000000000001E-005   1.0000000000000001E-005   1.0000000000000001E-005   2.4008750014287287E-005   9.0260118788591464E-005   4.3395553185445813E-004   3.3462837929759430E-003   2.9327821934255614E-002  0.23484091250835493       0.88427589149163344       0.97630353768761247       0.90313655832160677       0.24895669870635009        3.7817082121124897E-002   6.3511176009253571E-003   2.0327805173680933E-003   1.6071381492754212E-003   2.4899486387422180E-003   7.2985446085393956E-003   2.8301847156867482E-002  0.10584098471614962       0.28123206476842694       0.80259582779044258       0.96326208016072301       0.99408378053211643       0.99901769046254807       0.99974860970432711       0.99984080447669799       0.99977748404940991       0.99931489307549715       0.99646686295750642       0.97630573167689372       0.82309187212750712       0.13799788979720304        1.9624687708743833E-002   1.0489716612722022E-002   4.2421661569390381E-002  0.21887114150600911       0.77269801368751800       0.94556387395733632       0.97540126111050873       0.95585189001462623       0.80158394199428651       0.21833976064841962        3.1173518483924679E-002   4.5721999346621175E-003   4.2669219364220882E-003   2.8755108261469771E-002  0.20152471425823906       0.77365346877658170       0.95277903420625987       0.98636894322845936       0.99607041900373194       0.99867309955459993       0.99943984692162691       0.99946024429818103       0.99911273292883718       0.99898215414535985       0.99917567352868764       0.99958109372600357       0.99977692873148671       0.99988563153032473       0.99995543688125921       0.99998614017535270       0.99999000000000005       0.99999000000000005       0.99998267373073113       0.99989498110938968       0.99939333541138220       0.99714016940424477       0.99110942678791158       0.98804993177244282       0.98849004229238735       0.99183360859726799       0.99720154062801203       0.99927857636891548       0.99977329953657179       0.99981753572124221       0.99945008191257978       0.99599300623004261       0.96516663823113480       0.72188149696933390        8.6957479812037705E-002   8.6888401657361017E-003   8.5627198573841041E-004   8.5784424526364451E-005   1.8538138322084890E-005   9.5490490871833085E-005   9.2790318434505799E-004   9.2665413786416611E-003   9.1734852970156225E-002  0.74672635089173445       0.96861661904540708       0.99649335515401993       0.99958858427806618       0.99986216397372807       0.99970715786942832       0.99934791686626689       0.99929905309239342       0.99963837269160005       0.99974866126117390       0.99866527023689922       0.98723266387383568       0.87788617146607839       0.12164982714929240        1.2671225532560681E-002   1.2871730882349493E-003   1.5918965230380668E-004   2.5824622940075778E-004   1.9839160850090142E-003   1.5563185784751153E-002  0.11720522095036760       0.67829566556409471       0.84709851027848282       0.87653106823755156       0.89375429302746656       0.93738451220975694     
  0.93891192313977356       0.99207774554678418       0.99008283852637857       0.93919132717944442       0.62797630367150292        7.8333983732731538E-002   8.4544618836351910E-003   9.3389863110558962E-004   1.0914492722168669E-004   1.4834071644980012E-005   1.0000000000000001E-005   1.0000000000000001E-005   1.0000000000000001E-005   3.8458677608654175E-005   1.6665077614739596E-004   5.6873483402407798E-004   1.5611236813110052E-003   8.6256409710370151E-003   8.0446425927751572E-002  0.67511309412364451       0.95451876283305892       0.97953725836634642       0.87178311503133454       0.13701808069801716        1.6027133961116456E-002   1.9746638578255738E-003   3.5737899029970703E-004   1.9109330936543177E-004   3.0496261744410191E-004   9.4485004376913850E-004   3.6286371168198378E-003   1.3695700512819748E-002   4.9236723313207491E-002  0.23319003473826602       0.80020916020596455       0.96832793805418971       0.99448075343005793       0.99815284570213680       0.99868513958381966       0.99884622382568167       0.99902355512519669       0.99848376170843633       0.98998063453588514       0.91156772781415851       0.32731095015762729        5.5185100906028635E-002   1.0072211004729905E-002   8.5366604462895762E-003   3.8476701798612442E-002  0.18962369088632586       0.66889849254391764       0.81660026634451754       0.73211083264197507       0.25561592356636420        4.6778566391975480E-002   7.1528457060008287E-003   2.4291435317466575E-003   1.2603348724912339E-002  0.10578373525122975       0.72187554466360115       0.95185885862285025       0.99154473185698455       0.99798748808884385       0.99939789702732340       0.99978171915084491       0.99991279427977531       0.99992656877910158       0.99986951252592671       0.99976672632685148       0.99958131500135039       0.99920313685424200       0.99906205433431960       0.99930354631014506       0.99973790273018526       0.99993320893413185       0.99998520309624161       0.99999000000000005       0.99999000000000005       0.99998155538814626       0.99991387055983805       0.99965651013382995       0.99907110500336782       0.99875240281769107       0.99881406996538502       0.99915149016041516       0.99959844951781207       0.99961132803881736       0.99920151537538038       0.99885869165499119       0.99844728106131297       0.99594527596491278       0.97543766833392431       0.81456496299931713       0.10281497863969134        1.0311884158924546E-002   1.0137697614915253E-003   1.0094199326775244E-004   2.1795734920859148E-005   1.1775967806389145E-004   1.1571542242025555E-003   1.1532050042968287E-002  0.11261899937806213       0.85106378666726035       0.98257466469948240       0.99789156023878722       0.99949080783878597       0.99915391025485345       0.99738868844011663       0.99345131034254908       0.99293810777795288       0.99685165936300690       0.99888616119912077       0.99836606883531687       0.98694707989680208       0.87701944601471171       0.12130133764168095        1.2625751540555697E-002   1.2803948281877461E-003   1.4278950893958524E-004   1.1309286043389749E-004   6.8821344900189840E-004   4.2766514701285275E-003   2.2952734661204129E-002   8.9093420348769825E-002  0.11796106221229739       0.13204101166755111       0.18925358720304222       0.50294053263506511     
  0.90968662405168343       0.99047617174000868       0.99652112095927048       0.98023785292814725       0.84607707759980211       0.14205989400549088        1.7887531053217047E-002   2.3213957240413342E-003   3.2360002394686126E-004   4.8832107897539383E-005   1.0000000000000001E-005   1.0000000000000001E-005   4.4296733413234099E-005   2.5444439498858865E-004   1.2634568682330716E-003   4.6438368887975253E-003   8.6111281924117107E-003   1.5445818113397783E-002  0.10040158560832513       0.78608094142011031       0.95876515843138976       0.95944144914432827       0.79664724824403399       0.10415992487142745        1.0902271981763748E-002   1.1433998048099539E-003   1.3347612018906109E-004   3.1086830025797368E-005   3.8967681759597339E-005   1.2270389736138986E-004   4.7647089457498982E-004   1.9177238157298767E-003   8.5184910049815529E-003   4.7713647827337592E-002  0.26542088743650954       0.85119826684755406       0.96805031137869857       0.98477246785552541       0.98735222367015307       0.98867336258443406       0.99165105639847861       0.99638531856884738       0.99576105445951835       0.97488717544187387       0.81478950858593180       0.23519883367375741        4.4289129508533524E-002   9.4534890331599945E-003   7.5287485707096610E-003   2.5122328529423463E-002   7.9893368593524181E-002  0.10356672472055839        8.9364327715077088E-002   3.3464916760642983E-002   7.3547814842830593E-003   1.6017300287335858E-003   3.0263775420210164E-003   2.4218402810204188E-002  0.19168430189851227       0.87382425641140171       0.98293947734672260       0.99657575567130807       0.99842992125235686       0.99890409792789925       0.99939856889617429       0.99980442177642392       0.99987523695023617       0.99963280392656650       0.99877845858311165       0.99685405588990705       0.99227116944110594       0.99054549965855898       0.99306408614087138       0.99770427952132135       0.99949947183414012       0.99991117515451677       0.99998469355989938       0.99999000000000005       0.99999000000000005       0.99998684564249662       0.99995783724775122       0.99989755907655486       0.99985767631242273       0.99983865610711242       0.99975253229154815       0.99926357643168640       0.99727697902597023       0.99220697488943344       0.98885671129976427       0.98705826701193633       0.98124373331210446       0.94024688771739517       0.67815312616455814        8.1178335438171906E-002   8.1744208414864499E-003   8.1525721378980119E-004   8.3121309406012007E-005   2.0099116374629007E-005   1.1597152074045899E-004   1.1392098204236281E-003   1.1342921116616514E-002  0.11080844057734920       0.84259937961155074       0.97922583687041453       0.99605324472695189       0.99724892584649927       0.99323929111264209       0.97718405403172681       0.93504688663679536       0.92956360728452714       0.97271760365611859       0.99211725941478923       0.99595642894279213       0.98448125490342875       0.86975740435498128       0.11871109866959999        1.2292706752095119E-002   1.2408439619368702E-003   1.2923162574881211E-004   4.0241578235267742E-005   1.6373946957203161E-004   8.3089085488760042E-004   3.4380726280267022E-003   9.8115969969376268E-003   1.3335836210113063E-002   1.9253316679478133E-002   5.3747021361422329E-002  0.26339392843568743     
  0.93778718827700946       0.99338259028798470       0.99829230056574070       0.99061886187405679       0.91416421160903460       0.32599531776330837        5.4546869073375713E-002   8.6169869129737800E-003   1.4018848717189728E-003   2.3654462682349149E-004   4.6421646359558807E-005   4.1911052196746558E-005   2.3710855794393935E-004   1.5558234660003111E-003   9.1432050412915949E-003   4.0927388043524020E-002   7.5692992823634203E-002   5.6140550165512997E-002   8.3867075573565195E-002  0.58207138585831375       0.82736662637364489       0.79904402238921790       0.42170982930453216        5.3097410997373938E-002   5.7860806289244063E-003   6.1729158167348700E-004   6.7110564419338876E-005   1.0000000000000001E-005   1.0000000000000001E-005   1.7505304496950382E-005   6.8035085188981664E-005   3.1220739385564482E-004   1.6958598059515996E-003   1.0943312403330191E-002   7.4685615638251115E-002  0.45459941098617673       0.80223908351500750       0.86759623139888442       0.87942422304364709       0.88908444916935980       0.91727791717406426       0.97099430737021053       0.98829069241077228       0.99148962756615178       0.96262539818565029       0.78985393911175350       0.23136288173437286        5.0973291948515742E-002   1.5486803833037383E-002   7.1545917951414753E-003   9.4457786856522608E-003   1.0831568101356227E-002   9.0977254502390085E-003   3.8793856583855001E-003   1.0494385877575362E-003   5.4012508834327597E-004   2.9826015245423602E-003   2.5206538877671308E-002  0.19787308832583231       0.86135267423964379       0.97135075768060886       0.98538793489207421       0.98769632220006520       0.98979695534799406       0.99461735981543054       0.99858229781484653       0.99918803942749068       0.99714186904689361       0.98921318086994592       0.97202456009589833       0.92250992582698943       0.90491490791584783       0.93142228743611866       0.98064830753986731       0.99652800712817713       0.99947759403967873       0.99992694011480199       0.99998799475872691       0.99999000000000005       0.99999000000000005       0.99998768878570965       0.99996799816711301       0.99991439408120786       0.99970854458151404       0.99881278970649778       0.99458366072631588       0.97650992393570668       0.92278742680894377       0.89107058353434410       0.87949520094176681       0.85686458405879407       0.71469102592796518       0.18600438163032704        2.5405204310232129E-002   3.1675358045824857E-003   3.9118933444491801E-004   4.9423763870505577E-005   1.4828508508635638E-005   8.6208118396676996E-005   8.4278799578135549E-004   8.3859635389562301E-003   8.2678263270277066E-002  0.68370792829102400       0.93619903044363828       0.97805859389143812       0.97836069215333510       0.94716637623270250       0.81873307521664096       0.44235618830673634       0.39649114614871656       0.78698062861536155       0.94207400258176688       0.97677864722961805       0.96509478429154727       0.82092725778996745       0.10671581153219699        1.0915996780846345E-002   1.0942339934130656E-003   1.1085319555084355E-004   1.7386275178798729E-005   3.3664863577394011E-005   1.4478739651876846E-004   5.2501370423900973E-004   1.5215419124611318E-003   4.7216446196327996E-003   2.4339773176244858E-002  0.13042514808561870       0.48259111775850766     
  0.98599000436549344       0.99812886131660028       0.99943205922102063       0.99704233310541890       0.97545671002022805       0.81423579125553824       0.23445213187112943        4.3418798593816393E-002   7.5734596906104467E-003   1.3300982887474325E-003   2.6580899504805228E-004   1.9936425204738711E-004   1.1009405270967943E-003   8.0604432959098457E-003   5.6756502043482808E-002  0.32149108509488500       0.62874347120128771       0.37403180311865608        6.7990247565762316E-002   8.5059608315290594E-002  0.12355689902413063       0.11168000737510346        5.5267787594553579E-002   1.0035822981039579E-002   1.4291134784729673E-003   1.8548020868939481E-004   2.6480402763459947E-005   1.0000000000000001E-005   1.0000000000000001E-005   1.0000000000000001E-005   1.1966037654491487E-005   5.5310300790477084E-005   3.2277550893582466E-004   2.0034776264020795E-003   1.1815056038874576E-002   5.5914104452873460E-002  0.10290750089335890       0.11896284933313982       0.12716855167442676       0.15576725828773491       0.30978623774045189       0.76937094501474090       0.90428578905240653       0.97377567476946980       0.98828351415426219       0.96153720708506096       0.80615990069330279       0.29577623792031887       0.11462535825594466        3.4362505354900534E-002   1.2681011077700428E-002   4.3258187161729867E-003   1.6520550989231834E-003   5.8848551797944712E-004   1.8333949890618907E-004   2.0741036534879106E-004   1.4133216425399587E-003   1.1557029808872181E-002   9.2668412948986978E-002  0.60664088436589281       0.83292550777960750       0.87269720256620864       0.88262165306423501       0.90049822048522232       0.95207665064464331       0.99046425046795439       0.99506477378319080       0.97857763951882692       0.90628783254728162       0.77570876244816545       0.34192014780728880       0.22371988626098413       0.41773238367877519       0.85428356945157480       0.97952268611671556       0.99744048928375717       0.99968133225891687       0.99994987097833954       0.99997935224900436       0.99997444620194997       0.99994128996359433       0.99982753713843076       0.99945408267810409       0.99796138983515958       0.99181947696757433       0.96134659760689256       0.81729197944194032       0.35144427915513443       0.16580543749161145       0.13587150628813158       0.13534936896221686       0.10941083401007007        3.9501322230096503E-002   1.2717928989227295E-002   2.9724112934455642E-003   5.5307762517640946E-004   8.9918123526776388E-005   1.7195182691818170E-005   3.7625671558985043E-005   3.1852310712269122E-004   2.7761295248939603E-003   2.3219719325000155E-002  0.17174493892277370       0.67206787714207350       0.83472806626883267       0.82859138402920507       0.64408928266698839       0.19354201952790581        6.4341196592538341E-002   5.8162600552967986E-002  0.18012164992221147       0.63889312120882547       0.82844582715263926       0.81634568414220143       0.54100794011343523        6.6120293879313646E-002   6.9149029889954616E-003   7.1068658043384799E-004   7.3272635984153442E-005   1.0000000000000001E-005   1.0000000000000001E-005   4.4664887134119025E-005   2.7253009349002507E-004   1.9724884282594285E-003   1.5838491460470842E-002  0.12325479661057982       0.66491264262935412       0.90837068369731810     
  0.99716257140348885       0.99954659909892984       0.99984251028965443       0.99928182172936786       0.99469242026545901       0.96331703277256608       0.78904745661880260       0.22586960224041036        4.3062660900923894E-002   7.7705253830366262E-003   1.6033016073186573E-003   9.6095313082438460E-004   4.3629878379564920E-003   3.1890758440316851E-002  0.22538569544949738       0.81730413497968912       0.92836935914596241       0.78513075830383350       0.10511514457705268        2.0014898890132991E-002   1.5260776448866068E-002   1.2597172344203600E-002   6.4036360393718295E-003   1.5220133912116286E-003   2.8209602925220511E-004   6.3157701938857969E-005   4.4451855967811576E-005   5.7951130712560968E-005   4.5210423239029824E-005   2.1145279902132710E-005   1.0000000000000001E-005   1.1273967722014608E-005   5.6030871268490118E-005   3.1446130745436534E-004   1.5744105430025252E-003   5.9683255016193199E-003   1.0520936664700224E-002   1.2407777753926612E-002   1.3709246407132719E-002   1.8482482426716736E-002   4.1607784599643372E-002  0.12458613520695506       0.32382705897678027       0.81707574037484298       0.96476730654516507       0.98905742821366938       0.97216210661006508       0.89604379428294223       0.74011792565836165       0.25077355117786676       0.10036736190591460        2.6281003242681324E-002   5.6147213545417575E-003   1.1436216109510921E-003   2.6863419702918617E-004   1.4652414876839773E-004   4.6728293318224287E-004   2.7027555311213468E-003   1.6023761617257312E-002   7.4732752348561748E-002  0.11140603678933132       0.12393262473165594       0.13870461513349999       0.22014747846150837       0.63608517417278998       0.95038604603997412       0.97599235637087034       0.86290239229974552       0.33848327784943505       0.12724632298475741        4.5984851294500154E-002   3.1009036071213601E-002   7.9535468008286411E-002  0.35800649082072933       0.91870877815470098       0.99103494881829679       0.99888609312415844       0.99975175236274705       0.99983781105680314       0.99978176685124831       0.99950260690105663       0.99855832674784517       0.99574033490019342       0.98472761285117372       0.94587235439388551       0.76900683214624821       0.22756885501164614        5.7713897851080886E-002   2.6347107420428957E-002   4.2258458484104658E-002  0.10735883878527122       0.13318260571563451       0.11747992756500866        7.7250303495534953E-002   1.8043796376727029E-002   2.9852625916635578E-003   4.2813725173476025E-004   5.7900991568443711E-005   1.7429506214286677E-005   8.1474172339220029E-005   5.9809611071489808E-004   4.0559717883444550E-003   2.2986286364141177E-002   8.0576000503806033E-002  0.10797670268247674       0.10646637939454365        7.6324731370631102E-002   2.4475383952610692E-002   8.0457722382861006E-003   7.4117745433767953E-003   2.3071688915047611E-002   7.6453454080243177E-002  0.10862203131142852       0.10734590071257195        6.6833515050451514E-002   1.2119686806908848E-002   1.6966863635303542E-003   2.1428794347932816E-004   2.6472509654144333E-005   1.0000000000000001E-005   1.0000000000000001E-005   5.7938752444991209E-005   5.4042089547358895E-004   5.1600690375780012E-003   4.8615860115965012E-002  0.40288237170393632       0.90142493862310602       0.98274442470650780     
  0.99823599106955663       0.99953884689970973       0.99987574777094013       0.99983148723901882       0.99897698000658663       0.99342408381072012       0.96085780613359217       0.78913680738482095       0.23000893556207552        4.5402486553007854E-002   1.0202827514680326E-002   5.4123979664634260E-003   1.7910791917715576E-002  0.11857048960431575       0.73419698599514183       0.95659847185879043       0.97739167965710405       0.86452515802601693       0.11919861638311668        1.3563633056319508E-002   2.9301770950377142E-003   1.5777255262900136E-003   8.3146497314667020E-004   3.2404207156292147E-004   1.8800091893189717E-004   2.1436211812726793E-004   3.6170389770900821E-004   5.6052919656917157E-004   4.2045638537334910E-004   1.7593777773135778E-004   4.8706255903093323E-005   1.2044489111992184E-005   1.1064442568981477E-005   4.6398651346869011E-005   1.9833331012804935E-004   6.3351161576725859E-004   1.0711043372157478E-003   1.2809825383699712E-003   1.4610936923527859E-003   2.1290087618626406E-003   5.1107762423026389E-003   1.6180797057090815E-002   5.5658240823976454E-002  0.24559444818318157       0.81201402186529159       0.97315764356011403       0.99325482809529564       0.98722368972849339       0.96448901889340410       0.88154019675123274       0.69082637313518758       0.18926430475995998        3.7657393297769057E-002   7.2523428942573402E-003   1.7776895673999979E-003   8.0380832360458967E-004   1.0363334841536683E-003   2.0944686596098107E-003   5.8782575834032827E-003   1.6831231274551852E-002   2.3694054467477767E-002   2.6792342464764366E-002   3.2977238269421880E-002   7.2986110025744219E-002  0.33417850659010279       0.91022207381569531       0.93469171173749865       0.54908205023027623        9.6657106419503716E-002   2.1690255793469084E-002   6.9572871367375921E-003   5.2630046267589355E-003   2.0939792791523474E-002  0.14847574405226741       0.85133367734176113       0.97968329146741262       0.99620661340243633       0.99834540488793089       0.99853899190876216       0.99805925790460681       0.99572226721583235       0.98757506462367561       0.96635946383508620       0.88295110756209783       0.67692924206499272       0.18528324959054093        3.8927178636742284E-002   1.2821921989856145E-002   3.3751930287818220E-002  0.19164321202486401       0.70339311464107901       0.84816091097136403       0.83443539610878281       0.62654493609436968       0.11943328217380642        1.5486557638017217E-002   1.8458213134860655E-003   2.1208677118494051E-004   2.6062361212966153E-005   1.9021272063977886E-005   1.0465945148116891E-004   5.9221851887002305E-004   2.7231350572587956E-003   8.1208893158460915E-003   1.0932257302594851E-002   1.0757410158776999E-002   7.6883244076588874E-003   2.8343159287632417E-003   1.0618442685416155E-003   1.0252669413780508E-003   2.7916471276268739E-003   7.8966807832530090E-003   1.1287608542583854E-002   1.1235868410915457E-002   7.1391065306461738E-003   1.7348263297645790E-003   3.0824500297977351E-004   4.7338897162128523E-005   1.0000000000000001E-005   1.0000000000000001E-005   1.0000000000000001E-005   7.5214591563839271E-005   7.5676412031681017E-004   7.6745030608671187E-003   7.6940103600199511E-002  0.65474453449922487       0.95104142868035446       0.99236741252668814     
  0.98973205280892407       0.99687371958586102       0.99932396950865932       0.99985169938453444       0.99979623189265987       0.99885845284588648       0.99327884239757758       0.96152484788093662       0.79503156649837559       0.24742312471027794        6.8349862296642458E-002   3.6085526825441160E-002   8.1014334025705251E-002  0.33213370064303865       0.90030667090799399       0.98617171226017730       0.98554313370303304       0.87893931842383999       0.12822264036441408        1.4275429556010617E-002   1.9088001267990309E-003   7.0005933086218449E-004   8.9623518310227260E-004   1.1597999416589580E-003   1.3849248720061659E-003   1.8814612914459313E-003   3.2944609730829913E-003   5.4743988527563995E-003   3.8875871406226161E-003   1.4931476552276560E-003   3.5842785840320846E-004   6.8172002859629197E-005   1.5199520292453047E-005   1.9210249358565139E-005   6.0477805027925998E-005   1.5296988446549838E-004   2.3142460820626618E-004   2.6602052560206649E-004   2.6786070595991127E-004   3.0752263412707508E-004   6.6323497498636461E-004   2.2556426316590371E-003   9.6478545568799250E-003   5.3428288804099493E-002  0.30510082410456651       0.90050687372436844       0.98755543569182891       0.99695938705929377       0.99524517602101792       0.98458801324497769       0.94745531992175114       0.76827083014804654       0.21744505412487680        4.5655884864990712E-002   1.3383126557819758E-002   7.0668325483192974E-003   9.3097250896533260E-003   1.5246766323464531E-002   3.3661511773517422E-002   8.9130163576136123E-002  0.11539652196005173       0.12464855438272181       0.13823890393738153       0.21611967019978148       0.61842726307668283       0.94429196928186987       0.94240182917412818       0.58330657151188858       0.10567460890901564        2.4957428093340943E-002   1.0366008674117615E-002   4.2530731609892050E-003   9.7706241593577513E-003   8.1468412169639765E-002  0.64285322460071237       0.92615617623300384       0.97764671819141935       0.98566194960120801       0.98625738313209366       0.98269784872092358       0.96370133984353668       0.89304582762527041       0.75410882517820432       0.26931541015041410       0.10121947265465671        2.6118761875432588E-002   7.7546315855327470E-003   1.9590785146264143E-002  0.14501117498125879       0.73772449117925532       0.94559231633733942       0.97997888041930714       0.97488148775944705       0.89807338922145163       0.40697947741623786        4.9044171470536781E-002   5.1826539675944904E-003   5.3523820352769790E-004   5.5357566667516288E-005   1.0000000000000001E-005   1.7366691270105738E-005   7.9054578388982588E-005   3.0861537806230031E-004   8.0818451209714506E-004   1.0856597585686674E-003   1.0838865072159954E-003   8.6288809797330137E-004   6.7970349202121189E-004   9.9781739323816904E-004   1.2339954776366098E-003   1.4013716669549390E-003   1.6160952272603992E-003   1.5127245282214807E-003   1.3085818925868675E-003   8.0592160705182051E-004   2.3881716936548512E-004   5.1372325305818147E-005   1.0377871788771616E-005   1.0000000000000001E-005   1.0000000000000001E-005   1.0000000000000001E-005   5.6931034558308934E-005   5.5231204625533507E-004   5.3624177989372301E-003   5.0972368461171640E-002  0.42421479804040274       0.89442799012222862       0.97542585947491312     
  0.90901358067318294       0.97467057386134848       0.99548247186899097       0.99931190664429592       0.99987248568907428       0.99979497223521163       0.99888545079108326       0.99371990945468114       0.96599319007662343       0.83588019706902461       0.43072264994173426       0.25627612875120814       0.45583173916653957       0.85592107515439408       0.97784656472640918       0.99587353600343265       0.98844349767403350       0.89100981575943405       0.16621903155338660        2.2829333060750686E-002   4.6507092895901776E-003   3.8156987733844348E-003   8.0132954885793663E-003   1.1264994520480597E-002   1.3213452241593468E-002   1.6964746662684490E-002   2.9276341433159533E-002   5.2559092974305256E-002   3.4799954576026117E-002   1.2257269635291435E-002   2.4671227731634798E-003   3.9859472692129556E-004   7.8376184799203402E-005   1.0356708057616504E-004   3.3954805244132993E-004   8.6548456198848843E-004   1.2092689181341619E-003   1.2994131996806046E-003   1.0835787660981083E-003   5.6662065559381523E-004   2.4307253280366216E-004   4.1858042227144724E-004   2.1983805152440508E-003   1.5519092595991699E-002  0.11978561062907868       0.75809291607136542       0.96245916982941371       0.99349318296989919       0.99750347903476599       0.99678208955286329       0.99103421508324330       0.95846736646735875       0.79249364694344981       0.26554956312187089       0.10667183170466810        6.4747329585725752E-002   8.9832886257975739E-002  0.13356121537642909       0.26676030394637240       0.72322989148992467       0.85201332655765216       0.87524053042876360       0.88268923881297867       0.89967717579501383       0.94993555534520824       0.98846507815958196       0.98205469269476420       0.87691475738543623       0.38287576706582083       0.15428510038539997        8.6283115828253779E-002   2.5233711986029916E-002   8.1369426661971177E-003   2.2227025641554821E-002  0.15285129222791535       0.62853551978043942       0.83374622458634695       0.87025730511200960       0.87256032639410752       0.85104002266970291       0.72179498243109141       0.25965783200728976       0.11265583318369653        3.6114248981121505E-002   1.2247294512064933E-002   3.9539530090579693E-003   7.0042004501223399E-003   5.8619766435913059E-002  0.48056434245444124       0.92059897000841096       0.98813881029569495       0.99672826051709118       0.99340328691650115       0.95474124185723153       0.65726641615707682        7.7037435996192422E-002   7.6622014009606150E-003   7.5284515577326639E-004   7.4460155853652807E-005   1.0000000000000001E-005   1.0000000000000001E-005   1.1373421268008124E-005   3.5003878003483337E-005   8.3652833275584971E-005   1.2833728791376823E-004   2.3961190508977240E-004   8.1938075877527447E-004   3.2965151088933773E-003   8.8502531218208145E-003   1.1306001994329280E-002   1.1094657153616221E-002   8.3240930070147788E-003   3.3697037992114088E-003   1.3669665334245463E-003   4.5710157755453806E-004   1.1723142829380071E-004   2.5317180766559333E-005   1.0000000000000001E-005   1.0000000000000001E-005   1.0000000000000001E-005   1.0000000000000001E-005   2.5808953388601638E-005   2.1785159851695274E-004   1.8584702077916924E-003   1.5322010842177384E-002  0.11556597361198104       0.58533553242887715       0.83788906741178881     
  0.29861300107242400       0.81482560618702349       0.97426291115387142       0.99679792679913692       0.99960787482114355       0.99992236263968604       0.99981817703380838       0.99905019382891014       0.99522679678295711       0.97909888948692447       0.93332613975487444       0.91043974862257548       0.93599983496352890       0.98117464759895012       0.99635859502759438       0.99866848192912894       0.99232503255660987       0.92526514699860773       0.37416548704061781        7.8957421191574464E-002   2.7287684405787542E-002   3.2512883445322396E-002   7.9414350813122300E-002  0.10996245006205699       0.12392340786788122       0.14722040973944364       0.23607751838829535       0.44378872712823880       0.27711820243584523        9.4593594514673932E-002   1.4932838711655709E-002   1.9749380696657930E-003   3.9647805790286758E-004   7.8575138044020419E-004   2.9860417075746773E-003   8.5017214708013357E-003   1.1706057957909443E-002   1.2371251136066670E-002   1.0278011236185127E-002   4.7460963751994704E-003   1.1443265402384191E-003   2.8946111160049916E-004   6.2361574828647044E-004   4.5625436642105083E-003   3.5887422107678230E-002  0.25733642490407621       0.83390441890862388       0.96424233994476261       0.98440718177439301       0.98855601452267783       0.99195238168502919       0.99157848310207863       0.96938003073269730       0.88352029344257177       0.73136447520719861       0.52944070066982141       0.72572976612724172       0.85258819118521156       0.90575450826349058       0.96492686296744845       0.98288055739934455       0.98656251429558217       0.98745305562715147       0.98926183677429513       0.99416720033227124       0.99808627627673574       0.99658924103502733       0.98151666564401274       0.92222226253498130       0.85806823421797884       0.67719262767311605       0.18854632725274983        3.8480839573403147E-002   1.0755676830045167E-002   2.1958768283293656E-002   7.5400361182607734E-002  0.10879187309177894       0.11848541491367803       0.11919033540117108       0.11264201809222614        8.7610483062944222E-002   3.2592978594566835E-002   1.3006340988806327E-002   4.3498633968588139E-003   1.5677740298223443E-003   1.6294597434501575E-003   1.1656884421329228E-002  0.10841150631962990       0.80687533152352509       0.97489325664919912       0.99669800898299776       0.99880243705842076       0.99321057031365345       0.93608729568357230       0.46295002376095373        5.4609245244491490E-002   5.6506736206590547E-003   5.7614194148973975E-004   5.9852548525224295E-005   1.0000000000000001E-005   1.0000000000000001E-005   1.0000000000000001E-005   1.0000000000000001E-005   2.1666540412551289E-005   1.1189318032992098E-004   7.5569164461881326E-004   4.9921257972113473E-003   2.7473679334728107E-002   8.7362811399180826E-002  0.11094175030761926       0.10907280290483978        8.2186379456792399E-002   2.8914623493168399E-002   1.1111101780501618E-002   3.1084984291169194E-003   6.5435812032254702E-004   1.1714829074490758E-004   1.9971027109278403E-005   1.0000000000000001E-005   1.0000000000000001E-005   1.0000000000000001E-005   1.6764129406865084E-005   9.7287552267330275E-005   5.7141913952659133E-004   3.2951389079613233E-003   1.7965389724514391E-002   7.4006636910591297E-002  0.13549123007627356     
   5.8278448267617508E-002  0.29037662964735245       0.90748143973369966       0.98991208407216191       0.99889382646624014       0.99987197447238441       0.99995952830739587       0.99986355232970270       0.99937898375588574       0.99758708732093959       0.99326717086066407       0.99111513965908005       0.99348947102655327       0.99777550183269170       0.99946282847335943       0.99963093079254350       0.99759165821875828       0.98009744612561989       0.85389430597594440       0.39720576323770884       0.19784897160901169       0.25898625304581407       0.66733690573369309       0.83829379701955076       0.87373322328186886       0.88656902631253642       0.90625683688025771       0.92992782961702325       0.87102792820397812       0.55801599714541861        6.6888260268366168E-002   7.0742474423998543E-003   1.8074357423561258E-003   5.8027122896522421E-003   2.5609381851933476E-002   8.3642368576913123E-002  0.11284113892610767       0.11763924638831938        9.8743518998430729E-002   4.0862474292284311E-002   7.5555272932136689E-003   1.1286229983123194E-003   3.0501292389963032E-004   1.2254692806003063E-003   9.0016165501409558E-003   6.2968906805737510E-002  0.35165337557789644       0.77763012255032016       0.86670359530826169       0.89278454136601260       0.93467449776865963       0.98172324397459965       0.99285748240961702       0.98550433730209264       0.96642469641065176       0.94459260448817506       0.96604266090949098       0.98273139101636842       0.98999780185209163       0.99598088400651341       0.99791933119596010       0.99771913011289337       0.99571581771490481       0.99487848878647911       0.99748526920694480       0.99918433453472422       0.99934168566182491       0.99758756919018521       0.99153059738314508       0.98217480663658718       0.94642762530954039       0.77078612444243566       0.21852186975185670        4.3133174787174204E-002   1.1093892215367013E-002   1.0074700393515920E-002   1.2180930007754718E-002   1.2658036879062187E-002   1.2479022420678523E-002   1.1563876626276027E-002   8.8226943427886645E-003   3.6547947341197158E-003   1.4614222060250395E-003   5.3162174921325797E-004   3.8586653249783154E-004   1.9914378956828785E-003   1.7262102740013288E-002  0.14753083578318768       0.87816602193253390       0.98663900518564807       0.99843202413104348       0.99881982661515256       0.98981453499017258       0.89914246016644672       0.19872544354977087        2.4284995557654857E-002   2.7543876808919978E-003   3.1737549370746613E-004   4.6764169920354813E-005   1.6960742106544575E-005   1.3628862163662409E-005   1.2220333378120333E-005   1.2891769134773241E-005   4.5993466845135925E-005   3.7640785122276056E-004   3.2804909684231078E-003   2.7538327646683406E-002  0.20342447568746100       0.71570627266358622       0.84581434062630212       0.83922647865382893       0.68740824533196920       0.23092398129360753        9.6935455021522440E-002   2.4729230196401296E-002   4.4342983952061783E-003   6.8696317304056285E-004   9.8671021292366420E-005   1.4806139767995575E-005   1.0000000000000001E-005   1.1971673583246473E-005   6.2866453838065548E-005   3.2641972703619253E-004   1.3879697752855042E-003   4.2788355726296684E-003   9.9119172497757861E-003   1.5051463034781463E-002   2.0334752435926976E-002
   2.6112507433482098E-002  0.14414906280429973       0.86004499167730020       0.98343986605518963       0.99809102742193234       0.99978029411306435       0.99997122346158163       0.99997867056181955       0.99992261531264703       0.99973099837593771       0.99932803160566075       0.99912583807070643       0.99932832015959405       0.99970793238518052       0.99988253221447243       0.99989829575189071       0.99948561210884823       0.99655715461310423       0.98039703398513356       0.92870871112758091       0.89968143153738711       0.91006134185623999       0.95896181511408884       0.98092526838570049       0.98642404078198798       0.98832789335181259       0.99040420539308549       0.99073592228982543       0.96877367894526378       0.80370410660177782       0.10152716448622058        1.1366771046883805E-002   8.0075624404626639E-003   3.9792306859962254E-002  0.19668257940127570       0.69062702373702634       0.84580849251428913       0.85975498043609444       0.77111024236816728       0.30737098857657569        4.0297957840111913E-002   4.5871552075634160E-003   5.3972325959830150E-004   3.1626553014754585E-004   1.7096440143490850E-003   9.9014777098485815E-003   4.4793068897586982E-002   9.9114489706717671E-002  0.12585164228845444       0.18185396336603865       0.45664939477932542       0.87175673797762798       0.98036898847199172       0.99581100063391415       0.99592643791886304       0.99423536423809900       0.99622442434651315       0.99806312952564702       0.99892493781870229       0.99940964930027820       0.99879243440333454       0.99400266498464440       0.97478719435086736       0.96349491663076692       0.98392375634987561       0.99576399200651322       0.99897866197000373       0.99943342617390407       0.99890716113112055       0.99757451779222572       0.99155108378651324       0.95847512889442288       0.78618695143503337       0.23337509995898034        5.4925036235833044E-002   1.9297805168885074E-002   1.0866900351828699E-002   4.8552619965174602E-003   2.5916197980518458E-003   1.5593658540712944E-003   9.7506613673459914E-004   4.1838540660309740E-004   1.7027811312782080E-004   9.7483586648068003E-005   3.6979445137767238E-004   3.1499309560175798E-003   2.7449285264494354E-002  0.21924267015785173       0.90180199827190188       0.98978024327544645       0.99880013238356413       0.99874483069548159       0.98858548892076459       0.88793810391411798       0.14831029617492128        1.7819126790598529E-002   2.2485512397438503E-003   3.9428094719248216E-004   1.6403542989083334E-004   1.3299063885213424E-004   1.2430604231234501E-004   1.0980606794598007E-004   8.4260346519178406E-005   1.2143725689801688E-004   9.0270413059618420E-004   8.9167198697585204E-003   8.7909976320403982E-002  0.71806443971103207       0.94527081905556654       0.98015280339591460       0.98055223167584527       0.95822853283650944       0.87714034419667264       0.68460259726334238       0.17664437220244472        2.6072928972625878E-002   3.4348490375512397E-003   4.3501224491135181E-004   5.4867268079422906E-005   1.5028247057255458E-005   5.7835119322592562E-005   3.7743182866886732E-004   2.2294468412367551E-003   1.0741428346737285E-002   3.4055606636992301E-002   7.6533348124190478E-002   6.8523532098652348E-002   2.6927335839762586E-002
   7.8768880870828215E-002  0.16442681983018886       0.83506295258456165       0.97912222422531969       0.99751661150772086       0.99971184463961460       0.99996642714669026       0.99999000000000005       0.99998915197842153       0.99996827036913316       0.99992186530145344       0.99986600425616945       0.99976816795895140       0.99960769398572791       0.99959915730377091       0.99982635783520701       0.99986799667680382       0.99948896974242818       0.99766140843254447       0.99279151525594578       0.98996182424736334       0.99101296224988500       0.99551755284961096       0.99787103304047320       0.99857098738786354       0.99878644148663120       0.99870036997636746       0.99603160809088942       0.97132898326674699       0.78142404984014147        9.8248324627039307E-002   1.5729753612511020E-002   4.0436295514383651E-002  0.22455645053579187       0.77969345632853870       0.94914068480734071       0.98075844168749760       0.98256905432221098       0.95612470192789756       0.76467259603735149        9.5674091494575092E-002   9.7153399559174059E-003   9.8652375860787877E-004   1.7751786254394285E-004   3.6136195792178084E-004   1.4477806459869814E-003   5.0994808265506118E-003   1.0330733568505997E-002   1.4032983938404032E-002   2.5347467608454719E-002   9.1383312135047939E-002  0.41827199849718155       0.91493281189950626       0.98944423354657851       0.99835169355073050       0.99926959299468698       0.99957475614906643       0.99977658341957554       0.99982200379511266       0.99940372177342907       0.99559779811885296       0.96781530378834080       0.81360226880330366       0.71010545525091184       0.87227257633140720       0.96942747752146485       0.99337754202235318       0.99779087261117261       0.99845414213120165       0.99840558020122394       0.99760757871916961       0.99252831577151990       0.96274305305218555       0.81381565666312605       0.32742171038635703       0.14729981680924020        9.1272191026432775E-002   3.1537994836320173E-002   1.2006860503189431E-002   3.4958348380823871E-003   8.4865776000354247E-004   1.8814095635975747E-004   4.6867746065769856E-005   5.0671893919778440E-005   3.7292681531107038E-004   3.3456905472354481E-003   2.9300529537636122E-002  0.23261032785510899       0.89016091332746150       0.98647261756786619       0.99810903370856763       0.99873217892172850       0.98973827371073020       0.89898197622753284       0.20253588462391131        3.2201208689788610E-002   6.0570968089738867E-003   2.0304570812545355E-003   1.3997880915525447E-003   1.2911354153102208E-003   1.2347049519646216E-003   1.0955135015603011E-003   7.6316042013643663E-004   4.0361495968949606E-004   1.2254515196808073E-003   1.1454751378287966E-002  0.11187796653629392       0.84805998482098033       0.98049422315502333       0.99635768814665182       0.99760074126937492       0.99484819794424473       0.98369632516368788       0.94084803269528516       0.71207324204645739       0.10675054219033721        1.2626718861380689E-002   1.4556896600890410E-003   1.7028317253386813E-004   5.3238248435446444E-005   2.7472699960339624E-004   2.0554295270826654E-003   1.4290034577985082E-002   8.2944861274300313E-002  0.26868902772316061       0.64863862621436996       0.57684421588656809       0.18906292875038466     
  0.47373838008441393       0.49883903779259325       0.91855452845983199       0.98921157546688354       0.99861931998358511       0.99982730693414723       0.99997819101307628       0.99999000000000005       0.99999000000000005       0.99998362979093847       0.99992286733708557       0.99964539351747206       0.99865216428461012       0.99681591754226173       0.99661271309722121       0.99886478871309914       0.99971962941695247       0.99988043672457083       0.99972484164438846       0.99927985449612300       0.99901484577378052       0.99911553364729688       0.99952307142131780       0.99976473999821369       0.99983750342207356       0.99976741900353283       0.99889821735498563       0.99112072578241661       0.92481716892868804       0.45640869259359035        5.8515115600423342E-002   3.1535292393182014E-002  0.19371576270929364       0.77803101772258487       0.95888904536234354       0.99196267124632487       0.99741355911843343       0.99662238688093008       0.98177108146735759       0.85414101830003408       0.11321034512805046        1.1581470980276109E-002   1.2307162010577741E-003   4.2476931351462103E-004   8.5778498449098743E-004   1.2837455918539725E-003   1.7242795999800017E-003   2.1089448089332791E-003   2.2854125103986432E-003   4.2520612492728859E-003   2.0489066780069596E-002  0.13629706589042387       0.75841263228345257       0.96740328937414333       0.99600437572714595       0.99947404067580925       0.99990050357020044       0.99995230026722992       0.99982337743340588       0.99852095806076946       0.98688339984020368       0.88704907957257195       0.25430281803666371       0.12341986287290284       0.26844572234142727       0.80139494172993520       0.95519071274568212       0.98220155339364790       0.98647891258381115       0.98748820031280238       0.98919424323336713       0.99309541078149988       0.99322601203564020       0.97532516714642337       0.91632876318054657       0.86294823294154555       0.71783700976565712       0.24655652926267599       0.10270509289505572        2.7072802472496785E-002   5.4447929159337615E-003   9.2414492036453524E-004   1.4407088744676933E-004   4.2880113195782909E-005   1.9998956744680883E-004   1.7057477138748760E-003   1.4537320639056352E-002  0.11975755516927410       0.74799963236034872       0.95576780045855059       0.99268215216175493       0.99826427988147837       0.99391291334183696       0.94418458836018659       0.54415271567012236       0.14457787251814611        3.6904311570999909E-002   1.6683438586838524E-002   1.3308782977344256E-002   1.2692555063327242E-002   1.2267309763211477E-002   1.1001879397800072E-002   7.5451677497792354E-003   2.7111582560396144E-003   1.7994726208605835E-003   1.1486093370671588E-002  0.11110380989963115       0.84584545669395406       0.98172387702428887       0.99777743921301809       0.99951040261428370       0.99927718767028073       0.99719973449181409       0.98434439808282559       0.88360079090055910       0.23078315166772215        2.8955039129720195E-002   3.2898204078956831E-003   3.7619068931860517E-004   1.6241735354768680E-004   1.0732702008682464E-003   9.0920921631645352E-003   7.4490228492886834E-002  0.50646059417827316       0.86077751416431170       0.95069665254120572       0.93916538051627452       0.82160709234477702     
  0.93832137637703672       0.93992970283835497       0.98573441399754269       0.99747280483793599       0.99960227084907571       0.99994142187807333       0.99999000000000005       0.99999000000000005       0.99998968498291640       0.99994003464277581       0.99961699140644622       0.99778706287192875       0.98981646192038264       0.97349322528465887       0.97228262573970703       0.99283303959915314       0.99863829472782251       0.99976424339327419       0.99993524355827346       0.99992316478102905       0.99990259387965297       0.99991259070934024       0.99994918754296669       0.99997079261854771       0.99994967665999257       0.99966985668066188       0.99710504196015370       0.97460482280719907       0.79792686397291335       0.15604553197510057        2.8176496503507915E-002   8.4489932826165737E-002  0.67714604635810194       0.94731762824766752       0.99179710585294034       0.99856142248928226       0.99933934606273200       0.99725483067815879       0.97927611903904910       0.83651167588427600       0.10873646485552539        1.1144319808210840E-002   1.6719801002328311E-003   2.7718016950729358E-003   8.1109937599343797E-003   1.1218105522839557E-002   1.1896913685921280E-002   1.0707720026807097E-002   6.8307840956796616E-003   2.7478893340692739E-003   5.4683633492083545E-003   3.7546560461173432E-002  0.26366103486084363       0.89108595704928040       0.98740891521964891       0.99857900918659270       0.99983342892468885       0.99993923385718342       0.99961537593839078       0.99648740466949293       0.96864823833472979       0.74959678261146079       0.10902582734016270        2.4233658632939421E-002   4.8896451385121137E-002  0.22654373484334966       0.72359595453586101       0.85288320367328130       0.87432566149073199       0.88079708723374428       0.89705097526480826       0.94641093420438094       0.98949288376599531       0.99571031549556743       0.99102757577540301       0.98403351390593519       0.96238196840106949       0.88389028760338506       0.70818333716288906       0.19452923245039833        3.5328835403317167E-002   5.1925468341554558E-003   6.9405798871404779E-004   9.5697790492867658E-005   7.8635709907318648E-005   5.4280645452755173E-004   4.2078609560708335E-003   3.1594868432870273E-002  0.21309280995587440       0.78055162395615885       0.96111132991909365       0.99416230406030759       0.99763578639328410       0.98770983322807415       0.92211128956416788       0.72116673932266373       0.25353546030065205       0.14300429148510604       0.12497986371613069       0.12164587273938504       0.11868002059006139       0.10815997807653691        7.4563533238720281E-002   2.2572246720757506E-002   6.0325892050200657E-003   9.8958651776583240E-003   8.6966826221867383E-002  0.71539039939822868       0.96390029579292935       0.99584380925070104       0.99948360794123692       0.99974110447399822       0.99873860045644081       0.99084316363707103       0.92460693444680120       0.41330752478797911        4.9345154240476183E-002   5.1997421154725961E-003   5.7452688118159927E-004   4.0516932903698460E-004   3.1960386974954598E-003   2.8112580400987786E-002  0.22187476756578309       0.84911701472941248       0.97397331609753757       0.99309869282030028       0.99235658513367198       0.97758592778932585     
  0.99371317844261919       0.99376271687095152       0.99800739698376850       0.99954246887947806       0.99990570701401660       0.99997905756474637       0.99999000000000005       0.99999000000000005       0.99996964758870477       0.99977654388747850       0.99830757592618824       0.98802666249170323       0.93017739847800929       0.80304971176234219       0.80327012124047881       0.96438996955256828       0.99482841516424958       0.99928755950839421       0.99990117264150191       0.99998012659114999       0.99998824298003886       0.99998999784378473       0.99999000000000005       0.99998842182554593       0.99991728222317766       0.99920586330421990       0.99216512278460622       0.92314842649560680       0.35797973199932898        5.1508718157093632E-002   1.7890076790244531E-002  0.11201349388672471       0.84284177328256360       0.98044530488096038       0.99751132540041765       0.99950155776367022       0.99877799514431742       0.99180946102373191       0.94478790411907410       0.66066830993490333        7.8883878362448312E-002   8.5293299842513423E-003   4.7189366847894291E-003   2.2461949174681705E-002   8.0137702456919688E-002  0.10993310262812890       0.11547574864535932       0.10438429932795140        6.3916148859442759E-002   1.5770641430769543E-002   4.2540159603416949E-003   1.3504817874490664E-002  0.11021254078509583       0.74301786976613005       0.96769169709168434       0.99637259034604031       0.99959660273893369       0.99987290712863752       0.99914573237699078       0.99143556092488083       0.91477575968253932       0.29315417879314926        3.8224625489708910E-002   6.0194963231769644E-003   7.3849166266218838E-003   2.9674107985724656E-002   8.8482219687676167E-002  0.11349623082542139       0.12115037559774980       0.13244886911783862       0.20152722683021781       0.57610009401527784       0.94674238837651259       0.99390593796925175       0.99846714844274065       0.99812305183439864       0.99538859890096520       0.98515157694605537       0.94923540403442042       0.76298992816586186       0.18638842088579508        2.4165888660605532E-002   2.8013694112920275E-003   3.1474418725046442E-004   5.2741584242844949E-005   1.3807824534179376E-004   9.4509639457474818E-004   6.4128158288910327E-003   4.0909431677136440E-002  0.22370730566670902       0.80526216629632108       0.97470589386988071       0.99674951593483918       0.99765900542422259       0.98961198581887133       0.96429322555094465       0.90787390934344936       0.88543891937381503       0.87951430896091920       0.87722951748890332       0.87065397310374781       0.83253954891094017       0.62820676269563203       0.17532654767790137        3.7325844193874747E-002   1.1923795110641114E-002   3.6201348019624539E-002  0.26761956937985842       0.90796307599226900       0.99030833353288183       0.99889809201129387       0.99939579891382380       0.99662560547063039       0.97834029244102982       0.86919389948872261       0.22701623883345526        2.8671530612081723E-002   3.2813659981669311E-003   4.4522326132995932E-004   8.7385562861910673E-004   8.3989718390012624E-003   8.3403880357743876E-002  0.69344580583568005       0.95638891595676112       0.99391092976312601       0.99883138921022918       0.99904036626254733       0.99742614539822938     
  0.99934676984250692       0.99930119692629793       0.99964646657000611       0.99981717422268801       0.99988546842628678       0.99993531038657468       0.99996790476262865       0.99997499709468685       0.99992530200805552       0.99943869409656427       0.99500001987676934       0.95547630470537115       0.65326458729313419       0.25537686938222853       0.37106396480492654       0.91466941046869132       0.99005641009717904       0.99881710994758632       0.99985513137279380       0.99998022013613208       0.99999000000000005       0.99999000000000005       0.99999000000000005       0.99998311134612972       0.99986229839983931       0.99871613758300071       0.98778042237192820       0.88514615467269320       0.16229406914103373        2.1117920807868538E-002   1.4738414566775618E-002  0.11905355317350898       0.87079264996442229       0.98584975672824227       0.99837776064234629       0.99914122418159668       0.99469358150972464       0.96223466388594225       0.77344771092881448       0.18573161763592907        2.4269439228238952E-002   5.4683040538476184E-003   2.2732111789129376E-002  0.16653258408543012       0.66754782276011759       0.84035617081092562       0.86214344894041128       0.81421295799695592       0.53225891899137423       0.10727825046173661        1.5029332217824152E-002   6.1704440099872764E-003   3.6805843902391527E-002  0.27788454032206622       0.91225645891728790       0.99116730251888063       0.99911160113609665       0.99979788058680985       0.99884493357536019       0.98853905027833711       0.88797603521774449       0.15195774878237725        1.7773704741291158E-002   2.2048986188442652E-003   1.1350683773769083E-003   3.4609393102209311E-003   8.9485062593812597E-003   1.1652482064899361E-002   1.2780092031686835E-002   1.5813461602142077E-002   3.8202497154819555E-002  0.20351268238885450       0.89825107949928784       0.98959031642491357       0.99886342096059255       0.99968609286910382       0.99940686355149178       0.99789769754313529       0.99062657466490733       0.94445208163799943       0.66705398148933959        7.9445836939919010E-002   7.9718596447995709E-003   7.9070759854780396E-004   8.7046609970473321E-005   5.1816360428017672E-005   2.3575841925816882E-004   1.3769253798180743E-003   8.4832338741449281E-003   5.3843200153393493E-002  0.32754789054290140       0.92004770082528431       0.99193994823056031       0.99891482803595821       0.99863661321191932       0.99595372102208479       0.99068259835686912       0.98823615213714966       0.98748210587762464       0.98710681132166356       0.98585889606067212       0.97877356996511466       0.93993424031893513       0.76360511297847811       0.22320272371806421        5.7765336121193063E-002   4.3875525734942418E-002  0.19052462582517027       0.89007945487478146       0.98799629654159671       0.99841233994188583       0.99767229930194767       0.98319954882367866       0.88950691217039823       0.61461951646715496        9.2612842545228002E-002   1.1315103533709969E-002   1.3525287447502406E-003   2.7328980931948460E-004   1.1767718546657124E-003   1.1517978818550531E-002  0.11209775885227077       0.84620152679329963       0.98161918382864044       0.99781712199345707       0.99969887159480986       0.99986738225619609       0.99970685926967717     
  0.99976175541675638       0.99933928058311006       0.99894650526865603       0.99884508997185284       0.99899939544874572       0.99940027599195880       0.99971826145195786       0.99983002495600193       0.99982193769824790       0.99943166984494436       0.99579114216722175       0.96512519193088542       0.74912406930123110       0.38873607291970874       0.60379063941017130       0.94584217843527085       0.99351806219408334       0.99921830762239983       0.99989770937912270       0.99997750260301288       0.99998558608158106       0.99998566847670078       0.99998260674438211       0.99995683151912507       0.99973336599401941       0.99779854786287403       0.98096921370700352       0.84101033793357627       0.11614576546876981        1.3689333890617019E-002   1.3481180165545278E-002  0.11749672172949523       0.86691182486373974       0.98514778153626936       0.99806251823960357       0.99714447359788883       0.97689505647556785       0.82028967015874810       0.23150403217841506        3.9034155164016204E-002   6.3056072803053540E-003   8.8543027712737789E-003   8.0384255204249369E-002  0.66823733400715402       0.93385220549500692       0.97884438520583550       0.98384364865401375       0.97231105223255787       0.88769431742554894       0.42178268800172675        5.1264325993977497E-002   7.3834086560825938E-003   1.7841012468023131E-002  0.14844185611136243       0.88693740516782371       0.98841131233602597       0.99882679954861386       0.99975485214581017       0.99871943735072621       0.98749505304194907       0.87978952988091186       0.12632512786663275        1.3523832352097826E-002   1.4412473470439878E-003   2.6303508701018731E-004   3.9980601481111170E-004   8.9498901487559707E-004   1.1790684006894019E-003   1.4219602763692614E-003   2.8809146364216671E-003   1.6051941356257010E-002  0.13415418118018013       0.88267323763327143       0.98788698580765122       0.99877148106740465       0.99985134398979669       0.99989660837828909       0.99955114058706984       0.99712349337356809       0.97808031132478168       0.82902769316284775       0.10597753063759754        1.0655015372404375E-002   1.0553840794155808E-003   1.3993274925829470E-004   1.4626768320890178E-004   4.2017391940206281E-004   1.3368793290948232E-003   4.9362072438920244E-003   2.9557081974861465E-002  0.20812612993021068       0.90177019003929904       0.99018306228616382       0.99899866654443004       0.99975197369462088       0.99954873634364494       0.99907031053746020       0.99881965900913283       0.99872959618869706       0.99866920662184844       0.99845882967028721       0.99731296683070914       0.99116374792948947       0.96016538295060994       0.81253760528519559       0.34697026033252504       0.21569911604906167       0.41803924054342079       0.92541432983761307       0.99161536882721257       0.99823520877049132       0.99200781296933138       0.92416848985485778       0.37702998162140822       0.10672963481960594        1.8098621800215407E-002   2.6233260504564988E-003   3.7041791709748172E-004   1.9450968033876356E-004   1.4084872457483274E-003   1.3350624063485781E-002  0.12469610751036907       0.87525583007443131       0.98664447155690249       0.99859230448438541       0.99984464626626512       0.99996565547875260       0.99993005062782769     
  0.99864097759408199       0.99439029466870010       0.98977875800898329       0.98853026900175611       0.98994653864834359       0.99419373704754732       0.99743735538981171       0.99846392764497705       0.99877976586043049       0.99898227491466407       0.99848488902498256       0.99237383484962105       0.96242851641323035       0.92484961863121395       0.94901534359334361       0.98967851666891693       0.99836091744867705       0.99973514170775402       0.99989518246932041       0.99988817321085788       0.99987603838624994       0.99987003668089869       0.99985876285957598       0.99978337841909315       0.99919288785384475       0.99437558878588161       0.95449789055446088       0.65836944220125815        7.9113191715000336E-002   9.1386869862216599E-003   1.1458523371324445E-002  0.10459356459829527       0.81531701920864075       0.97595687362663308       0.99615620178905973       0.99190102245970957       0.92381030585710999       0.35891021890170954        5.8035550552337910E-002   8.6608861997140955E-003   2.3441917873071212E-003   1.1428304908284261E-002  0.11036078038937075       0.84145340624679754       0.97905596106627157       0.99615921969621013       0.99773622356817970       0.99372028779920762       0.96018031148525895       0.71660294998484508        8.5657779681641941E-002   9.9432005992478572E-003   1.4274000885253697E-002  0.12556179106235477       0.87884866126509187       0.98733520285360765       0.99869444893991999       0.99972940671735477       0.99864898625802667       0.98702255926978721       0.87681691299743203       0.12146469720215157        1.2663942943374170E-002   1.2889077669715088E-003   1.4453084644430614E-004   5.6359607651860382E-005   9.3535128266043448E-005   1.3208215213487078E-004   2.6519781428759184E-004   1.4730052856266223E-003   1.3179794404773666E-002  0.12381628199181262       0.87917714965054250       0.98744828200912083       0.99873041701970744       0.99986634549190401       0.99995029378421085       0.99971155311305515       0.99758480900215496       0.97932207956487394       0.83022095375735427       0.10533015929238360        1.0536602029766629E-002   1.0841688135921246E-003   3.6690129899233094E-004   1.0848453782202471E-003   3.2882991350885716E-003   9.3721764664710834E-003   2.0079282079173283E-002   7.3144069478946805E-002  0.38076718899360862       0.92684305379885634       0.99263070984188995       0.99926271419236778       0.99990897199161921       0.99994372820964916       0.99990118519700988       0.99986580678595072       0.99983172073918281       0.99977834488921991       0.99971579029817814       0.99952465868052831       0.99859871751364937       0.99418694651222761       0.97539147776393764       0.92145798041840754       0.90102693766308140       0.92866239621278013       0.98619013122206645       0.99776259515093857       0.99846682395056030       0.98812554835546851       0.88727180514827730       0.16173394223615603        2.4663083232006725E-002   3.7588721266489170E-003   5.6341586611875728E-004   1.0946689058012881E-004   2.5917834396319250E-004   2.1364252758581267E-003   1.8400875686148031E-002  0.15383470317256456       0.88787766743910346       0.98847873546414700       0.99883933511469647       0.99987716552466854       0.99994966656748463       0.99975353167053937     
  0.99055581819569605       0.94864711752329967       0.89964660703896171       0.88769974645586625       0.90045205697114328       0.94465341278593207       0.97713379399044631       0.98562308731034054       0.98820563653136007       0.99145253204694228       0.99675103925458741       0.99804770978536106       0.99528399774822385       0.99219233668786067       0.99440799288428527       0.99848588846211594       0.99963883935351416       0.99969180107737043       0.99927610946072787       0.99891912873019051       0.99877077699336969       0.99872051838880349       0.99866867973528795       0.99838963586259677       0.99643817751463992       0.98197399458425305       0.87145120254381492       0.21823612294893757        2.7351223777469274E-002   3.7643077418854799E-003   6.9998381609166068E-003   6.4806183517849017E-002  0.54549291523333154       0.92757151083420053       0.98831060799906012       0.98750370428714396       0.89248619472954183       0.16961330327491730        2.1594693366174686E-002   2.8449485080815069E-003   1.5618229872210643E-003   1.2109135619945685E-002  0.11726491176608216       0.86767441575508020       0.98520782475378843       0.99817205455062163       0.99895958628137027       0.99376120489456177       0.94815258012974790       0.60228772540852316        7.0378335389533794E-002   8.3268153803617798E-003   1.3102352972950728E-002  0.11924725617512992       0.87075754506695424       0.98598213622528885       0.99849903449976440       0.99967376601671842       0.99845427459508884       0.98586752304522007       0.87071228880034113       0.11850783374571749        1.2230050361194053E-002   1.2290376345770776E-003   1.2754532401606391E-004   2.5458125704571168E-005   2.6648805988023640E-005   4.3889023047880864E-005   1.6625605131076354E-004   1.3572576513003678E-003   1.2973392804453344E-002  0.12314216458860776       0.87892131076336000       0.98741561949949841       0.99872755899321297       0.99986718994947665       0.99994542478572335       0.99961947938134688       0.99658098219534264       0.96995920946243530       0.76000440507057632        9.1181774646363803E-002   9.0387171187106107E-003   1.1912422159119263E-003   1.8890437627361849E-003   8.5603675436457423E-003   2.7935854210592227E-002   8.6097237397225024E-002  0.14636262581867018       0.34018763345634734       0.84468147486361222       0.97934409916818776       0.99755484184260723       0.99972217685401032       0.99996467998625094       0.99997930465681550       0.99994359570955915       0.99984169073837748       0.99961010640783410       0.99912682223789440       0.99883112937319019       0.99868047950907590       0.99841942480541912       0.99736424334135554       0.99340017505538170       0.98386843378523847       0.98131154320860980       0.98846008039528988       0.99703996429869557       0.99927298523627284       0.99841644551685838       0.98609653643750628       0.87235952021934526       0.12375366572116704        1.3676745627611925E-002   1.5546129903369688E-003   1.9592474802401774E-004   1.0179812062290707E-004   6.6461810025772255E-004   5.4722194600328768E-003   4.3688225669247682E-002  0.30746085307615972       0.91671082219345179       0.99161439541670793       0.99916362536175030       0.99989555286344878       0.99981701215946872       0.99864466022475007     
