   2.0113958721209434E-002   2.0115745136092447E-002   2.0118729380733683E-002   2.0122920919491773E-002   2.0128332822583309E-002   2.0134981586497978E-002   2.0142886903910622E-002   2.0152071383747965E-002   2.0162560222265920E-002   2.0174380826219789E-002   2.0187562389469244E-002   2.0202135424654280E-002   2.0218131251909952E-002   2.0235581446956787E-002   2.0254517251310389E-002   2.0274968947795624E-002   2.0296965205025816E-002   2.0320532395010714E-002   2.0345693888583410E-002   2.0372469333879074E-002   2.0400873923648810E-002   2.0430917657741424E-002   2.0462604607622958E-002   2.0495932190317628E-002   2.0530890459631326E-002   2.0567461422947027E-002   2.0605618392246314E-002   2.0645325378299027E-002   2.0686536537159312E-002   2.0729195678197691E-002   2.0773235842871884E-002   2.0818578963281934E-002   2.0865135609257131E-002   2.0912804832274142E-002   2.0961474113901032E-002   2.1011019425695911E-002   2.1061305406560794E-002   2.1112185662461990E-002   2.1163503192183870E-002   2.1215090941391269E-002   2.1266772485750519E-002   2.1318362842216016E-002   2.1369669405849195E-002   2.1420493007723741E-002   2.1470629087612565E-002   2.1519868973279229E-002   2.1568001256342520E-002   2.1614813252883783E-002   2.1660092535258562E-002   2.1703628519995612E-002   2.1745214095253929E-002   2.1784647270098503E-002   2.1821732826881716E-002   2.1856283957309909E-002   2.1888123862360224E-002   2.1917087296111561E-002   2.1943022033781005E-002   2.1965790244820399E-002   2.1985269752828031E-002   2.2001355165260125E-002   2.2013958857470744E-002   2.2023011797444054E-002   2.2028464199679128E-002   2.2030285999007550E-002   2.2028467137624751E-002   2.2023017661249446E-002   2.2013967623039976E-002   2.2001366796638187E-002   2.1985284202425955E-002   2.1965807453712825E-002   2.1943041932074036E-002   2.1917109803378153E-002   2.1888148888139829E-002   2.1856311401668625E-002   2.1821762581028619E-002   2.1784679217053501E-002   2.1745248110561815E-002   2.1703664472480799E-002   2.1660130287814387E-002   2.1614852663290159E-002   2.1568042178105221E-002   2.1519911256483969E-002   2.1470672579786916E-002   2.1420537554699665E-002   2.1369714852619185E-002   2.1318409033775670E-002   2.1266819267920668E-002   2.1215138161612898E-002   2.1163550700279421E-002   2.1112233311357007E-002   2.1061353052960270E-002   2.1011066930710302E-002   2.0961521343617361E-002   2.0912851658268360E-002   2.0865181909044489E-002   2.0818624620702907E-002   2.0773280748411810E-002   2.0729239729239166E-002   2.0686579638166978E-002   2.0645367440937253E-002   2.0605659335430862E-002   2.0567501172832577E-002   2.0530928949537286E-002   2.0495969360595365E-002   2.0462640405467969E-002   2.0430952036954598E-002   2.0400906844351297E-002   2.0372500762185629E-002   2.0345723796239373E-002   2.0320560758998081E-002   2.0296992007143935E-002   2.0274994174222183E-002   2.0254540892148461E-002   2.0235603495773611E-002   2.0218151705273083E-002   2.0202154281670621E-002   2.0187579651332287E-002   2.0174396495770262E-002   2.0162574303570630E-002   2.0152083881701473E-002   2.0142897823864008E-002   2.0134990933918628E-002   2.0128340602749217E-002   2.0122927137223599E-002   2.0118734040167154E-002   2.0115748240493551E-002   2.0113960272834148E-002   2.0113364406180726E-002
   2.0115745091875029E-002   2.0117560166244226E-002   2.0120592302565583E-002   2.0124851144281402E-002   2.0130350009621340E-002   2.0137105709309686E-002   2.0145138312991362E-002   2.0154470865032338E-002   2.0165129050548559E-002   2.0177140812745270E-002   2.0190535922909925E-002   2.0205345504699105E-002   2.0221601514694935E-002   2.0239336181580216E-002   2.0258581406693638E-002   2.0279368129174989E-002   2.0301725659393022E-002   2.0325680984860612E-002   2.0351258053378108E-002   2.0378477038699178E-002   2.0407353594575600E-002   2.0437898103599170E-002   2.0470114927809153E-002   2.0504001668560923E-002   2.0539548443642572E-002   2.0576737190068296E-002   2.0615541001355483E-002   2.0655923508393088E-002   2.0697838313216900E-002   2.0741228485109245E-002   2.0786026128422449E-002   2.0832152031375027E-002   2.0879515404775603E-002   2.0928013719182806E-002   2.0977532648402610E-002   2.1027946126452923E-002   2.1079116524187459E-002   2.1130894950667580E-002   2.1183121683107844E-002   2.1235626727806309E-002   2.1288230512917367E-002   2.1340744712249358E-002   2.1392973197492060E-002   2.1444713114424935E-002   2.1495756076753664E-002   2.1545889469301627E-002   2.1594897850378662E-002   2.1642564441298227E-002   2.1688672689254066E-002   2.1733007888137531E-002   2.1775358840414902E-002   2.1815519541928795E-002   2.1853290870472740E-002   2.1888482258246675E-002   2.1920913327859667E-002   2.1950415471427325E-002   2.1976833352530801E-002   2.2000026311370661E-002   2.2019869654363245E-002   2.2036255810682265E-002   2.2049095339829350E-002   2.2058317776199911E-002   2.2063872298764508E-002   2.2065728216371795E-002   2.2063875261753012E-002   2.2058323690019550E-002   2.2049104180241141E-002   2.2036267541516594E-002   2.2019884227744941E-002   2.2000043668016615E-002   2.1976853422117876E-002   2.1950438173027973E-002   2.1920938570441927E-002   2.1888509941234910E-002   2.1853320884364834E-002   2.1815551768965151E-002   2.1775393155294059E-002   2.1733044158772863E-002   2.1688710777565554E-002   2.1642604204032988E-002   2.1594939139953740E-002   2.1545932134662049E-002   2.1495799964238886E-002   2.1444758068636442E-002   2.1393019062155044E-002   2.1340791331061312E-002   2.1288277730376618E-002   2.1235674390013677E-002   2.1183169638534963E-002   2.1130943050885705E-002   2.1079164624551078E-002   2.1027994086732997E-002   2.0977580333364800E-002   2.0928060999106740E-002   2.0879562155911822E-002   2.0832198136337104E-002   2.0786071476512322E-002   2.0741272972574731E-002   2.0697881843441020E-002   2.0655965992015565E-002   2.0615582356327575E-002   2.0576777341642677E-002   2.0539587324300862E-002   2.0504039217881791E-002   2.0470151092280734E-002   2.0437932836379829E-002   2.0407386855207679E-002   2.0378508792780591E-002   2.0351288272197062E-002   2.0325709644998895E-002   2.0301752742303517E-002   2.0279393620739126E-002   2.0258605296764650E-002   2.0239358463517886E-002   2.0221622184897588E-002   2.0205364562138454E-002   2.0190553368674105E-002   2.0177156649595327E-002   2.0165143282493282E-002   2.0154483496926119E-002   2.0145149350159375E-002   2.0137115157204340E-002   2.0130357873513617E-002   2.0124857428990266E-002   2.0120597012228174E-002   2.0117563304129199E-002   2.0115746660240925E-002   2.0115141241332027E-002
   2.0118729303279074E-002   2.0120592269888399E-002   2.0123704437409396E-002   2.0128075749170957E-002   2.0133719938731837E-002   2.0140654343069102E-002   2.0148899663186566E-002   2.0158479672794775E-002   2.0169420875913498E-002   2.0181752114477355E-002   2.0195504127289647E-002   2.0210709061971161E-002   2.0227399941891846E-002   2.0245610090454464E-002   2.0265372515520807E-002   2.0286719257230655E-002   2.0309680702959135E-002   2.0334284873684803E-002   2.0360556686593281E-002   2.0388517199312617E-002   2.0418182841758233E-002   2.0449564642147706E-002   2.0482667454317715E-002   2.0517489194025428E-002   2.0554020092430559E-002   2.0592241975419426E-002   2.0632127577833080E-002   2.0673639901983554E-002   2.0716731630070477E-002   2.0761344600229895E-002   2.0807409355943985E-002   2.0854844778401445E-002   2.0903557811111709E-002   2.0953443285631947E-002   2.1004383856655894E-002   2.1056250053933002E-002   2.1108900457532463E-002   2.1162182001840699E-002   2.1215930412387059E-002   2.1269970778139521E-002   2.1324118260312469E-002   2.1378178936998796E-002   2.1431950781099572E-002   2.1485224767101126E-002   2.1537786100270771E-002   2.1589415559840539E-002   2.1639890945759108E-002   2.1688988616653450E-002   2.1736485104793379E-002   2.1782158792135173E-002   2.1825791629975451E-002   2.1867170883412987E-002   2.1906090880732400E-002   2.1942354747022927E-002   2.1975776100858574E-002   2.2006180692716110E-002   2.2033407964012791E-002   2.2057312506216290E-002   2.2077765400416734E-002   2.2094655419048842E-002   2.2107890073094612E-002   2.2117396490060219E-002   2.2123122110271193E-002   2.2125035191527784E-002   2.2123125114859667E-002   2.2117402486963568E-002   2.2107899037841324E-002   2.2094667315120310E-002   2.2077780179472189E-002   2.2057330108390227E-002   2.2033428318282849E-002   2.2006203717338722E-002   2.1975801703869324E-002   2.1942382826797897E-002   2.1906121326606472E-002   2.1867203576350417E-002   2.1825826443287687E-002   2.1782195592240480E-002   2.1736523752012255E-002   2.1689028966033745E-002   2.1639932847924152E-002   2.1589458861853598E-002   2.1537830646508695E-002   2.1485270400130131E-002   2.1431997342545951E-002   2.1378226268407331E-002   2.1324166203985497E-002   2.1270019177949764E-002   2.1215979114557547E-002   2.1162230855685558E-002   2.1108949316152651E-002   2.1056298774861711E-002   2.1004432302448750E-002   2.0953491324397944E-002   2.0903605316981346E-002   2.0854891631929329E-002   2.0807455444443929E-002   2.0761389818041227E-002   2.0716775878755138E-002   2.0673683090454281E-002   2.0632169622413675E-002   2.0592282799838945E-002   2.0554059627753810E-002   2.0517527378522867E-002   2.0482704233278387E-002   2.0449599967639408E-002   2.0418216672339527E-002   2.0388549499701671E-002   2.0360587427298904E-002   2.0334314030605212E-002   2.0309708256954214E-002   2.0286745193673589E-002   2.0265396823834988E-002   2.0245632763641577E-002   2.0227420976056940E-002   2.0210728455850445E-002   2.0195521881786496E-002   2.0181768232211853E-002   2.0169435360790550E-002   2.0158492529595527E-002   2.0148910897187559E-002   2.0140663959693161E-002   2.0133727943234370E-002   2.0128082146364957E-002   2.0123709231431863E-002   2.0120595464010609E-002   2.0118730899762627E-002   2.0118109518235450E-002
   2.0122920819798371E-002   2.0124851090488352E-002   2.0128075728617339E-002   2.0132605100315306E-002   2.0138453524735228E-002   2.0145639080904370E-002   2.0154183360173401E-002   2.0164111164908540E-002   2.0175450154272485E-002   2.0188230438172163E-002   2.0202484120720027E-002   2.0218244794863536E-002   2.0235546990186769E-002   2.0254425576280096E-002   2.0274915124508002E-002   2.0297049231480312E-002   2.0320859808045461E-002   2.0346376338171490E-002   2.0373625112655960E-002   2.0402628443202449E-002   2.0433403863010423E-002   2.0465963320636823E-002   2.0500312374490747E-002   2.0536449395904165E-002   2.0574364789268357E-002   2.0614040238223368E-002   2.0655447987320382E-002   2.0698550168929679E-002   2.0743298185423541E-002   2.0789632156808509E-002   2.0837480444000009E-002   2.0886759257810229E-002   2.0937372363444621E-002   2.0989210889862376E-002   2.1042153252743018E-002   2.1096065199008772E-002   2.1150799979876921E-002   2.1206198658258877E-002   2.1262090554986773E-002   2.1318293836841820E-002   2.1374616247694257E-002   2.1430855982259005E-002   2.1486802700044820E-002   2.1542238675054289E-002   2.1596940074706441E-002   2.1650678359337518E-002   2.1703221791525378E-002   2.1754337042419629E-002   2.1803790880285161E-002   2.1851351924625031E-002   2.1896792447583541E-002   2.1939890202885042E-002   2.1980430261379483E-002   2.2018206831379873E-002   2.2053025041422470E-002   2.2084702662885192E-002   2.2113071750083507E-002   2.2137980176037970E-002   2.2159293043077181E-002   2.2176893948797741E-002   2.2190686089633243E-002   2.2200593186361375E-002   2.2206560218267522E-002   2.2208553955340413E-002   2.2206563280750335E-002   2.2200599298894647E-002   2.2190695227427778E-002   2.2176906074858043E-002   2.2159308108425983E-002   2.2137998120013259E-002   2.2113092500706047E-002   2.2084726137294022E-002   2.2053051146375357E-002   2.2018235463815219E-002   2.1980461309035724E-002   2.1939923544973022E-002   2.1896827955506980E-002   2.1851389462743731E-002   2.1803830306715129E-002   2.1754378209864044E-002   2.1703264548129857E-002   2.1650722549562955E-002   2.1596985540212412E-002   2.1542285255585866E-002   2.1486850234315562E-002   2.1430904308822836E-002   2.1374665205799049E-002   2.1318343267257647E-002   2.1262140300801979E-002   2.1206248565637534E-002   2.1150849898771567E-002   2.1096114983822849E-002   2.1042202762937976E-002   2.0989259990505101E-002   2.0937420925691400E-002   2.0886807159324321E-002   2.0837527569300643E-002   2.0789678397549818E-002   2.0743343440602847E-002   2.0698594345025318E-002   2.0655490998359984E-002   2.0614082005784278E-002   2.0574405242412660E-002   2.0536488471051325E-002   2.0500350015231587E-002   2.0465999477493037E-002   2.0433438493144399E-002   2.0402661510082406E-002   2.0373656585681976E-002   2.0346406192268057E-002   2.0320888023226496E-002   2.0297075792392687E-002   2.0274940019959636E-002   2.0254448798758710E-002   2.0235568535375267E-002   2.0218264661157954E-002   2.0202502308755640E-002   2.0188246950363278E-002   2.0175464994371114E-002   2.0164124337586766E-002   2.0154194870634023E-002   2.0145648934523971E-002   2.0138461726743388E-002   2.0132611655513364E-002   2.0128080641139499E-002   2.0124854363607662E-002   2.0122922455779436E-002   2.0122278641714526E-002
   2.0128332711744235E-002   2.0130349946373555E-002   2.0133719909852760E-002   2.0138453516976556E-002   2.0144565846876634E-002   2.0152075941707721E-002   2.0161006548582022E-002   2.0171383805388320E-002   2.0183236871333353E-002   2.0196597503278797E-002   2.0211499579220912E-002   2.0227978570575851E-002   2.0246070965293246E-002   2.0265813644226222E-002   2.0287243213636594E-002   2.0310395297209169E-002   2.0335303791485064E-002   2.0362000089197845E-002   2.0390512275600868E-002   2.0420864303503639E-002   2.0453075153379206E-002   2.0487157985554377E-002   2.0523119292137224E-002   2.0560958056959594E-002   2.0600664932401442E-002   2.0642221442503793E-002   2.0685599222251813E-002   2.0730759303302468E-002   2.0777651456725395E-002   2.0826213603504881E-002   2.0876371303598210E-002   2.0928037334246630E-002   2.0981111367975046E-002   2.1035479760283648E-002   2.1091015456418453E-002   2.1147578025801247E-002   2.1205013831697921E-002   2.1263156342507326E-002   2.1321826589663598E-002   2.1380833775570384E-002   2.1439976033238363E-002   2.1499041337393575E-002   2.1557808564785751E-002   2.1616048699278634E-002   2.1673526175080220E-002   2.1730000349204442E-002   2.1785227091987422E-002   2.1838960482253932E-002   2.1890954591588348E-002   2.1940965340157399E-002   2.1988752404707067E-002   2.2034081157760899E-002   2.2076724615727572E-002   2.2116465372624048E-002   2.2153097495475071E-002   2.2186428357191004E-002   2.2216280382878446E-002   2.2242492686116336E-002   2.2264922572739772E-002   2.2283446891109056E-002   2.2297963209686626E-002   2.2308390804971729E-002   2.2314671445414869E-002   2.2316769959802973E-002   2.2314674581716099E-002   2.2308397064943555E-002   2.2297972568143008E-002   2.2283459310458591E-002   2.2264938003209545E-002   2.2242511066048170E-002   2.2216301639095673E-002   2.2186452405433370E-002   2.2153124240898912E-002   2.2116494710364420E-002   2.2076756431518515E-002   2.2034115328609556E-002   2.1988788799616920E-002   2.1941003820895442E-002   2.1890995013490566E-002   2.1839002695063111E-002   2.1785270940716878E-002   2.1730045675021018E-002   2.1673572816199551E-002   2.1616096491865557E-002   2.1557857343852561E-002   2.1499090937688699E-002   2.1440026290118225E-002   2.1380884525847136E-002   2.1321877672421715E-002   2.1263207599882358E-002   2.1205065109610996E-002   2.1147629174643467E-002   2.1091066331679825E-002   2.1035530223121900E-002   2.0981161285720203E-002   2.0928086580838154E-002   2.0876419759952223E-002   2.0826261157809719E-002   2.0777698004664759E-002   2.0730804748206069E-002   2.0685643475174355E-002   2.0642264422233929E-002   2.0600706565403009E-002   2.0560998277248190E-002   2.0523158041095904E-002   2.0487195211692687E-002   2.0453110812040456E-002   2.0420898356525583E-002   2.0390544690935503E-002   2.0362030840496158E-002   2.0335332857652891E-002   2.0310422661940365E-002   2.0287268864929906E-002   2.0265837573892050E-002   2.0246093168456651E-002   2.0227999045181744E-002   2.0211518325547476E-002   2.0196614523464714E-002   2.0183252168924234E-002   2.0171397384907398E-002   2.0161018415129840E-002   2.0152086100595022E-002   2.0144574303294447E-002   2.0138460275706861E-002   2.0133724975022759E-002   2.0130353321256008E-002   2.0128334398605962E-002   2.0127661599606043E-002
   2.0134981475776876E-002   2.0137105648445921E-002   2.0140654318277666E-002   2.0145639078374352E-002   2.0152075947510777E-002   2.0159985158815050E-002   2.0169390888816960E-002   2.0180320927487328E-002   2.0192806290094300E-002   2.0206880771941629E-002   2.0222580447334174E-002   2.0239943114440610E-002   2.0259007688096034E-002   2.0279813543008542E-002   2.0302399810304787E-002   2.0326804630868573E-002   2.0353064369490796E-002   2.0381212794455088E-002   2.0411280227824367E-002   2.0443292672362865E-002   2.0477270921716185E-002   2.0513229661168250E-002   2.0551176566986212E-002   2.0591111413038911E-002   2.0633025194016229E-002   2.0676899275169719E-002   2.0722704579021783E-002   2.0770400819934118E-002   2.0819935797768137E-002   2.0871244762091939E-002   2.0924249858473527E-002   2.0978859668330734E-002   2.1034968853569310E-002   2.1092457916818488E-002   2.1151193087455805E-002   2.1211026342791591E-002   2.1271795572752335E-002   2.1333324895159215E-002   2.1395425127245449E-002   2.1457894417400016E-002   2.1520519039277722E-002   2.1583074348392302E-002   2.1645325899132761E-002   2.1707030717840026E-002   2.1767938725184219E-002   2.1827794298629809E-002   2.1886337963308803E-002   2.1943308197187757E-002   2.1998443334062527E-002   2.2051483545697224E-002   2.2102172882395178E-002   2.2150261349502317E-002   2.2195506995849972E-002   2.2237677988992337E-002   2.2276554651328474E-002   2.2311931430855126E-002   2.2343618780405371E-002   2.2371444919806180E-002   2.2395257456444637E-002   2.2414924841263121E-002   2.2430337639191562E-002   2.2441409595441372E-002   2.2448078481888647E-002   2.2450306710911718E-002   2.2448081707456585E-002   2.2441416033712521E-002   2.2430347264511298E-002   2.2414937615336184E-002   2.2395273328557914E-002   2.2371463827123707E-002   2.2343640648333787E-002   2.2311956173477372E-002   2.2276582171903092E-002   2.2237708180515191E-002   2.2195539741674881E-002   2.2150296524016514E-002   2.2102210351745040E-002   2.2051523168559420E-002   2.1998484962455080E-002   2.1943351677315238E-002   2.1886383136435442E-002   2.1827841001973904E-002   2.1767986792826995E-002   2.1707079981641762E-002   2.1645376189648863E-002   2.1583125495781813E-002   2.1520570874196857E-002   2.1457946771873199E-002   2.1395477835506597E-002   2.1333377794456224E-002   2.1271848504108064E-002   2.1211079151715068E-002   2.1151245624597963E-002   2.1092510038567307E-002   2.1035020422579955E-002   2.0978910553987016E-002   2.0924299937277888E-002   2.0871293917981915E-002   2.0819983922358232E-002   2.0770447812682766E-002   2.0722750347324102E-002   2.0676943734377475E-002   2.0633068267387283E-002   2.0591153031619260E-002   2.0551216669428267E-002   2.0513268193489823E-002   2.0477307837005080E-002   2.0443327930432530E-002   2.0411313794826368E-002   2.0381244642454614E-002   2.0353094476011517E-002   2.0326832978413388E-002   2.0302426385859006E-002   2.0279838337532146E-002   2.0259030696011503E-002   2.0239964333122605E-002   2.0222599876607381E-002   2.0206898413592564E-002   2.0192822147402749E-002   2.0180335004782730E-002   2.0169403191064524E-002   2.0159995691236242E-002   2.0152084715242102E-002   2.0145646086168086E-002   2.0140659570247677E-002   2.0137109147861116E-002   2.0134983224904437E-002   2.0134274784076162E-002
   2.0142886804815584E-002   2.0145138266603902E-002   2.0148899655159026E-002   2.0154183376132773E-002   2.0161006574034107E-002   2.0169390909051805E-002   2.0179362270827346E-002   2.0190950429783940E-002   2.0204188626821093E-002   2.0219113102426783E-002   2.0235762566546512E-002   2.0254177610883693E-002   2.0274400065693178E-002   2.0296472303569926E-002   2.0320436493229392E-002   2.0346333806823373E-002   2.0374203584932662E-002   2.0404082464021880E-002   2.0436003471825774E-002   2.0469995096853148E-002   2.0506080338934606E-002   2.0544275748492234E-002   2.0584590462960815E-002   2.0627025249526247E-002   2.0671571564051933E-002   2.0718210636720868E-002   2.0766912595511441E-002   2.0817635639130153E-002   2.0870325271424225E-002   2.0924913609572826E-002   2.0981318778486965E-002   2.1039444403817484E-002   2.1099179215759465E-002   2.1160396775435301E-002   2.1222955335022702E-002   2.1286697841958725E-002   2.1351452096487547E-002   2.1417031070525679E-002   2.1483233394293106E-002   2.1549844015408725E-002   2.1616635033183073E-002   2.1683366708677598E-002   2.1749788648758876E-002   2.1815641159886656E-002   2.1880656764770322E-002   2.1944561872348767E-002   2.2007078588840243E-002   2.2067926654921126E-002   2.2126825491480928E-002   2.2183496333924076E-002   2.2237664432705806E-002   2.2289061295762320E-002   2.2337426946781931E-002   2.2382512171922185E-002   2.2424080726657646E-002   2.2461911473989588E-002   2.2495800425296135E-002   2.2525562655674000E-002   2.2551034066732138E-002   2.2572072971441093E-002   2.2588561477802960E-002   2.2600406650754051E-002   2.2607541434799861E-002   2.2609925323350707E-002   2.2607544764504901E-002   2.2600413297033824E-002   2.2588571414471122E-002   2.2572086159403423E-002   2.2551050454207789E-002   2.2525582178488632E-002   2.2495823007245334E-002   2.2461937027270593E-002   2.2424109152366849E-002   2.2382543360615629E-002   2.2337460779095420E-002   2.2289097643087421E-002   2.2237703157917475E-002   2.2183537292155230E-002   2.2126868530938881E-002   2.2067971617740177E-002   2.2007125311964543E-002   2.1944610188438900E-002   2.1880706503126908E-002   2.1815692147383794E-002   2.1749840710780132E-002   2.1683419670046913E-002   2.1616688719082955E-002   2.1549898252278082E-002   2.1483288010697078E-002   2.1417085897990119E-002   2.1351506970291017E-002   2.1286752601875326E-002   2.1223009826009585E-002   2.1160450848259172E-002   2.1099232727557326E-002   2.1039497218587389E-002   2.0981370767505572E-002   2.0924964651737297E-002   2.0870375253517037E-002   2.0817684456006225E-002   2.0766960150208014E-002   2.0718256840491351E-002   2.0671616336325995E-002   2.0627068517799003E-002   2.0584632162615048E-002   2.0544315822557956E-002   2.0506118737791176E-002   2.0470031777879458E-002   2.0436038399004625E-002   2.0404115607504925E-002   2.0374234920572595E-002   2.0346363315680172E-002   2.0320464161057612E-002   2.0296498120293837E-002   2.0274424024876746E-002   2.0254199709201955E-002   2.0235782803264955E-002   2.0219131478894911E-002   2.0204205145986070E-002   2.0190965095729888E-002   2.0179375088345459E-002   2.0169401883245956E-002   2.0161015709966229E-002   2.0154190678511763E-002   2.0148905128076475E-002   2.0145141913319332E-002   2.0142888627593419E-002   2.0142137762691456E-002
   2.0152071308102645E-002   2.0154470845539903E-002   2.0158479694545664E-002   2.0164111212969130E-002   2.0171383864700302E-002   2.0180320982768500E-002   2.0190950465431852E-002   2.0203304405840426E-002   2.0217418656059548E-002   2.0233332326486133E-002   2.0251087221985403E-002   2.0270727216422223E-002   2.0292297567664951E-002   2.0315844175601332E-002   2.0341412786227350E-002   2.0369048145449358E-002   2.0398793106875982E-002   2.0430687698563807E-002   2.0464768154414958E-002   2.0501065916696495E-002   2.0539606616952050E-002   2.0580409043393248E-002   2.0623484103678934E-002   2.0668833792798630E-002   2.0716450176556284E-002   2.0766314401882830E-002   2.0818395745871722E-002   2.0872650716010001E-002   2.0929022214547597E-002   2.0987438780287575E-002   2.1047813921269181E-002   2.1110045551832823E-002   2.1174015547381863E-002   2.1239589429772662E-002   2.1306616195655506E-002   2.1374928299242150E-002   2.1444341799880407E-002   2.1514656683467390E-002   2.1585657365128429E-002   2.1657113378732828E-002   2.1728780256719090E-002   2.1800400601376699E-002   2.1871705346200823E-002   2.1942415203228708E-002   2.2012242289417755E-002   2.2080891922177798E-002   2.2148064571172858E-002   2.2213457950515950E-002   2.2276769232555636E-002   2.2337697361659303E-002   2.2395945443804948E-002   2.2451223185469025E-002   2.2503249353312552E-002   2.2551754224586693E-002   2.2596481997063610E-002   2.2637193126701479E-002   2.2673666561217321E-002   2.2705701838298457E-002   2.2733121018348689E-002   2.2755770423439858E-002   2.2773522156505570E-002   2.2786275377738457E-002   2.2793957318583462E-002   2.2796524017590778E-002   2.2793960766621265E-002   2.2786282260391446E-002   2.2773532447002025E-002   2.2755784081805671E-002   2.2733137991626528E-002   2.2705722060838325E-002   2.2673689955037123E-002   2.2637219601915719E-002   2.2596511452378107E-002   2.2551786547856608E-002   2.2503284422160864E-002   2.2451260867961877E-002   2.2395985599180039E-002   2.2337739841102992E-002   2.2276813880023852E-002   2.2213504603593726E-002   2.2148113061966630E-002   2.2080942078234335E-002   2.2012293934662999E-002   2.1942468158919586E-002   2.1871759431882576E-002   2.1800455635838201E-002   2.1728836058938248E-002   2.1657169768804174E-002   2.1585714165165051E-002   2.1514713718469341E-002   2.1444398898562079E-002   2.1374985294811404E-002   2.1306672926537842E-002   2.1239645740274267E-002   2.1174071288286092E-002   2.1110100580925415E-002   2.1047868103788451E-002   2.0987491989296600E-002   2.0929074331226562E-002   2.0872701629867693E-002   2.0818445354876324E-002   2.0766362612513006E-002   2.0716496903774577E-002   2.0668878959950159E-002   2.0623527642319065E-002   2.0580450893048871E-002   2.0539646724821642E-002   2.0501104237294825E-002   2.0464804649168732E-002   2.0430722335364995E-002   2.0398825859599824E-002   2.0369078993444277E-002   2.0341441713784044E-002   2.0315871171408442E-002   2.0292322624258476E-002   2.0270750329635837E-002   2.0251108390408501E-002   2.0233351550936269E-002   2.0217435939075462E-002   2.0203319751201560E-002   2.0190963877709786E-002   2.0180332466915328E-002   2.0171393425678398E-002   2.0164118855426273E-002   2.0158485422539028E-002   2.0154474662311715E-002   2.0152073215909914E-002   2.0151272999903456E-002
   2.0162560182276745E-002   2.0165129070765106E-002   2.0169420940866430E-002   2.0175450248470370E-002   2.0183236979156857E-002   2.0192806395691862E-002   2.0204188714007722E-002   2.0217418708220324E-002   2.0232535245438960E-002   2.0249580751374265E-002   2.0268600608051648E-002   2.0289642485297316E-002   2.0312755608085164E-002   2.0337989962318420E-002   2.0365395442171100E-002   2.0395020942730296E-002   2.0426913402359324E-002   2.0461116799939356E-002   2.0497671112937554E-002   2.0536611243084514E-002   2.0577965917313416E-002   2.0621756572504833E-002   2.0667996233481159E-002   2.0716688394586413E-002   2.0767825916052845E-002   2.0821389947176257E-002   2.0877348889075328E-002   2.0935657410475074E-002   2.0996255530507529E-002   2.1059067782940269E-002   2.1124002476502379E-002   2.1190951066054446E-002   2.1259787649222161E-002   2.1330368602761975E-002   2.1402532372332413E-002   2.1476099428491689E-002   2.1550872400617122E-002   2.1626636399037384E-002   2.1703159533979829E-002   2.1780193637964240E-002   2.1857475196028327E-002   2.1934726485663254E-002   2.2011656925590786E-002   2.2087964629556055E-002   2.2163338158178048E-002   2.2237458458639465E-002   2.2310000978660385E-002   2.2380637937848467E-002   2.2449040736218229E-002   2.2514882476498379E-002   2.2577840573876014E-002   2.2637599424140859E-002   2.2693853098871827E-002   2.2746308034430826E-002   2.2794685680166932E-002   2.2838725070453741E-002   2.2878185285035955E-002   2.2912847762688347E-002   2.2942518434413094E-002   2.2967029644324278E-002   2.2986241828974466E-002   2.3000044929131332E-002   2.3008359511854155E-002   2.3011137585074302E-002   2.3008363091656412E-002   2.3000052074999170E-002   2.2986252513507111E-002   2.2967043826601710E-002   2.2942536060212574E-002   2.2912868764771648E-002   2.2878209583506108E-002   2.2838752573179626E-002   2.2794716283273890E-002   2.2746341622854913E-002   2.2693889546975085E-002   2.2637638596384516E-002   2.2577882325548131E-002   2.2514926654491906E-002   2.2449087179855158E-002   2.2380686479745025E-002   2.2310051445627938E-002   2.2237510672615150E-002   2.2163391937178749E-002   2.2088019788648768E-002   2.2011713277872189E-002   2.1934783843240671E-002   2.1857533370994268E-002   2.1780252443356258E-002   2.1703218784717555E-002   2.1626695912828439E-002   2.1550931998823932E-002   2.1476158936951414E-002   2.1402591622122640E-002   2.1330427430905369E-002   2.1259845899324011E-002   2.1191008588867702E-002   2.1124059130415800E-002   2.1059123434386116E-002   2.0996310054286413E-002   2.0935710689996480E-002   2.0877400816513576E-002   2.0821440423542590E-002   2.0767874851185471E-002   2.0716735707061285E-002   2.0668041850447308E-002   2.0621800429448757E-002   2.0578007957758045E-002   2.0536651418228649E-002   2.0497709381242544E-002   2.0461153126670004E-002   2.0426947759086420E-002   2.0395053306802465E-002   2.0365425796163714E-002   2.0338018293467354E-002   2.0312781907713122E-002   2.0289666748240273E-002   2.0268622832092763E-002   2.0249600936692296E-002   2.0232553394077809E-002   2.0217434823585984E-002   2.0204202800398439E-002   2.0192818457866770E-002   2.0183247021947886E-002   2.0175458276441634E-002   2.0169426958024757E-002   2.0165133080324735E-002   2.0162562186480708E-002   2.0161705529803023E-002
   2.0174380834538274E-002   2.0177140885943714E-002   2.0181752236530417E-002   2.0188230593035091E-002   2.0196597674775971E-002   2.0206880943656684E-002   2.0219113257596084E-002   2.0233332447897386E-002   2.0249580821272057E-002   2.0267904587486063E-002   2.0288353213905805E-002   2.0310978708593684E-002   2.0335834834043665E-002   2.0362976254158602E-002   2.0392457617655103E-002   2.0424332581737818E-002   2.0458652780612003E-002   2.0495466744196209E-002   2.0534818773250543E-002   2.0576747778041457E-002   2.0621286088611076E-002   2.0668458245695250E-002   2.0718279782324055E-002   2.0770756007125361E-002   2.0825880801316164E-002   2.0883635442287416E-002   2.0943987467543064E-002   2.1006889593519033E-002   2.1072278704457988E-002   2.1140074927025087E-002   2.1210180806692902E-002   2.1282480602074078E-002   2.1356839713313886E-002   2.1433104260347367E-002   2.1511100826255850E-002   2.1590636380106241E-002   2.1671498392507649E-002   2.1753455155661558E-002   2.1836256317907338E-002   2.1919633640672273E-002   2.2003301983329671E-002   2.2086960518761779E-002   2.2170294179436445E-002   2.2252975330565861E-002   2.2334665663460804E-002   2.2415018298571218E-002   2.2493680083971828E-002   2.2570294071275518E-002   2.2644502147213766E-002   2.2715947795495180E-002   2.2784278960130321E-002   2.2849150978286256E-002   2.2910229548003470E-002   2.2967193693863283E-002   2.3019738692024731E-002   2.3067578915034071E-002   2.3110450556515387E-002   2.3148114196326543E-002   2.3180357168042575E-002   2.3206995692716836E-002   2.3227876745753724E-002   2.3242879627365622E-002   2.3251917211415552E-002   2.3254936852377710E-002   2.3251920935571057E-002   2.3242887061609121E-002   2.3227887862021658E-002   2.3207010449092236E-002   2.3180375508968364E-002   2.3148136052888697E-002   2.3110475846794883E-002   2.3067607544526240E-002   2.3019770554124387E-002   2.2967228670413630E-002   2.2910267509906487E-002   2.2849191786171907E-002   2.2784322465081455E-002   2.2715993839824682E-002   2.2644550565289915E-002   2.2570344690391101E-002   2.2493732725251975E-002   2.2415072777914474E-002   2.2334721792507159E-002   2.2253032917685267E-002   2.2170353030730471E-002   2.2087020439070904E-002   2.2003362777238050E-002   2.1919695113501707E-002   2.1836318276691826E-002   2.1753517410093834E-002   2.1671560755849091E-002   2.1590698670051804E-002   2.1511162865745961E-002   2.1433165878319279E-002   2.1356900745385588E-002   2.1282540891154725E-002   2.1210240203514499E-002   2.1140133290591227E-002   2.1072335902406602E-002   2.1006945502397088E-002   2.0944041972992437E-002   2.0883688439142331E-002   2.0825932193613651E-002   2.0770805708031439E-002   2.0718327713979245E-002   2.0668504338984161E-002   2.0621330282861536E-002   2.0576790020659461E-002   2.0534859019298048E-002   2.0495504955919092E-002   2.0458688926926191E-002   2.0424366637681560E-002   2.0392489563815789E-002   2.0363006076082414E-002   2.0335862521636289E-002   2.0311004255520210E-002   2.0288376616997651E-002   2.0267925846162493E-002   2.0249599936983366E-002   2.0233349423596461E-002   2.0219128097244580E-002   2.0206893651771442E-002   2.0196608256020741E-002   2.0188239051862140E-002   2.0181758576875847E-002   2.0177145110979785E-002   2.0174382946485332E-002   2.0173462581227118E-002
   2.0187562459248423E-002   2.0190536062879672E-002   2.0195504320874347E-002   2.0202484351328064E-002   2.0211499830127006E-002   2.0222580701563558E-002   2.0235762806762647E-002   2.0251087430383320E-002   2.0268600766258752E-002   2.0288353302892172E-002   2.0310399130042671E-002   2.0334795168021131E-002   2.0361600321776998E-002   2.0390874562395495E-002   2.0422677939244474E-002   2.0457069526710010E-002   2.0494106310239089E-002   2.0533842017261827E-002   2.0576325899489066E-002   2.0621601474064836E-002   2.0669705232086815E-002   2.0720665324077778E-002   2.0774500233081521E-002   2.0831217447150094E-002   2.0890812144064325E-002   2.0953265902165119E-002   2.1018545452143510E-002   2.1086601485518119E-002   2.1157367536291286E-002   2.1230758952892611E-002   2.1306671977961652E-002   2.1384982953761969E-002   2.1465547671028200E-002   2.1548200878799762E-002   2.1632755972263221E-002   2.1719004874788204E-002   2.1806718129178091E-002   2.1895645211651646E-002   2.1985515080213239E-002   2.2076036966852459E-002   2.2166901420439568E-002   2.2257781604260778E-002   2.2348334848884002E-002   2.2438204457489883E-002   2.2527021756981885E-002   2.2614408384153656E-002   2.2699978792001935E-002   2.2783342957003624E-002   2.2864109263908965E-002   2.2941887540435545E-002   2.3016292210281723E-002   2.3086945529223434E-002   2.3153480865827098E-002   2.3215545985615264E-002   2.3272806295467706E-002   2.3324948003726264E-002   2.3371681150980091E-002   2.3412742466903776E-002   2.3447898009846098E-002   2.3476945548136861E-002   2.3499716645280652E-002   2.3516078415295509E-002   2.3525934919357873E-002   2.3529228180530260E-002   2.3525938799546696E-002   2.3516086161262755E-002   2.3499728228275712E-002   2.3476960925209026E-002   2.3447917124054179E-002   2.3412765247594516E-002   2.3371707514134452E-002   2.3324977852372412E-002   2.3272839520159315E-002   2.3215582464973489E-002   2.3153520467144230E-002   2.3086988109126010E-002   2.3016337615450490E-002   2.2941935608379243E-002   2.2864159823788477E-002   2.2783395830502533E-002   2.2700033794239013E-002   2.2614465324632110E-002   2.2527080440569759E-002   2.2438264685425167E-002   2.2348396419797582E-002   2.2257844315209593E-002   2.2166965067942013E-002   2.2076101347917407E-002   2.1985579993353890E-002   2.1895710457875108E-002   2.1806783512941560E-002   2.1719070204912722E-002   2.1632821062796195E-002   2.1548265549817931E-002   2.1465611749373316E-002   2.1385046273702184E-002   2.1306734381772597E-002   2.1230820291353099E-002   2.1157427669089721E-002   2.1086660281567006E-002   2.1018602789800594E-002   2.0953321669361036E-002   2.0890866238337944E-002   2.0831269775593877E-002   2.0774550712200541E-002   2.0720713879566983E-002   2.0669751798532268E-002   2.0621645994575367E-002   2.0576368325265711E-002   2.0533882307112804E-002   2.0494144430048777E-002   2.0457105448870510E-002   2.0422711642058663E-002   2.0390906029460483E-002   2.0361629541356868E-002   2.0334822132417656E-002   2.0310423834972492E-002   2.0288375746878518E-002   2.0268620950045349E-002   2.0251105356377763E-002   2.0235778478515841E-002   2.0222594123291301E-002   2.0211511006279222E-002   2.0202493286210495E-002   2.0195511018326902E-002   2.0190540526014818E-002   2.0187564690252600E-002   2.0186573156559296E-002
   2.0202135569598247E-002   2.0205345725796440E-002   2.0210709342103880E-002   2.0218245116901692E-002   2.0227978917253284E-002   2.0239943468232584E-002   2.0254177953888473E-002   2.0270727530248722E-002   2.0289642750960922E-002   2.0310978906422361E-002   2.0334795277573932E-002   2.0361154305932334E-002   2.0390120681916410E-002   2.0421760354091184E-002   2.0456139462610559E-002   2.0493323200886704E-002   2.0533374610349840E-002   2.0576353314082793E-002   2.0622314196113881E-002   2.0671306034221480E-002   2.0723370095231751E-002   2.0778538702964883E-002   2.0836833790187127E-002   2.0898265447137628E-002   2.0962830480398650E-002   2.1030510997041459E-002   2.1101273030081906E-002   2.1175065222291640E-002   2.1251817586303800E-002   2.1331440359695076E-002   2.1413822974288014E-002   2.1498833159266782E-002   2.1586316197804472E-002   2.1676094356730114E-002   2.1767966508288734E-002   2.1861707962241420E-002   2.1957070525389102E-002   2.2053782804062772E-002   2.2151550763188154E-002   2.2250058553193473E-002   2.2348969613281158E-002   2.2447928056433347E-002   2.2546560337980571E-002   2.2644477205658983E-002   2.2741275924851014E-002   2.2836542768199568E-002   2.2929855754070905E-002   2.3020787613497677E-002   2.3108908960354332E-002   2.3193791634710852E-002   2.3275012184696589E-002   2.3352155447911846E-002   2.3424818189585073E-002   2.3492612751421772E-002   2.3555170662558276E-002   2.3612146162339573E-002   2.3663219583889901E-002   2.3708100547720799E-002   2.3746530915980116E-002   2.3778287460411190E-002   2.3803184200654200E-002   2.3821074374134551E-002   2.3831852004361977E-002   2.3835453040889854E-002   2.3831856051305368E-002   2.3821082453260173E-002   2.3803196282508533E-002   2.3778303500985781E-002   2.3746550856917192E-002   2.3708124316586456E-002   2.3663247094514051E-002   2.3612177315221663E-002   2.3555205345337567E-002   2.3492650839410868E-002   2.3424859546364998E-002   2.3352199925986947E-002   2.3275059626207063E-002   2.3193841872200457E-002   2.3108961817590406E-002   2.3020842906340114E-002   2.2929913291386172E-002   2.2836602352815302E-002   2.2741337354545942E-002   2.2644540274182313E-002   2.2546624836094264E-002   2.2447993772969840E-002   2.2349036336208685E-002   2.2250126070680217E-002   2.2151618864656268E-002   2.2053851281222694E-002   2.1957139173244496E-002   2.1861776580055049E-002   2.1768034900499646E-002   2.1676162333812921E-002   2.1586383577062000E-002   2.1498899765548168E-002   2.1413888640625170E-002   2.1331504927851460E-002   2.1251880907230812E-002   2.1175127156488994E-002   2.1101333447859926E-002   2.1030569778684505E-002   2.0962887516230381E-002   2.0898320637490118E-002   2.0836887045277207E-002   2.0778589942682384E-002   2.0723419248845305E-002   2.0671353040008691E-002   2.0622359000923449E-002   2.0576395872836915E-002   2.0533414885495791E-002   2.0493361161806778E-002   2.0456175084999986E-002   2.0421793619313552E-002   2.0390151576346199E-002   2.0361182820293963E-002   2.0334821406286431E-002   2.0311002646958457E-002   2.0289664103228796E-002   2.0270746496004279E-002   2.0254194536185252E-002   2.0239957670915930E-002   2.0227990744504633E-002   2.0218254572838212E-002   2.0210716430437922E-002   2.0205350449558585E-002   2.0202137930926931E-002   2.0201067565858776E-002
   2.0218131486315592E-002   2.0221601831885233E-002   2.0227400324216650E-002   2.0235547419988655E-002   2.0246071424776104E-002   2.0259008159195711E-002   2.0274400529952448E-002   2.0292298006115095E-002   2.0312756001136481E-002   2.0335835161387206E-002   2.0361600562299843E-002   2.0390120813632728E-002   2.0421467075864692E-002   2.0455711990330264E-002   2.0492928526401735E-002   2.0533188749821456E-002   2.0576562517184014E-002   2.0623116102559725E-002   2.0672910763332358E-002   2.0726001253486413E-002   2.0782434293810947E-002   2.0842247009773721E-002   2.0905465349143872E-002   2.0972102492783432E-002   2.1042157273365128E-002   2.1115612618080627E-002   2.1192434032652141E-002   2.1272568145121077E-002   2.1355941328928957E-002   2.1442458425694748E-002   2.1532001588794852E-002   2.1624429269332422E-002   2.1719575366306282E-002   2.1817248562721162E-002   2.1917231868986673E-002   2.2019282394199209E-002   2.2123131364758828E-002   2.2228484408214764E-002   2.2335022118235785E-002   2.2442400914147977E-002   2.2550254205562489E-002   2.2658193869227929E-002   2.2765812041395769E-002   2.2872683224703604E-002   2.2978366703896681E-002   2.3082409259673947E-002   2.3184348164630737E-002   2.3283714439762494E-002   2.3380036344398513E-002   2.3472843066874170E-002   2.3561668577862387E-002   2.3646055603221996E-002   2.3725559668640272E-002   2.3799753164413132E-002   2.3868229375577095E-002   2.3930606420432363E-002   2.3986531039407174E-002   2.4035682176316363E-002   2.4077774295436997E-002   2.4112560380497122E-002   2.4139834565645488E-002   2.4159434353689547E-002   2.4171242383261043E-002   2.4175187713952800E-002   2.4171246606688766E-002   2.4159442785428576E-002   2.4139847175530464E-002   2.4112577123448442E-002   2.4077795111662352E-002   2.4035706991578542E-002   2.3986559765357341E-002   2.3930638955007924E-002   2.3868265603463109E-002   2.3799792957566127E-002   2.3725602886873143E-002   2.3646102094848593E-002   2.3561718180400124E-002   2.3472895607802732E-002   2.3380091641972509E-002   2.3283772303875266E-002   2.3184408397726283E-002   2.3082471657703007E-002   2.2978431057312614E-002   2.2872749319492645E-002   2.2765879660135574E-002   2.2658262792167483E-002   2.2550324211715472E-002   2.2442471782391105E-002   2.2335093628402792E-002   2.2228556342176201E-002   2.2123203507477481E-002   2.2019354534750686E-002   2.1917303801534751E-002   2.1817320087437673E-002   2.1719646290225790E-002   2.1624499407132628E-002   2.1532070763494515E-002   2.1442526469262028E-002   2.1356008082794274E-002   2.1272633460590010E-002   2.1192497771215315E-002   2.1115674651619093E-002   2.1042217484251332E-002   2.0972160773879294E-002   2.0905521603699143E-002   2.0842301151229075E-002   2.0782486245511621E-002   2.0726050948313281E-002   2.0672958143258466E-002   2.0623161118141029E-002   2.0576605126993743E-002   2.0533228919838012E-002   2.0492966229360386E-002   2.0455747205048991E-002   2.0421499786554494E-002   2.0390151009202606E-002   2.0361628235666347E-002   2.0335860308798089E-002   2.0312778621517424E-002   2.0292318100447952E-002   2.0274418100692845E-002   2.0259023209737093E-002   2.0246083958966606E-002   2.0235557441706447E-002   2.0227407837008621E-002   2.0221606838673040E-002   2.0218133989172337E-002   2.0216976918283287E-002
   2.0235581785746828E-002   2.0239336610471104E-002   2.0245610591276476E-002   2.0254426130861470E-002   2.0265814234254047E-002   2.0279814149891894E-002   2.0296472908307751E-002   2.0315844758657560E-002   2.0337990503506823E-002   2.0362976732539995E-002   2.0390874956189717E-002   2.0421760640606343E-002   2.0455712145911509E-002   2.0492809570308090E-002   2.0533133503356851E-002   2.0576763692579634E-002   2.0623777628508703E-002   2.0674249054369612E-002   2.0728246407753829E-002   2.0785831202899535E-002   2.0847056363541509E-002   2.0911964517700440E-002   2.0980586267238813E-002   2.1052938446495254E-002   2.1129022385797020E-002   2.1208822197115153E-002   2.1292303100538777E-002   2.1379409811573637E-002   2.1470065010479801E-002   2.1564167915920730E-002   2.1661592986062128E-002   2.1762188770896546E-002   2.1865776939939303E-002   2.1972151509503445E-002   2.2081078293476778E-002   2.2192294600853785E-002   2.2305509202182827E-002   2.2420402585538901E-002   2.2536627520594665E-002   2.2653809946810734E-002   2.2771550198682194E-002   2.2889424577352241E-002   2.3006987273737119E-002   2.3123772643615335E-002   2.3239297829949782E-002   2.3353065722085471E-002   2.3464568235469156E-002   2.3573289889265055E-002   2.3678711652809770E-002   2.3780315025399529E-002   2.3877586307594442E-002   2.3970021016235188E-002   2.4057128389888782E-002   2.4138435926667461E-002   2.4213493892494758E-002   2.4281879735109587E-002   2.4343202337568960E-002   2.4397106044868753E-002   2.4443274398649188E-002   2.4481433517839910E-002   2.4511355067531233E-002   2.4532858764279370E-002   2.4545814373355217E-002   2.4550143161964633E-002   2.4545818781990227E-002   2.4532867566075763E-002   2.4511368231607988E-002   2.4481450998040808E-002   2.4443296133740564E-002   2.4397131958802120E-002   2.4343232339807754E-002   2.4281913721019087E-002   2.4213531743794245E-002   2.4138477511943549E-002   2.4057173565168871E-002   2.3970069625619952E-002   2.3877638183948155E-002   2.3780369991096888E-002   2.3678769520537657E-002   2.3573350462877368E-002   2.3464631310892284E-002   2.3353131088271497E-002   2.3239365269873708E-002   2.3123841935311799E-002   2.3007058191371135E-002   2.2889496892317538E-002   2.2771623680719708E-002   2.2653884365138818E-002   2.2536702645041731E-002   2.2420478187668350E-002   2.2305585056399620E-002   2.2192370485481509E-002   2.2081153991793917E-002   2.1972226810727660E-002   2.1865851640148756E-002   2.1762262673878083E-002   2.1661665904076734E-002   2.1564239670377967E-002   2.1470135432514057E-002   2.1379478742516538E-002   2.1292370392283703E-002   2.1208887712371380E-002   2.1129085998232867E-002   2.1053000040771146E-002   2.0980645738933074E-002   2.0912021773131968E-002   2.0847111319495203E-002   2.0785883786261512E-002   2.0728296555064713E-002   2.0674296711305121E-002   2.0623822749297614E-002   2.0576806239369642E-002   2.0533173445539427E-002   2.0492846883813459E-002   2.0455746812484989E-002   2.0421792647077098E-002   2.0390904293742698E-002   2.0363003396001413E-002   2.0338014490652975E-002   2.0315866069556206E-002   2.0296491544700507E-002   2.0279830114625447E-002   2.0265827530767066E-002   2.0254436762733405E-002   2.0245618561843450E-002   2.0239341922513348E-002   2.0235584441251158E-002   2.0234332573138482E-002
   2.0254517710056829E-002   2.0258581963558162E-002   2.0265373151829056E-002   2.0274915821589277E-002   2.0287243952676465E-002   2.0302400572200164E-002   2.0320437258448822E-002   2.0341413534679241E-002   2.0365396153082645E-002   2.0392458269464717E-002   2.0422678509510444E-002   2.0456139927938596E-002   2.0492928862393883E-002   2.0533133684584016E-002   2.0576843451949149E-002   2.0624146464054319E-002   2.0675128728922323E-002   2.0729872345671158E-002   2.0788453811081957E-002   2.0850942259090541E-002   2.0917397643656931E-002   2.0987868877006946E-002   2.1062391936839796E-002   2.1140987957733757E-002   2.1223661323633947E-002   2.1310397779943740E-002   2.1401162585334171E-002   2.1495898724900406E-002   2.1594525207695271E-002   2.1696935472919072E-002   2.1802995930102806E-002   2.1912544659446379E-002   2.2025390299021730E-002   2.2141311145778605E-002   2.2260054497152553E-002   2.2381336259525632E-002   2.2504840848784929E-002   2.2630221406718897E-002   2.2757100354945853E-002   2.2885070305446075E-002   2.3013695343539271E-002   2.3142512695291332E-002   2.3271034786840405E-002   2.3398751698008122E-002   2.3525134006833794E-002   2.3649636015384341E-002   2.3771699340424852E-002   2.3890756845383644E-002   2.4006236882642130E-002   2.4117567807682375E-002   2.4224182719220399E-002   2.4325524372350908E-002   2.4421050205158175E-002   2.4510237413446528E-002   2.4592588003452685E-002   2.4667633748851260E-002   2.4734940976262533E-002   2.4794115102993310E-002   2.4844804852017538E-002   2.4886706072308095E-002   2.4919565097577433E-002   2.4943181583216290E-002   2.4957410769611846E-002   2.4962165129886235E-002   2.4957415371169394E-002   2.4943190770500223E-002   2.4919578838990656E-002   2.4886724320617733E-002   2.4844827544549478E-002   2.4794142161890371E-002   2.4734972308805298E-002   2.4667669247840585E-002   2.4592627547652783E-002   2.4510280868087680E-002   2.4421097422498012E-002   2.4325575192293527E-002   2.4224236969992399E-002   2.4117625306565065E-002   2.4006297436759045E-002   2.3890820252542265E-002   2.3771765390011045E-002   2.3649704489307574E-002   2.3525204680520394E-002   2.3398824341439053E-002   2.3271109165628929E-002   2.3142588571794936E-002   2.3013772477998882E-002   2.2885148457144584E-002   2.2757179283376745E-002   2.2630300872754687E-002   2.2504920615834392E-002   2.2381416094668035E-002   2.2260134172236743E-002   2.2141390438474681E-002   2.2025468993813184E-002   2.1912622548551069E-002   2.1803072814311913E-002   2.1697011162344175E-002   2.1594599522415076E-002   2.1495971495500067E-002   2.1401233653331918E-002   2.1310466998101241E-002   2.1223728556148808E-002   2.1141053080314394E-002   2.1062454836664850E-002   2.0987929452573183E-002   2.0917455804521250E-002   2.0850997925513322E-002   2.0788506913580234E-002   2.0729922824491365E-002   2.0675176533443227E-002   2.0624191552131476E-002   2.0576885789212716E-002   2.0533173243702074E-002   2.0492965622313345E-002   2.0456173873115817E-002   2.0422709629143207E-002   2.0392486556736970E-002   2.0365421604432624E-002   2.0341436149101076E-002   2.0320457036836916E-002   2.0302417516744779E-002   2.0287258066318124E-002   2.0274927107538632E-002   2.0265381613157985E-002   2.0258587602866890E-002   2.0254520529220901E-002   2.0253165553291406E-002
   2.0274969542732856E-002   2.0279368830964022E-002   2.0286720046709662E-002   2.0297050089497157E-002   2.0310396204465106E-002   2.0326805567764672E-002   2.0346334753312701E-002   2.0369049080897862E-002   2.0395021845789472E-002   2.0424333430232203E-002   2.0457070297542478E-002   2.0493323869964476E-002   2.0533189292005448E-002   2.0576764081659604E-002   2.0624146672751711E-002   2.0675434852590442E-002   2.0730724100216105E-002   2.0790105831757076E-002   2.0853665560766801E-002   2.0921480982891327E-002   2.0993619995802779E-002   2.1070138667012375E-002   2.1151079163927632E-002   2.1236467662321325E-002   2.1326312251207583E-002   2.1420600853946013E-002   2.1519299187184721E-002   2.1622348780974760E-002   2.1729665085002656E-002   2.1841135687356353E-002   2.1956618673519189E-002   2.2075941154332611E-002   2.2198897992433821E-002   2.2325250757109921E-002   2.2454726937564121E-002   2.2587019444209405E-002   2.2721786426735814E-002   2.2858651436285647E-002   2.2997203957062576E-002   2.3137000330046627E-002   2.3277565088141886E-002   2.3418392718013242E-002   2.3558949859048467E-002   2.3698677944307189E-002   2.3836996282003801E-002   2.3973305569059040E-002   2.4106991820616694E-002   2.4237430691264533E-002   2.4363992155164577E-002   2.4486045503568026E-002   2.4602964609480811E-002   2.4714133400804951E-002   2.4818951475383468E-002   2.4916839784312445E-002   2.5007246303948776E-002   2.5089651612522797E-002   2.5163574284424398E-002   2.5228576014294044E-002   2.5284266384186207E-002   2.5330307190387105E-002   2.5366416251987229E-002   2.5392370630975571E-002   2.5408009203293412E-002   2.5413234531733036E-002   2.5408014004486845E-002   2.5392380217174555E-002   2.5366430590880566E-002   2.5330326233669036E-002   2.5284290067748631E-002   2.5228604258481294E-002   2.5163606994349278E-002   2.5089688678442721E-002   2.5007287601700685E-002   2.4916885175805332E-002   2.4819000809147545E-002   2.4714186512596676E-002   2.4603021322943258E-002   2.4486105630946255E-002   2.4364055498075771E-002   2.4237497041522622E-002   2.4107060961110992E-002   2.3973377274686049E-002   2.3837070320650557E-002   2.3698754077883855E-002   2.3559027844566621E-002   2.3418472308705231E-002   2.3277646034615122E-002   2.3137082381465418E-002   2.2997286862348584E-002   2.2858734945326808E-002   2.2721870291592360E-002   2.2587103420304688E-002   2.2454810784847307E-002   2.2325334241177143E-002   2.2198980885594459E-002   2.2076023236607633E-002   2.1956699733559137E-002   2.1841215523267524E-002   2.1729743505071435E-002   2.1622425604281507E-002   2.1519374244100400E-002   2.1420673986506784E-002   2.1326383313364547E-002   2.1236536520064735E-002   2.1151145695287071E-002   2.1070202761936271E-002   2.0993681555922773E-002   2.0921539921178602E-002   2.0853721801089152E-002   2.0790159308346854E-002   2.0730774757060290E-002   2.0675482642754917E-002   2.0624191557652501E-002   2.0576806030294104E-002   2.0533228280156940E-002   2.0493359879392919E-002   2.0457103315174533E-002   2.0424363447362707E-002   2.0395048857306239E-002   2.0369073084540706E-002   2.0346355748976912E-002   2.0326823556858258E-002   2.0310411189328002E-002   2.0297062072889813E-002   2.0286729031377241E-002   2.0279374819281468E-002   2.0274972536435024E-002   2.0273505924125450E-002
   2.0296965953052682E-002   2.0301726523736192E-002   2.0309681663988451E-002   2.0320860846146687E-002   2.0335304886893970E-002   2.0353065502130303E-002   2.0374204734256336E-002   2.0398794251721124E-002   2.0426914520813039E-002   2.0458653849893566E-002   2.0494107306601887E-002   2.0533375509005997E-002   2.0576563292254609E-002   2.0623778253002066E-002   2.0675129174742443E-002   2.0730724338202555E-002   2.0790669722108159E-002   2.0855067100950943E-002   2.0924012047840886E-002   2.0997591852120599E-002   2.1075883363133166E-002   2.1158950773357287E-002   2.1246843356033985E-002   2.1339593174385371E-002   2.1437212781541797E-002   2.1539692932320251E-002   2.1647000330001706E-002   2.1759075433202862E-002   2.1875830349790380E-002   2.1997146846501489E-002   2.2122874504470102E-002   2.2252829052163938E-002   2.2386790908265557E-002   2.2524503967723555E-002   2.2665674664501673E-002   2.2809971344401641E-002   2.2957023980665289E-002   2.3106424263805748E-002   2.3257726095208358E-002   2.3410446511412237E-002   2.3564067062570720E-002   2.3718035664337903E-002   2.3871768937297720E-002   2.4024655042017076E-002   2.4176057010866652E-002   2.4325316569942655E-002   2.4471758435809073E-002   2.4614695062472158E-002   2.4753431804153635E-002   2.4887272449250764E-002   2.5015525070609987E-002   2.5137508127191514E-002   2.5252556742693059E-002   2.5360029078087112E-002   2.5459312707670607E-002   2.5549830902487098E-002   2.5631048721190878E-002   2.5702478806867497E-002   2.5763686789228354E-002   2.5814296195101075E-002   2.5853992776289546E-002   2.5882528172621103E-002   2.5899722839170202E-002   2.5905468179977839E-002   2.5899727845708861E-002   2.5882538169156217E-002   2.5854007729800933E-002   2.5814316056218572E-002   2.5763711492422667E-002   2.5702508270702706E-002   2.5631082848637049E-002   2.5549869581291400E-002   2.5459355810785317E-002   2.5360076464153048E-002   2.5252608256577269E-002   2.5137563600578332E-002   2.5015584322645074E-002   2.4887335287238091E-002   2.4753498024305758E-002   2.4614764450714220E-002   2.4471830768637137E-002   2.4325391615336575E-002   2.4176134529257334E-002   2.4024734787307010E-002   2.3871850657932764E-002   2.3718119104426862E-002   2.3564151963047744E-002   2.3410532611235498E-002   2.3257813132586732E-002   2.3106511977443567E-002   2.2957112111013790E-002   2.2810059634904404E-002   2.2665762862820307E-002   2.2524591826929272E-002   2.2386878187981987E-002   2.2252915519646567E-002   2.2122959935608300E-002   2.1997231026729930E-002   2.1875913074898008E-002   2.1759156510029035E-002   2.1647079577011067E-002   2.1539770180049999E-002   2.1437287872917172E-002   2.1339665964901517E-002   2.1246913713804782E-002   2.1159018579033888E-002   2.1075948509697340E-002   2.0997654244559859E-002   2.0924071602714384E-002   2.0855123745856574E-002   2.0790723395062712E-002   2.0730774986947823E-002   2.0675176755990933E-002   2.0623822731636411E-002   2.0576604640495051E-002   2.0533413705560222E-002   2.0494142335811209E-002   2.0458685700889028E-002   2.0426943186694288E-002   2.0398819728770140E-002   2.0374227021197261E-002   2.0353084599445497E-002   2.0335320796205435E-002   2.0320873569670939E-002   2.0309691204071681E-002   2.0301732882475498E-002   2.0296969132007965E-002   2.0295382141686288E-002
   2.0320533313680920E-002   2.0325682030055067E-002   2.0334286025325828E-002   2.0346377576203542E-002   2.0362001393411246E-002   2.0381214144313205E-002   2.0404083838495297E-002   2.0430689075975155E-002   2.0461118157822426E-002   2.0495468059172999E-002   2.0533843264941169E-002   2.0576354468983822E-002   2.0623117138063383E-002   2.0674249942700750E-002   2.0729873057913312E-002   2.0790106337901220E-002   2.0855067369978584E-002   2.0924869414444359E-002   2.0999619238644716E-002   2.1079414855187172E-002   2.1164343176113723E-002   2.1254477596811355E-002   2.1349875525513269E-002   2.1450575876401617E-002   2.1556596546535852E-002   2.1667931899071020E-002   2.1784550277465602E-002   2.1906391577572900E-002   2.2033364906625386E-002   2.2165346360115662E-002   2.2302176949405315E-002   2.2443660714504186E-002   2.2589563057803432E-002   2.2739609335556323E-002   2.2893483744516573E-002   2.3050828541293648E-002   2.3211243631591324E-002   2.3374286565477562E-002   2.3539472973104256E-002   2.3706277472766948E-002   2.3874135079781041E-002   2.4042443140272606E-002   2.4210563808571409E-002   2.4377827080403116E-002   2.4543534386486342E-002   2.4706962742463402E-002   2.4867369441390751E-002   2.5023997264397409E-002   2.5176080173755961E-002   2.5322849440730218E-002   2.5463540148458141E-002   2.5597397998144297E-002   2.5723686335370387E-002   2.5841693302815712E-002   2.5950739016561582E-002   2.6050182655880591E-002   2.6139429351402194E-002   2.6217936754167809E-002   2.6285221168631787E-002   2.6340863136322386E-002   2.6384512363724265E-002   2.6415891897928603E-002   2.6434801466531460E-002   2.6441119913825719E-002   2.6434806683086440E-002   2.6415902314148150E-002   2.6384527945891554E-002   2.6340883834021701E-002   2.6285246914938439E-002   2.6217967465899005E-002   2.6139464929427040E-002   2.6050222985487235E-002   2.5950783967879500E-002   2.5841742731291223E-002   2.5723740082293878E-002   2.5597455891228051E-002   2.5463602002464225E-002   2.5322915058148522E-002   2.5176149345533059E-002   2.5024069770717361E-002   2.4867445052509304E-002   2.4707041219597072E-002   2.4543615482757453E-002   2.4377910541841422E-002   2.4210649375171724E-002   2.4042530547106582E-002   2.3874224058159643E-002   2.3706367751448212E-002   2.3539564279539026E-002   2.3374378627083896E-002   2.3211336177046314E-002   2.3050921301829820E-002   2.2893576455208502E-002   2.2739701736582133E-002   2.2589654895665279E-002   2.2443751743191531E-002   2.2302266931485192E-002   2.2165435067734902E-002   2.2033452122410858E-002   2.1906477095417584E-002   2.1784633903190038E-002   2.1668013450952012E-002   2.1556675855696695E-002   2.1450652787060608E-002   2.1349949895089867E-002   2.1254549295892006E-002   2.1164412088281726E-002   2.1079480876723480E-002   2.0999682278108490E-002   2.0924929392144114E-002   2.0855124217346345E-002   2.0790159996783256E-002   2.0729923479792169E-002   2.0674297087863707E-002   2.0623160974732935E-002   2.0576394972425763E-002   2.0533880416565582E-002   2.0495501845643006E-002   2.0461148570184835E-002   2.0430716108826359E-002   2.0404107489194655E-002   2.0381234412255252E-002   2.0362018279366689E-002   2.0346391081737952E-002   2.0334296152303592E-002   2.0325688780234979E-002   2.0320536688408445E-002   2.0318820374169159E-002
   2.0345694996083789E-002   2.0351259298364694E-002   2.0360558048562894E-002   2.0373626571133521E-002   2.0390513809951973E-002   2.0411281817071723E-002   2.0436005094473433E-002   2.0464769788284327E-002   2.0497672735019182E-002   2.0534820359575739E-002   2.0576327425025187E-002   2.0622315634686989E-002   2.0672912087580465E-002   2.0728247589113558E-002   2.0788454819810571E-002   2.0853666366000802E-002   2.0924012617691213E-002   2.0999619540327433E-002   2.1080606328804340E-002   2.1167082953911780E-002   2.1259147613381487E-002   2.1356884101822262E-002   2.1460359116073736E-002   2.1569619514852378E-002   2.1684689553981427E-002   2.1805568120961006E-002   2.1932225995114581E-002   2.2064603162008076E-002   2.2202606213241476E-002   2.2346105865017282E-002   2.2494934631050720E-002   2.2648884687351822E-002   2.2807705968122947E-002   2.2971104533412771E-002   2.3138741250177276E-002   2.3310230828938888E-002   2.3485141258215797E-002   2.3662993678215397E-002   2.3843262733840326E-002   2.4025377444730139E-002   2.4208722626739773E-002   2.4392640894827670E-002   2.4576435271689918E-002   2.4759372419552794E-002   2.4940686504273956E-002   2.5119583691294078E-002   2.5295247262070556E-002   2.5466843327520215E-002   2.5633527101879019E-002   2.5794449686510155E-002   2.5948765298893988E-002   2.6095638867724466E-002   2.6234253901193643E-002   2.6363820522694679E-002   2.6483583556869122E-002   2.6592830539722674E-002   2.6690899519965134E-002   2.6777186515262431E-002   2.6851152487101987E-002   2.6912329701723511E-002   2.6960327352172117E-002   2.6994836327942796E-002   2.7015633033692251E-002   2.7022582176715930E-002   2.7015638463792398E-002   2.6994847170919375E-002   2.6960343573641049E-002   2.6912351250266531E-002   2.6851179294454575E-002   2.6777218496561995E-002   2.6690936574057456E-002   2.6592872549524540E-002   2.6483630389784719E-002   2.6363872031083563E-002   2.6234309922888204E-002   2.6095699226595478E-002   2.5948829805463210E-002   2.5794518138609977E-002   2.5633599285359767E-002   2.5466919017006658E-002   2.5295326221769689E-002   2.5119665675856735E-002   2.4940771259712682E-002   2.4759459684218211E-002   2.4576524777306773E-002   2.4392732367590649E-002   2.4208815788467272E-002   2.4025472014072322E-002   2.3843358427535478E-002   2.3663090212386145E-002   2.3485238349694643E-002   2.3310328196610122E-002   2.3138838616320719E-002   2.2971201625033081E-002   2.2807802518247388E-002   2.2648980436278800E-002   2.2495029327531422E-002   2.2346199267353341E-002   2.2202698090282639E-002   2.2064693294035449E-002   2.1932314174596870E-002   2.1805654153173610E-002   2.1684773257480736E-002   2.1569700721800408E-002   2.1460437672411060E-002   2.1356959867290141E-002   2.1259220461396836E-002   2.1167152771301347E-002   2.1080673015406851E-002   2.0999683008474716E-002   2.0924072791581122E-002   2.0853723180976409E-002   2.0788508221561131E-002   2.0728297532813657E-002   2.0672958536984178E-002   2.0622358561194005E-002   2.0576366806735660E-002   2.0534856180350110E-002   2.0497704983558591E-002   2.0464798457246226E-002   2.0436030179636026E-002   2.0411303316559614E-002   2.0390531723534139E-002   2.0373640899603401E-002   2.0360568793208966E-002   2.0351266460538569E-002   2.0345698576871379E-002   2.0343843801420729E-002
   2.0372470648995313E-002   2.0378478503025609E-002   2.0388518791943221E-002   2.0402630143264783E-002   2.0420866089959334E-002   2.0443294523812522E-002   2.0469996991349906E-002   2.0501067831572663E-002   2.0536613154795689E-002   2.0576749662032521E-002   2.0621603304662048E-002   2.0671307784554616E-002   2.0726002895444393E-002   2.0785832707122406E-002   2.0850943594999821E-002   2.0921482118759511E-002   2.0997592755179612E-002   2.1079415491773980E-002   2.1167083289647868E-002   2.1260719425905645E-002   2.1360434728058167E-002   2.1466324715148113E-002   2.1578466662722309E-002   2.1696916611311196E-002   2.1821706340702476E-002   2.1952840334992386E-002   2.2090292766134088E-002   2.2234004526446697E-002   2.2383880343263989E-002   2.2539786011550187E-002   2.2701545782846430E-002   2.2868939951285236E-002   2.3041702679563326E-002   2.3219520109627832E-002   2.3402028804328300E-002   2.3588814567325464E-002   2.3779411689021913E-002   2.3973302666069382E-002   2.4169918440979241E-002   2.4368639206371938E-002   2.4568795815296755E-002   2.4769671834682656E-002   2.4970506273202610E-002   2.5170497007522649E-002   2.5368804921974953E-002   2.5564558766097815E-002   2.5756860722245672E-002   2.5944792661687748E-002   2.6127423052470761E-002   2.6303814466106072E-002   2.6473031613240345E-002   2.6634149821367328E-002   2.6786263850908484E-002   2.6928496930274562E-002   2.7060009876503255E-002   2.7180010156445854E-002   2.7287760734915140E-002   2.7382588551308606E-002   2.7463892465475700E-002   2.7531150517350653E-002   2.7583926353291467E-002   2.7621874685119074E-002   2.7644745665296178E-002   2.7652388083071768E-002   2.7644751311099221E-002   2.7621885959201616E-002   2.7583943220667435E-002   2.7531172925693143E-002   2.7463920345298660E-002   2.7382621816207462E-002   2.7287799281864832E-002   2.7180053866154460E-002   2.7060058613819035E-002   2.6928550544644016E-002   2.6786322176883138E-002   2.6634212679157110E-002   2.6473098809312121E-002   2.6303885793826497E-002   2.6127498292793757E-002   2.5944871583887870E-002   2.5756943084699713E-002   2.5564644317117760E-002   2.5368893400695942E-002   2.5170588144849564E-002   2.4970599792818491E-002   2.4769767454120930E-002   2.4568893247077773E-002   2.4368738159202080E-002   2.4170018621008378E-002   2.3973403778199891E-002   2.3779513438259483E-002   2.3588916660159404E-002   2.3402130950126620E-002   2.3219622022030359E-002   2.3041804077854656E-002   2.2869040561728286E-002   2.2701645339957135E-002   2.2539884259294110E-002   2.2383977036156591E-002   2.2234099430540340E-002   2.2090385659876938E-002   2.1952931009946677E-002   2.1821794602112348E-002   2.1697002278513282E-002   2.1578549569395412E-002   2.1466404709401414E-002   2.1360511672360662E-002   2.1260793196862422E-002   2.1167153777631759E-002   2.1079482600423534E-002   2.0997656400776762E-002   2.0921542229501832E-002   2.0851000110184124E-002   2.0785885576257001E-002   2.0726052077308328E-002   2.0671353246222348E-002   2.0621645020511680E-002   2.0576787612755623E-002   2.0536647326425753E-002   2.0501098214548329E-002   2.0470023579628033E-002   2.0443317314044775E-002   2.0420885080744598E-002   2.0402645334488243E-002   2.0388530184211391E-002   2.0378486097205089E-002   2.0372474445861429E-002   2.0370471897668017E-002
   2.0400875465718470E-002   2.0407355298346416E-002   2.0418184685944037E-002   2.0433405826363278E-002   2.0453077214476895E-002   2.0477273058754620E-002   2.0506082529530015E-002   2.0539608837957617E-002   2.0577968144655380E-002   2.0621288297148994E-002   2.0669707395502585E-002   2.0723372185951675E-002   2.0782436282964448E-002   2.0847058220959409E-002   2.0917399337911150E-002   2.0993621494288080E-002   2.1075884632190033E-002   2.1164344181189974E-002   2.1259148319228378E-002   2.1360435098955039E-002   2.1468329452149829E-002   2.1582940087268153E-002   2.1704356297731469E-002   2.1832644701299416E-002   2.1967845933695770E-002   2.2109971322591852E-002   2.2258999571052096E-002   2.2414873482588412E-002   2.2577496763021065E-002   2.2746730937368800E-002   2.2922392422947850E-002   2.3104249802701139E-002   2.3292021345446449E-002   2.3485372822156264E-002   2.3683915669477300E-002   2.3887205553361924E-002   2.4094741386794967E-002   2.4305964856014578E-002   2.4520260509181525E-002   2.4736956459965213E-002   2.4955325755791184E-002   2.5174588456331429E-002   2.5393914462018271E-002   2.5612427124745603E-002   2.5829207663344709E-002   2.6043300394795972E-002   2.6253718778448492E-002   2.6459452254844973E-002   2.6659473843280251E-002   2.6852748443270843E-002   2.7038241765124413E-002   2.7214929794342545E-002   2.7381808674356651E-002   2.7537904872867048E-002   2.7682285479676442E-002   2.7814068469248488E-002   2.7932432750123942E-002   2.8036627816556366E-002   2.8125982815923923E-002   2.8199914849091928E-002   2.8257936330182840E-002   2.8299661247146828E-002   2.8324810184843993E-002   2.8333213997510757E-002   2.8324816046705319E-002   2.8299672953114925E-002   2.8257953844803362E-002   2.8199938119320520E-002   2.8126011771291454E-002   2.8036662369390061E-002   2.7932472795824448E-002   2.7814113886622582E-002   2.7682336131324300E-002   2.7537960605622441E-002   2.7381869319777777E-002   2.7214995169251070E-002   2.7038311672190275E-002   2.6852822671640925E-002   2.6659552169249933E-002   2.6459534442572881E-002   2.6253804580716005E-002   2.6043389553814588E-002   2.5829299911615328E-002   2.5612522185974557E-002   2.5394012052094891E-002   2.5174688284371461E-002   2.4955427525248753E-002   2.4737059869814275E-002   2.4520365255164839E-002   2.4306070631955425E-002   2.4094847885963517E-002   2.3887312469884951E-002   2.3684022699776906E-002   2.3485479666400716E-002   2.3292127708994036E-002   2.3104355397516589E-002   2.2922496968969936E-002   2.2746834163807836E-002   2.2577598409565552E-002   2.2414973300501424E-002   2.2259097324139922E-002   2.2110066788029729E-002   2.1967938902698589E-002   2.1832734979628222E-002   2.1704443706030117E-002   2.1583024461227975E-002   2.1468410642503568E-002   2.1360512971304868E-002   2.1259222753715862E-002   2.1164415072018938E-002   2.1075951887015762E-002   2.0993685033488536E-002   2.0917459093757664E-002   2.0847114136705511E-002   2.0782488311872464E-002   2.0723420290277045E-002   2.0669751545455809E-002   2.0621328469854816E-002   2.0578004323128004E-002   2.0539641010109782E-002   2.0506110687232553E-002   2.0477297196961602E-002   2.0453097330430096E-002   2.0433421918887928E-002   2.0418196754846154E-002   2.0407363343920393E-002   2.0400879488371750E-002   2.0398719703233568E-002
   2.0430919446594181E-002   2.0437900067412480E-002   2.0449566759277220E-002   2.0465965569479976E-002   2.0487160344323727E-002   2.0513232107670525E-002   2.0544278259918249E-002   2.0580411596124025E-002   2.0621759141939283E-002   2.0668460806104638E-002   2.0720667848491917E-002   2.0778541163094678E-002   2.0842249375973777E-002   2.0911966758974759E-002   2.0987870961059293E-002   2.1070140560341587E-002   2.1158952441395980E-002   2.1254479004104692E-002   2.1356885212241435E-002   2.1466325492131344E-002   2.1582940494080223E-002   2.1706853731814614E-002   2.1838168117903373E-002   2.1976962416024825E-002   2.2123287633982504E-002   2.2277163384537241E-002   2.2438574244392585E-002   2.2607466145021279E-002   2.2783742832427192E-002   2.2967262436370272E-002   2.3157834193006672E-002   2.3355215368268293E-002   2.3559108432571276E-002   2.3769158540529991E-002   2.3984951372173619E-002   2.4206011394602520E-002   2.4431800604942728E-002   2.4661717816690010E-002   2.4895098551881416E-002   2.5131215600765665E-002   2.5369280308513546E-002   2.5608444644751267E-002   2.5847804106046434E-002   2.6086401493677261E-002   2.6323231598855929E-002   2.6557246814903672E-002   2.6787363680621873E-002   2.7012470341317703E-002   2.7231434893808845E-002   2.7443114559588862E-002   2.7646365606688709E-002   2.7840053916291040E-002   2.8023066065669223E-002   2.8194320775484911E-002   2.8352780547932527E-002   2.8497463303750064E-002   2.8627453811787034E-002   2.8741914695611173E-002   2.8840096798369921E-002   2.8921348690409420E-002   2.8985125114329990E-002   2.9030994179249911E-002   2.9058643139751979E-002   2.9067882624660382E-002   2.9058649215485968E-002   2.9031006312863525E-002   2.8985143270155254E-002   2.8921372815047888E-002   2.8840126820821110E-002   2.8741950527450023E-002   2.8627495347394248E-002   2.8497510420598622E-002   2.8352833106932519E-002   2.8194378621387246E-002   2.8023129027527235E-002   2.7840121807977510E-002   2.7646438227464924E-002   2.7443191694721893E-002   2.7231516315233847E-002   2.7012555808343084E-002   2.6787452940676755E-002   2.6557339604329287E-002   2.6323327643744222E-002   2.6086500510761810E-002   2.5847905803651667E-002   2.5608548723806138E-002   2.5369386463635096E-002   2.5131323521416102E-002   2.4895207923599904E-002   2.4661828322397033E-002   2.4431911926311355E-002   2.4206123213486960E-002   2.3985063372081897E-002   2.3769270408124068E-002   2.3559219859175244E-002   2.3355326051363000E-002   2.3157943837687878E-002   2.2967370756746850E-002   2.2783849552936185E-002   2.2607571001637735E-002   2.2438676985713758E-002   2.2277263772723328E-002   2.2123385445538889E-002   2.1977057442414190E-002   2.1838260165979683E-002   2.1706942624074830E-002   2.1583026068733413E-002   2.1466407602988673E-002   2.1356963728434236E-002   2.1254553809641068E-002   2.1159023434569550E-002   2.1070207653008412E-002   2.0987934077801331E-002   2.0912025836169624E-002   2.0842304360791843E-002   2.0778592012445085E-002   2.0720714527939166E-002   2.0668503288777149E-002   2.0621797407450647E-002   2.0580445629526552E-002   2.0544308050707130E-002   2.0513257648855497E-002   2.0487181631583314E-002   2.0465982600411669E-002   2.0449579532755131E-002   2.0437908583061899E-002   2.0430923704390910E-002   2.0428597091541125E-002
   2.0462606663508163E-002   2.0470117172680290E-002   2.0482669866192710E-002   2.0500314931431379E-002   2.0523121972007192E-002   2.0551179347215745E-002   2.0584593320323492E-002   2.0623487014086672E-002   2.0667999171803165E-002   2.0718282722235477E-002   2.0774503146947190E-002   2.0836836648985217E-002   2.0905468122433490E-002   2.0980588923174354E-002   2.1062394442233495E-002   2.1151081484359999E-002   2.1246845456009834E-002   2.1349877368658912E-002   2.1460360665368654E-002   2.1578467880756715E-002   2.1704357146979020E-002   2.1838168560997337E-002   2.1980020431274640E-002   2.2130005425097285E-002   2.2288186640952681E-002   2.2454593633780787E-002   2.2629218424452098E-002   2.2812011528489169E-002   2.3002878042826243E-002   2.3201673833272252E-002   2.3408201869279992E-002   2.3622208756593790E-002   2.3843381522299954E-002   2.4071344710671589E-002   2.4305657851889772E-002   2.4545813369114679E-002   2.4791234992316086E-002   2.5041276749555821E-002   2.5295222607806353E-002   2.5552286835611112E-002   2.5811615158626986E-002   2.6072286775996011E-002   2.6333317300218404E-002   2.6593662675398567E-002   2.6852224118103219E-002   2.7107854111365924E-002   2.7359363465457344E-002   2.7605529438913628E-002   2.7845104890142722E-002   2.8076828404070883E-002   2.8299435310320146E-002   2.8511669480108595E-002   2.8712295759426253E-002   2.8900112867222563E-002   2.9073966560635555E-002   2.9232762846051277E-002   2.9375480996348350E-002   2.9501186122304755E-002   2.9609041040890748E-002   2.9698317185846767E-002   2.9768404317018892E-002   2.9818818804477554E-002   2.9849210291138770E-002   2.9859366572680186E-002   2.9849216574835011E-002   2.9818831354150768E-002   2.9768423097243469E-002   2.9698342143520712E-002   2.9609072105290513E-002   2.9501223205175068E-002   2.9375523992038386E-002   2.9232811631707854E-002   2.9074020996462197E-002   2.8900172796810297E-002   2.8712361010158331E-002   2.8511739863637978E-002   2.8299510623115323E-002   2.8076908428023722E-002   2.7845189393231138E-002   2.7605618175912471E-002   2.7359456178692555E-002   2.7107950531509509E-002   2.6852323965009764E-002   2.6593765658986787E-002   2.6333423121403719E-002   2.6072395127681603E-002   2.5811725726761225E-002   2.5552399300318197E-002   2.5295336644594921E-002   2.5041392030607165E-002   2.4791351187849506E-002   2.4545930148823246E-002   2.4305774886435264E-002   2.4071461673223073E-002   2.3843498090096900E-002   2.3622324612511476E-002   2.3408316703372969E-002   2.3201787344270437E-002   2.3002989939558002E-002   2.2812121531206476E-002   2.2629326266034477E-002   2.2454699060797015E-002   2.2288289414562276E-002   2.2130105321777220E-002   2.1980117243360620E-002   2.1838262097033163E-002   2.1704447231871701E-002   2.1578554355739271E-002   2.1460443387776685E-002   2.1349956211530730E-002   2.1246920307523638E-002   2.1151152247124348E-002   2.1062461032450189E-002   2.0980651269694527E-002   2.0905526165729361E-002   2.0836890340060702E-002   2.0774552446210889E-002   2.0718327598359385E-002   2.0668039600589761E-002   2.0623522977366037E-002   2.0584624804900722E-002   2.0551206343887244E-002   2.0523144474662729E-002   2.0500332936256659E-002   2.0482683370985334E-002   2.0470126176289682E-002   2.0462611165408082E-002   2.0460108038249162E-002
   2.0495934533819538E-002   2.0504004215833337E-002   2.0517491922766657E-002   2.0536452283856615E-002   2.0560961081651317E-002   2.0591114551532647E-002   2.0627028478182333E-002   2.0668837087058228E-002   2.0716691728781472E-002   2.0770759354321572E-002   2.0831220779028638E-002   2.0898268733920901E-002   2.0972105703208784E-002   2.1052941547839574E-002   2.1140990915889963E-002   2.1236470441925691E-002   2.1339595738992596E-002   2.1450578188701757E-002   2.1569621536921643E-002   2.1696918304886108E-002   2.1832646028062039E-002   2.1976963337885427E-002   2.2130005904460348E-002   2.2291882261512488E-002   2.2462669538289484E-002   2.2642409126697453E-002   2.2831102315751327E-002   2.3028705929391477E-002   2.3235128007876374E-002   2.3450223577292654E-002   2.3673790556218620E-002   2.3905565853210534E-002   2.4145221713516025E-002   2.4392362378193738E-002   2.4646521123542750E-002   2.4907157753290395E-002   2.5173656620178179E-002   2.5445325257196234E-002   2.5721393701463046E-002   2.6001014595288717E-002   2.6283264148903078E-002   2.6567144047237229E-002   2.6851584378558373E-002   2.7135447655211389E-002   2.7417533985789104E-002   2.7696587443383415E-002   2.7971303655922205E-002   2.8240338621899470E-002   2.8502318728187738E-002   2.8755851916456319E-002   2.8999539911645583E-002   2.9231991390881038E-002   2.9451835935332162E-002   2.9657738572240324E-002   2.9848414681247486E-002   3.0022645009940029E-002   3.0179290519874839E-002   3.0317306767871095E-002   3.0435757519413190E-002   3.0533827292679765E-002   3.0610832543641279E-002   3.0666231225015151E-002   3.0699630484266986E-002   3.0710792307392019E-002   3.0699636964487034E-002   3.0666244168270584E-002   3.0610851915524508E-002   3.0533853041492455E-002   3.0435789576085181E-002   3.0317345045887942E-002   3.0179334915238554E-002   3.0022695401187474E-002   2.9848470929547802E-002   2.9657800521587528E-002   2.9451903412842123E-002   2.9232064207194989E-002   2.8999617861435480E-002   2.8755934779022118E-002   2.8502406268133305E-002   2.8240430589872932E-002   2.7971399789407644E-002   2.7696687467533974E-002   2.7417637614295831E-002   2.7135554591206982E-002   2.6851694315559557E-002   2.6567256670133196E-002   2.6283379134999656E-002   2.6001131615418404E-002   2.5721512421170132E-002   2.5445445338003182E-002   2.5173777720935524E-002   2.4907279531607634E-002   2.4646643237292137E-002   2.4392484487073911E-002   2.4145343480657496E-002   2.3905686946800963E-002   2.3673910651122898E-002   2.3450342356640619E-002   2.3235245164590329E-002   2.3028821167625783E-002   2.2831215352217625E-002   2.2642519691851323E-002   2.2462777377357114E-002   2.2291987135339725E-002   2.2130107590170391E-002   2.1977061629335919E-002   2.1832740736096919E-002   2.1697009257382209E-002   2.1569708578634609E-002   2.1450661180920177E-002   2.1339674559013307E-002   2.1236544982366618E-002   2.1141061083860057E-002   2.1053007263987712E-002   2.0972166900675281E-002   2.0898325357216644E-002   2.0831272782867082E-002   2.0770806702429118E-002   2.0716734392710934E-002   2.0668875045029237E-002   2.0627061713970989E-002   2.0591143053431064E-002   2.0560984841515743E-002   2.0536471296260610E-002   2.0517506184273539E-002   2.0504013724399882E-002   2.0495939288340391E-002   2.0493249899858623E-002
   2.0530893111572513E-002   2.0539551314886603E-002   2.0554023160371034E-002   2.0574368031341030E-002   2.0600668325807901E-002   2.0633028715456275E-002   2.0671575189471672E-002   2.0716453880919028E-002   2.0767829673139945E-002   2.0825884583564484E-002   2.0890815922446716E-002   2.0962834224352800E-002   2.1042160950775029E-002   2.1129025963029596E-002   2.1223664765631454E-002   2.1326315521633984E-002   2.1437215842978669E-002   2.1556599360720668E-002   2.1684692082078270E-002   2.1821708543592912E-002   2.1967847772275513E-002   2.2123289069448531E-002   2.2288187635065224E-002   2.2462670053594449E-002   2.2646829666100474E-002   2.2840721856924297E-002   2.3044359287393307E-002   2.3257707113258235E-002   2.3480678227091895E-002   2.3713128571693873E-002   2.3954852575633994E-002   2.4205578767431280E-002   2.4464965630481363E-002   2.4732597766666066E-002   2.5007982442519297E-002   2.5290546597751706E-002   2.5579634401663134E-002   2.5874505448238303E-002   2.6174333685195224E-002   2.6478207175525275E-002   2.6785128791643069E-002   2.7094017941601840E-002   2.7403713423331467E-002   2.7712977495912859E-002   2.8020501245932708E-002   2.8324911311461445E-002   2.8624778005793407E-002   2.8918624857601341E-002   2.9204939553659350E-002   2.9482186235148661E-002   2.9748819059486207E-002   3.0003296897665770E-002   3.0244098993678359E-002   3.0469741369394177E-002   3.0678793717297211E-002   3.0869896486768571E-002   3.1041777839352115E-002   3.1193270126638983E-002   3.1323325532864300E-002   3.1431030524422920E-002   3.1515618761174216E-002   3.1576482149902829E-002   3.1613179758245971E-002   3.1625444356713710E-002   3.1613186415388198E-002   3.1576495448187740E-002   3.1515638668475926E-002   3.1431056992251842E-002   3.1323358496050058E-002   3.1193309502974827E-002   3.1041823529248336E-002   3.0869948372962711E-002   3.0678851664664480E-002   3.0469805224892444E-002   3.0244168586450217E-002   3.0003372039306926E-002   2.9748899544476581E-002   2.9482271841431672E-002   2.9205030043347041E-002   2.8918719977778898E-002   2.8624877489396551E-002   2.8325014878203332E-002   2.8020608603262949E-002   2.7713088339998637E-002   2.7403827440058523E-002   2.7094134807600135E-002   2.6785248175347220E-002   2.6478328738283100E-002   2.6174457082438391E-002   2.5874630330727403E-002   2.5579760416815766E-002   2.5290673391056957E-002   2.5008109659035823E-002   2.4732725052594634E-002   2.4465092634796522E-002   2.4205705143551502E-002   2.3954977983105176E-002   2.3713252677858166E-002   2.3480800708711884E-002   2.3257827658066190E-002   2.3044477595535903E-002   2.2840837642275114E-002   2.2646942657415438E-002   2.2462779995488891E-002   2.2288294288795567E-002   2.2123392213486186E-002   2.1967947202665535E-002   2.1821804074095143E-002   2.1684783544093582E-002   2.1556686603009939E-002   2.1437298731186553E-002   2.1326393937633723E-002   2.1223738606710483E-002   2.1129095140938640E-002   2.1042225390665616E-002   2.0962893863629699E-002   2.0890870709562599E-002   2.0825934476784280E-002   2.0767874639302027E-002   2.0716493894219212E-002   2.0671610230294745E-002   2.0633058769277811E-002   2.0600693382187087E-002   2.0574388083022872E-002   2.0554038202513791E-002   2.0539561344427738E-002   2.0530898126743833E-002   2.0528012709614497E-002
   2.0567464404280669E-002   2.0576740406968531E-002   2.0592245404985991E-002   2.0614043857593682E-002   2.0642225228557375E-002   2.0676903204242737E-002   2.0718214684338519E-002   2.0766318542517502E-002   2.0821394154039111E-002   2.0883639687160865E-002   2.0953270155282921E-002   2.1030515227022130E-002   2.1115616791918448E-002   2.1208826280231033E-002   2.1310401736295916E-002   2.1420604646197758E-002   2.1539696522058845E-002   2.1667935247068938E-002   2.1805571187467516E-002   2.1952843080040994E-002   2.2109973706307177E-002   2.2277165367424034E-002   2.2454595176978141E-002   2.2642410192183254E-002   2.2840722407658401E-002   2.3049603639872764E-002   2.3269080334561171E-002   2.3499128333957137E-002   2.3739667645590819E-002   2.3990557259690917E-002   2.4251590067942235E-002   2.4522487942504823E-002   2.4802897040798123E-002   2.5092383408565535E-002   2.5390428961090585E-002   2.5696427930006153E-002   2.6009683870721317E-002   2.6329407332798576E-002   2.6654714302260119E-002   2.6984625530295264E-002   2.7318066866586287E-002   2.7653870716779265E-002   2.7990778741741325E-002   2.8327445910373339E-002   2.8662446007109380E-002   2.8994278679130944E-002   2.9321378086203342E-002   2.9642123187578199E-002   2.9954849665575808E-002   3.0257863444610244E-002   3.0549455718314938E-002   3.0827919347282108E-002   3.1091566437406494E-002   3.1338746855989287E-002   3.1567867392010410E-002   3.1777411220932347E-002   3.1965957295746528E-002   3.2132199257306683E-002   3.2274963440627587E-002   3.2393225551615265E-002   3.2486125601862273E-002   3.2552980718151887E-002   3.2593295487781976E-002   3.2606769559474412E-002   3.2593302290366333E-002   3.2552994309526767E-002   3.2486145954166969E-002   3.2393252622404729E-002   3.2274997172164137E-002   3.2132239575733940E-002   3.1966004110229783E-002   3.1777464422851565E-002   3.1567926854285472E-002   3.1338812432602746E-002   3.1091637963169206E-002   3.0827996637864556E-002   3.0549538570544207E-002   3.0257951637012621E-002   2.9954942959129430E-002   2.9642221326630792E-002   2.9321480799506847E-002   2.8994385680947837E-002   2.8662556998353080E-002   2.8327560579756089E-002   2.7990896766915373E-002   2.7653991765469160E-002   2.7318190597720428E-002   2.6984751595152137E-002   2.6654842345648778E-002   2.6329536994293138E-002   2.6009814785966721E-002   2.5696559732107094E-002   2.5390561282088647E-002   2.5092515881001760E-002   2.4803029299350556E-002   2.4522619625683275E-002   2.4251720819816684E-002   2.3990686731625192E-002   2.3739795497950317E-002   2.3499254237757918E-002   2.3269203973027740E-002   2.3049724709873355E-002   2.2840840620989147E-002   2.2642525276676095E-002   2.2454706877411752E-002   2.2277273446221726E-002   2.2110077944011260E-002   2.1952943275558353E-002   2.1805667158086853E-002   2.1668026828255384E-002   2.1539783567036962E-002   2.1420687025338465E-002   2.1310479336327161E-002   2.1208899003295430E-002   2.1115684554503900E-002   2.1030577958793463E-002   2.0953327797843705E-002   2.0883692192775121E-002   2.0821441484342236E-002   2.0766360667245028E-002   2.0718251580099694E-002   2.0676934853364196E-002   2.0642251618019757E-002   2.0614064978081669E-002   2.0592261250069365E-002   2.0576750972429177E-002   2.0567469687597366E-002   2.0564378498944220E-002
   2.0605621723938334E-002   2.0615544585587751E-002   2.0632131391417466E-002   2.0655452007099114E-002   2.0685603424781214E-002   2.0722708940267780E-002   2.0766917090565495E-002   2.0818400348695781E-002   2.0877353572284357E-002   2.0943992202233162E-002   2.1018550207772862E-002   2.1101277774410516E-002   2.1192438731744596E-002   2.1292307718831900E-002   2.1401167085768766E-002   2.1519303531397336E-002   2.1647004478568956E-002   2.1784554190190118E-002   2.1932229631338274E-002   2.2090296085061887E-002   2.2259002532067369E-002   2.2438576807344974E-002   2.2629220549899652E-002   2.2831103965141587E-002   2.3044360423173052E-002   2.3269080920211200E-002   2.3505308434748767E-002   2.3753032214824988E-002   2.4012182038014303E-002   2.4282622491502905E-002   2.4564147325975314E-002   2.4856473944028554E-002   2.5159238091505144E-002   2.5471988828489528E-002   2.5794183865696974E-002   2.6125185361482915E-002   2.6464256284505869E-002   2.6810557456873794E-002   2.7163145401948419E-002   2.7520971129295323E-002   2.7882879995828364E-002   2.8247612786154116E-002   2.8613808155518554E-002   2.8980006574571997E-002   2.9344655905375411E-002   2.9706118721718033E-002   3.0062681463115554E-002   3.0412565480283309E-002   3.0753939990265773E-002   3.1084936912040742E-002   3.1403667499115363E-002   3.1708240625771072E-002   3.1996782520146691E-002   3.2267457672758383E-002   3.2518490586274443E-002   3.2748187974637036E-002   3.2954960970334360E-002   3.3137346861080830E-002   3.3294029854357414E-002   3.3423860362651131E-002   3.3525872315493782E-002   3.3599298037267016E-002   3.3643580281861360E-002   3.3658381085167909E-002   3.3643587181459517E-002   3.3599311826424789E-002   3.3525892973628853E-002   3.3423887857674341E-002   3.3294064141341319E-002   3.3137387880681948E-002   3.2955008647110762E-002   3.2748242215407779E-002   3.2518551278658027E-002   3.2267524684004900E-002   3.1996855696346992E-002   3.1708319791489005E-002   3.1403752457451292E-002   3.1085027445100076E-002   3.0754035859978466E-002   3.0412666429501592E-002   3.0062787216908905E-002   2.9706228988785510E-002   2.9344770379505274E-002   2.8980124936094091E-002   2.8613930072714053E-002   2.8247737916606629E-002   2.7883007987718207E-002   2.7521101622652772E-002   2.7163278029891026E-002   2.6810691846857117E-002   2.6464392059616201E-002   2.6125322141796109E-002   2.5794321269719790E-002   2.5472126474690666E-002   2.5159375599933330E-002   2.4856610938005553E-002   2.4564283433843558E-002   2.4282757348400654E-002   2.4012315287646756E-002   2.3753163511196704E-002   2.3505437443822032E-002   2.3269207321455557E-002   2.3044483910973444E-002   2.2831224250035902E-002   2.2629337359620701E-002   2.2438689887647016E-002   2.2259111647322888E-002   2.2090401018620146E-002   2.1932330185643150E-002   2.1784650186660846E-002   2.1647095757252943E-002   2.1519389950409702E-002   2.1401248520538020E-002   2.1292384061175191E-002   2.1192509888799480E-002   2.1101343667452574E-002   2.1018610770950227E-002   2.0944047381249730E-002   2.0877403323063520E-002   2.0818444636055786E-002   2.0766955886936059E-002   2.0722742224475722E-002   2.0685631180930475E-002   2.0655474223567800E-002   2.0632148059991598E-002   2.0615555700748245E-002   2.0605627282314583E-002   2.0602320653036538E-002
   2.0645329081201175E-002   2.0655927481492253E-002   2.0673644121804162E-002   2.0698554612016085E-002   2.0730763945880533E-002   2.0770405637586566E-002   2.0817640606495286E-002   2.0872655806513280E-002   2.0935662596102904E-002   2.1006894844643489E-002   2.1086606770780319E-002   2.1175070508549991E-002   2.1272573397468426E-002   2.1379414993424717E-002   2.1495903798147770E-002   2.1622353706207589E-002   2.1759080169979288E-002   2.1906396084732431E-002   2.2064607398007315E-002   2.2234008449698688E-002   2.2414877051784368E-002   2.2607469319413459E-002   2.2812014268115625E-002   2.3028708195227648E-002   2.3257708867286800E-002   2.3499129539156456E-002   2.3753032835086927E-002   2.4019424526848476E-002   2.4298247249591457E-002   2.4589374202290227E-002   2.4892602886614677E-002   2.5207648945944863E-002   2.5534140175079250E-002   2.5871610781029772E-002   2.6219495986135224E-002   2.6577127076463453E-002   2.6943727010910919E-002   2.7318406719206479E-002   2.7700162229686021E-002   2.8087872779548970E-002   2.8480300070471486E-002   2.8876088839891532E-002   2.9273768921800895E-002   2.9671758969176492E-002   3.0068372001924793E-002   3.0461822928125312E-002   3.0850238161346858E-002   3.1231667422077000E-002   3.1604097766486622E-002   3.1965469831029762E-002   3.2313696217586785E-002   3.2646681872536117E-002   3.2962346236561607E-002   3.3258646863132860E-002   3.3533604126005097E-002   3.3785326563782393E-002   3.4012036346816585E-002   3.4212094302685715E-002   3.4384023905095165E-002   3.4526533620521549E-002   3.4638537019589959E-002   3.4719170097166512E-002   3.4767805306210202E-002   3.4784061893845933E-002   3.4767812230738819E-002   3.4719183942224910E-002   3.4638557776318427E-002   3.4526561273551026E-002   3.4384058430255639E-002   3.4212135664267299E-002   3.4012084494612009E-002   3.3785381430148899E-002   3.3533665623171026E-002   3.3258714880940524E-002   3.2962420640789213E-002   3.2646762503883354E-002   3.2313782891347911E-002   3.1965562337421566E-002   3.1604195871551825E-002   3.1231770869050771E-002   3.0850346672356088E-002   3.0461936206088704E-002   3.0068489732532934E-002   2.9671880822853165E-002   2.9273894555574928E-002   2.8876217899138960E-002   2.8480432190516516E-002   2.8088007587136591E-002   2.7700299344356583E-002   2.7318545754613156E-002   2.6943867576123947E-002   2.6577268777302022E-002   2.6219638426560082E-002   2.5871753564618464E-002   2.5534282906593670E-002   2.5207791232988240E-002   2.4892744341363869E-002   2.4589514443279798E-002   2.4298385903518713E-002   2.4019561230364160E-002   2.3753167236533639E-002   2.3499261300216710E-002   2.3257837664504084E-002   2.3028833721366816E-002   2.2812136233333235E-002   2.2607587452213636E-002   2.2414991099741752E-002   2.2234118179936049E-002   2.2064712597422091E-002   2.1906496559972854E-002   2.1759175747177166E-002   2.1622444230480809E-002   2.1495989132891129E-002   2.1379495019412428E-002   2.1272648011795764E-002   2.1175139623444576E-002   2.1086670312315724E-002   2.1006952751389158E-002   2.0935714817744599E-002   2.0872702302477741E-002   2.0817681344611573E-002   2.0770440592814510E-002   2.0730793099134278E-002   2.0698577949107833E-002   2.0673661632529948E-002   2.0655939158878232E-002   2.0645334920925240E-002   2.0641803309447870E-002
   2.0686540631874546E-002   2.0697842696436916E-002   2.0716736278026490E-002   2.0743303074352966E-002   2.0777656562509812E-002   2.0819941095587421E-002   2.0870330735437446E-002   2.0929027817611214E-002   2.0996261243941057E-002   2.1072284497866640E-002   2.1157373377453777E-002   2.1251823441131665E-002   2.1355947161501247E-002   2.1470070783153803E-002   2.1594530881290153E-002   2.1729670619048652E-002   2.1875835702831810E-002   2.2033370036561382E-002   2.2202611077684519E-002   2.2383884899893659E-002   2.2577500969909015E-002   2.2783746648310160E-002   2.3002881427306991E-002   2.3235130921538279E-002   2.3480680631521471E-002   2.3739669503313583E-002   2.4012183312362594E-002   2.4298247904537221E-002   2.4597822333045978E-002   2.4910791936537141E-002   2.5236961411263942E-002   2.5576047938958249E-002   2.5927674442120054E-002   2.6291363049902490E-002   2.6666528870692607E-002   2.7052474181802361E-002   2.7448383162208750E-002   2.7853317310664476E-002   2.8266211708190301E-002   2.8685872300174033E-002   2.9110974388014004E-002   2.9540062532187845E-002   2.9971552076318204E-002   3.0403732503603002E-002   3.0834772831162736E-002   3.1262729232757053E-002   3.1685555054445348E-002   3.2101113349961574E-002   3.2507192012195187E-002   3.2901521514233451E-002   3.3281795198730750E-002   3.3645691969618877E-002   3.3990901147970785E-002   3.4315149157690392E-002   3.4616227610929994E-002   3.4892022272668431E-002   3.5140542304020854E-002   3.5359949119954590E-002   3.5548584154196428E-002   3.5704994806555375E-002   3.5827957858853371E-002   3.5916499686875165E-002   3.5969912667183281E-002   3.5987767277351049E-002   3.5969919512301350E-002   3.5916513382429398E-002   3.5827978414085415E-002   3.5705022231958282E-002   3.5548618457786597E-002   3.5359990302792035E-002   3.5140590355333866E-002   3.4892077164956292E-002   3.4616289295399741E-002   3.4315217560334663E-002   3.3990976166520595E-002   3.3645773471516205E-002   3.3281883020172237E-002   3.2901615460247419E-002   3.2507291857638967E-002   3.2101218841270492E-002   3.1685665911932649E-002   3.1262845153255274E-002   3.0834893490809971E-002   3.0403857560607161E-002   2.9971681173573256E-002   2.9540195299661662E-002   2.9111110444872579E-002   2.8686011256646021E-002   2.8266353167206416E-002   2.7853460869326462E-002   2.7448528413151950E-002   2.7052620714516123E-002   2.6666676272854975E-002   2.6291510908773047E-002   2.5927822346018904E-002   2.5576195478842944E-002   2.5237108182400575E-002   2.4910937540248607E-002   2.4597966378509851E-002   2.4298390010598220E-002   2.4012323109320201E-002   2.3739806634643514E-002   2.3480814755490236E-002   2.3235261712672536E-002   2.3003008577683278E-002   2.2783869868635696E-002   2.2577619990370286E-002   2.2383999470755950E-002   2.2202720969632599E-002   2.2033475040778551E-002   2.1875935630821540E-002   2.1729765302209807E-002   2.1594620170263003E-002   2.1470154546959642E-002   2.1356025286503100E-002   2.1251895829847624E-002   2.1157439947256978E-002   2.1072345179607908E-002   2.0996315980530839E-002   2.0929076562597199E-002   2.0870373451613099E-002   2.0819977753664790E-002   2.0777687139887382E-002   2.0743327554006274E-002   2.0716754647545760E-002   2.0697854947232239E-002   2.0686546758565117E-002   2.0682780808815669E-002
   2.0729200184939331E-002   2.0741233299276986E-002   2.0761349697749350E-002   2.0789637513594347E-002   2.0826219195073763E-002   2.0871250563194471E-002   2.0924919593856256E-002   2.0987444920000806E-002   2.1059074048692374E-002   2.1140081287607571E-002   2.1230765375174064E-002   2.1331446808594730E-002   2.1442464864238328E-002   2.1564174305378363E-002   2.1696941773020589E-002   2.1841141856574424E-002   2.1997152842388092E-002   2.2165352139672644E-002   2.2346111385077645E-002   2.2539791229144141E-002   2.2746735810047713E-002   2.2967266922463429E-002   2.3201677892055777E-002   2.3450227169057879E-002   2.3713131657713327E-002   2.3990559802094264E-002   2.4282624453091178E-002   2.4589375546334301E-002   2.4910792626623220E-002   2.5246777261307776E-002   2.5597145393196134E-002   2.5961619693191822E-002   2.6339821984195235E-002   2.6731265821029714E-002   2.7135349326380960E-002   2.7551348399978807E-002   2.7978410437355210E-002   2.8415548715133045E-002   2.8861637621337189E-002   2.9315408930782581E-002   2.9775449345976621E-002   3.0240199541648624E-002   3.0707954964165868E-002   3.1176868643662616E-002   3.1644956274511298E-002   3.2110103806632172E-002   3.2570077764078290E-002   3.3022538466735224E-002   3.3465056274816225E-002   3.3895130903869003E-002   3.4310213770957665E-002   3.4707733232340561E-002   3.5085122462284804E-002   3.5439849605740315E-002   3.5769449719592832E-002   3.6071557904146158E-002   3.6343942924952986E-002   3.6584540541927550E-002   3.6791485704383578E-002   3.6963142743016798E-002   3.7098132697344001E-002   3.7195356962338721E-002   3.7254016521341443E-002   3.7273626151641870E-002   3.7254023139761616E-002   3.7195370218396175E-002   3.7098152627304808E-002   3.6963169396035202E-002   3.6791519136682146E-002   3.6584580809776772E-002   3.6343990076989213E-002   3.6071611973595999E-002   3.5769510716949483E-002   3.5439917512367421E-002   3.5085197225316271E-002   3.4707814761113502E-002   3.4310301935074380E-002   3.3895225532848842E-002   3.3465157159180692E-002   3.3022645360281024E-002   3.2570190387037824E-002   3.2110221849401176E-002   3.1645079401636286E-002   3.1176996497820013E-002   3.0708087169922529E-002   3.0240335708860741E-002   2.9775589072751768E-002   2.9315551805991213E-002   2.8861783226709542E-002   2.8415696627012200E-002   2.7978560228196867E-002   2.7551499639693593E-002   2.7135501583608945E-002   2.6731418664422170E-002   2.6339974983758941E-002   2.5961772421729635E-002   2.5597297427856523E-002   2.5246928185237286E-002   2.4910942030700645E-002   2.4589523030954002E-002   2.4282769629955587E-002   2.3990702295971486E-002   2.3713271108115153E-002   2.3450363231794759E-002   2.3201810240629037E-002   2.2967395249259785E-002   2.2746859827307373E-002   2.2539910669680505E-002   2.2346226002734015E-002   2.2165461709508984E-002   2.1997257160598541E-002   2.1841240740143746E-002   2.1697035059134721E-002   2.1564261850610746E-002   2.1442546543539217E-002   2.1331522514115357E-002   2.1230835014960942E-002   2.1140144784204729E-002   2.1059131337690443E-002   2.0987495948572028E-002   2.0924964319313542E-002   2.0871288951610875E-002   2.0826251219996074E-002   2.0789663154881375E-002   2.0761368940561676E-002   2.0741246133240999E-002   2.0729206603503945E-002   2.0725197206846031E-002
   2.0773240781318175E-002   2.0786031393787083E-002   2.0807414923827688E-002   2.0837486289971969E-002   2.0876377402782711E-002   2.0924256185158922E-002   2.0981325305769960E-002   2.1047820620747233E-002   2.1124009318026406E-002   2.1210187758191293E-002   2.1306679005344758E-002   2.1413830041439541E-002   2.1532008657653035E-002   2.1661600016789222E-002   2.1803002881336273E-002   2.1956625502692485E-002   2.2122881168185282E-002   2.2302183403834486E-002   2.2494940832339147E-002   2.2701551687487512E-002   2.2922397988100141E-002   2.3157839376725886E-002   2.3408206630645349E-002   2.3673794855343194E-002   2.3954856373562646E-002   2.4251593326458161E-002   2.4564150007356018E-002   2.4892604953399042E-002   2.5236962826112160E-002   2.5597146118941063E-002   2.5972986738381297E-002   2.6364217515743579E-002   2.6770463719208330E-002   2.7191234650892786E-002   2.7625915431403570E-002   2.8073759094871822E-002   2.8533879140683248E-002   2.9005242713695603E-002   2.9486664612045820E-002   2.9976802349688768E-002   3.0474152528174921E-002   3.0977048797042488E-002   3.1483661702355552E-002   3.1992000735823686E-002   3.2499918899846145E-002   3.3005120093953705E-002   3.3505169602864815E-002   3.3997507923535848E-002   3.4479468106641216E-002   3.4948296706256210E-002   3.5401178330659561E-002   3.5835263668957416E-002   3.6247700735908883E-002   3.6635668935603528E-002   3.6996415399578472E-002   3.7327292913839558E-002   3.7625798620234657E-002   3.7889612569344658E-002   3.8116635123032039E-002   3.8305022162765170E-002   3.8453217061050704E-002   3.8559978421744183E-002   3.8624402691782356E-002   3.8645940889791397E-002   3.8624408880435696E-002   3.8559990838416817E-002   3.8453235781210085E-002   3.8305047291708284E-002   3.8116666787094487E-002   3.7889650905264541E-002   3.7625843763464784E-002   3.7327344986649282E-002   3.6996474499757508E-002   3.6635735126483333E-002   3.6247774038264388E-002   3.5835344055162033E-002   3.5401265721260330E-002   3.4948390968935379E-002   3.4479569057353693E-002   3.3997615329474616E-002   3.3505283186816975E-002   3.3005239539571712E-002   3.2500043857368884E-002   3.1992130827833087E-002   3.1483796529234012E-002   3.0977187941892852E-002   3.0474295561065037E-002   2.9976948831175139E-002   2.9486814096008562E-002   2.9005394749573834E-002   2.8534033275235293E-002   2.8073914873598928E-002   2.7626072399772654E-002   2.7191392355477469E-002   2.6770621708842868E-002   2.6364375342755719E-002   2.5973143959941609E-002   2.5597302298540039E-002   2.5237117535154660E-002   2.4892757772888904E-002   2.4564300529631867E-002   2.4251741156934570E-002   2.3955001132427739E-002   2.3673936179164096E-002   2.3408344173835655E-002   2.3157972812833997E-002   2.2922527010883487E-002   2.2701676011744637E-002   2.2495060194479558E-002   2.2302297562174181E-002   2.2122989902964310E-002   2.1956728615819140E-002   2.1803100195870284E-002   2.1661691376183814E-002   2.1532093924782073E-002   2.1413909097441567E-002   2.1306751748320061E-002   2.1210254101791243E-002   2.1124069189976127E-002   2.1047873961343284E-002   2.0981372066394076E-002   2.0924296326847197E-002   2.0876410894887107E-002   2.0837513108947610E-002   2.0807435052175562E-002   2.0786044819177323E-002   2.0773247495914356E-002   2.0768985856713027E-002
   2.0818584352427803E-002   2.0832157767454767E-002   2.0854850836664655E-002   2.0886765613451038E-002   2.0928043961962895E-002   2.0978866541909402E-002   2.1039451495760617E-002   2.1110052833038261E-002   2.1190958505564454E-002   2.1282488166903799E-002   2.1384990608817205E-002   2.1498840867357417E-002   2.1624436991283556E-002   2.1762196465754311E-002   2.1912552284769550E-002   2.2075948666554674E-002   2.2252836407004144E-002   2.2443667867400222E-002   2.2648891593882507E-002   2.2868946567549373E-002   2.3104256085619283E-002   2.3355221275778732E-002   2.3622214247722557E-002   2.3905570888008518E-002   2.4205583306789135E-002   2.4522491947877718E-002   2.4856477377126904E-002   2.5207651768472148E-002   2.5576050112500373E-002   2.5961621179381826E-002   2.6364218276837322E-002   2.6783589854926990E-002   2.7219370023279219E-002   2.7671069063347976E-002   2.8138064038743221E-002   2.8619589630841814E-002   2.9114729354768165E-002   2.9622407342157667E-002   3.0141380911228786E-002   3.0670234180485423E-002   3.1207373018230674E-002   3.1751021653841777E-002   3.2299221305762682E-002   3.2849831202305106E-002   3.3400532381202705E-002   3.3948834648925771E-002   3.4492087057678603E-002   3.5027492213850736E-002   3.5552124664305240E-002   3.6062953515137781E-002   3.6556869321622616E-002   3.7030715149716634E-002   3.7481321552166678E-002   3.7905545031200881E-002   3.8300309381998562E-002   3.8662649135285325E-002   3.8989754153502115E-002   3.9279014293943801E-002   3.9528062945162729E-002   3.9734818180246788E-002   3.9897520261114663E-002   4.0014764277810963E-002   4.0085526818330566E-002   4.0109185735737685E-002   4.0085532303527280E-002   4.0014775316039218E-002   3.9897536983262601E-002   3.9734840771059793E-002   3.9528091630332211E-002   3.9279049324446057E-002   3.8989795788328785E-002   3.8662697623779836E-002   3.8300364946978825E-002   3.7905607853916799E-002   3.7481391759928533E-002   3.7030792806762865E-002   3.6556954423501521E-002   3.6063045986587904E-002   3.5552224360359735E-002   3.5027598923684782E-002   3.4492200510579267E-002   3.3948954521696689E-002   3.3400658306319081E-002   3.2849962776197575E-002   3.2299358096716781E-002   3.1751163209134625E-002   3.1207518870270689E-002   3.0670383851857531E-002   3.0141533918664518E-002   2.9622563199538945E-002   2.9114887575331878E-002   2.8619749728780907E-002   2.8138225530402482E-002   2.7671231468195352E-002   2.7219532864802849E-002   2.6783752661570664E-002   2.6364380583048182E-002   2.5961782526807916E-002   2.5576210051344681E-002   2.5207809858985311E-002   2.4856633191203202E-002   2.4522645070707554E-002   2.4205733338515278E-002   2.3905717445331855E-002   2.3622356965404771E-002   2.3355359807993629E-002   2.3104390107110503E-002   2.2869075774559575E-002   2.2649015704827174E-002   2.2443786623268076E-002   2.2252949571475181E-002   2.2076056025835726E-002   2.1912653647156322E-002   2.1762291660936867E-002   2.1624525869419934E-002   2.1498923297946469E-002   2.1385066479407033E-002   2.1282557381676184E-002   2.1191020983838228E-002   2.1110108507735686E-002   2.1039500311880698E-002   2.0978908455050661E-002   2.0928078936935626E-002   2.0886793623015671E-002   2.0854871860428711E-002   2.0832171790956217E-002   2.0818591366427431E-002   2.0814069070847905E-002
   2.0865141467264970E-002   2.0879521630203776E-002   2.0903564378825672E-002   2.0937379248227327E-002   2.0981118544057736E-002   2.1034976294192997E-002   2.1099186892783058E-002   2.1174023430952437E-002   2.1259795707521789E-002   2.1356847912395688E-002   2.1465555974751457E-002   2.1586324567874758E-002   2.1719583762421640E-002   2.1865785320037516E-002   2.2025398619616832E-002   2.2198906209022942E-002   2.2386798975779998E-002   2.2589570931071744E-002   2.2807713602309279E-002   2.3041710030542565E-002   2.3292028370079480E-002   2.3559115088849919E-002   2.3843387769342660E-002   2.4145227511412046E-002   2.4464970940002991E-002   2.4802901823026951E-002   2.5159242307447111E-002   2.5534143785373067E-002   2.5927677406970974E-002   2.6339824263687792E-002   2.6770465274164299E-002   2.7219370816826315E-002   2.7686190168090288E-002   2.8170440823984632E-002   2.8671497806297845E-002   2.9188583082502793E-002   2.9720755261824112E-002   3.0266899767719610E-002   3.0825719729089929E-002   3.1395727877506385E-002   3.1975239783809659E-002   3.2562368812054966E-002   3.3155023208774469E-002   3.3750905777128720E-002   3.4347516604547178E-002   3.4942159314553856E-002   3.5531951294396770E-002   3.6113838306062893E-002   3.6684613816288070E-002   3.7240943279448525E-002   3.7779393475414418E-002   3.8296466843990712E-002   3.8788640571899319E-002   3.9252409982975196E-002   3.9684335565224806E-002   4.0081092749726530E-002   4.0439523348160082E-002   4.0756687371726191E-002   4.1029913808857385E-002   4.1256848846644628E-002   4.1435499993865935E-002   4.1564274611238093E-002   4.1642011481622276E-002   4.1668004258047599E-002   4.1642015902631571E-002   4.1564283560372201E-002   4.1435513678522377E-002   4.1256867561348956E-002   4.1029937916766762E-002   4.0756717282143529E-002   4.0439559491662828E-002   4.0081135552623465E-002   3.9684385425015629E-002   3.9252467246312775E-002   3.8788705516265891E-002   3.8296539663930776E-002   3.7779474273757975E-002   3.7241032063549145E-002   3.6684710498929365E-002   3.6113942710385150E-002   3.5532063161984241E-002   3.4942278315712227E-002   3.4347642349789126E-002   3.3751037828960384E-002   3.3155161093018359E-002   3.2562512028129896E-002   3.1975387813591050E-002   3.1395880192587079E-002   3.0825875796433703E-002   3.0267059053835060E-002   2.9720917235678899E-002   2.9188747217448397E-002   2.8671663581287379E-002   2.8170607724348991E-002   2.7686357686100182E-002   2.7219538452218743E-002   2.6770632534759458E-002   2.6339990666172430E-002   2.5927842477880551E-002   2.5534307062270081E-002   2.5159403340266989E-002   2.4803060175545399E-002   2.4465126191368564E-002   2.4145379257683494E-002   2.3843535624970904E-002   2.3559258688048024E-002   2.3292167368029977E-002   2.3041844104398853E-002   2.2807842451956547E-002   2.2589694279622145E-002   2.2386916569786520E-002   2.2199017818406361E-002   2.2025504037309882E-002   2.1865884361359698E-002   2.1719676264206792E-002   2.1586410387380940E-002   2.1465634988389336E-002   2.1356920014316282E-002   2.1259860808108082E-002   2.1174081455261125E-002   2.1099237778983083E-002   2.1035019992046496E-002   2.0981155013486595E-002   2.0937408458005277E-002   2.0903586305431404E-002   2.0879536256865696E-002   2.0865148783222390E-002   2.0860357870796643E-002
   2.0912811176325513E-002   2.0928020451555181E-002   2.0953450380767263E-002   2.0989218322090334E-002   2.1035487503323364E-002   2.1092465943316048E-002   2.1160405056554862E-002   2.1239597934858030E-002   2.1330377299084383E-002   2.1433113112952828E-002   2.1548209850466050E-002   2.1676103408038810E-002   2.1817257652244303E-002   2.1972160594097467E-002   2.2141320180970210E-002   2.2325259697550569E-002   2.2524512767681169E-002   2.2739617949406241E-002   2.2971112916085442E-002   2.3219528216969591E-002   2.3485380611162749E-002   2.3769165969420383E-002   2.4071351738786596E-002   2.4392368965721174E-002   2.4732603874224841E-002   2.5092388996710794E-002   2.5471993857236471E-002   2.5871615209528818E-002   2.6291366836430529E-002   2.6731268923486654E-002   2.7191237028005719E-002   2.7671070676781935E-002   2.8170441641535673E-002   2.8688881961816789E-002   2.9225771811367179E-002   2.9780327336356178E-002   3.0351588632822047E-002   3.0938408076008308E-002   3.1539439265462745E-002   3.2153126905474068E-002   3.2777697998570117E-002   3.3411154787459166E-002   3.4051269934193981E-002   3.4695584469974665E-002   3.5341409079833408E-002   3.5985829298145353E-002   3.6625715178238649E-002   3.7257735957543045E-002   3.7878380164775724E-002   3.8483981504902925E-002   3.9070750709912241E-002   3.9634813359583326E-002   4.0172253459498632E-002   4.0679162319082834E-002   4.1151692008916455E-002   4.1586112405356326E-002   4.1978870566030578E-002   4.2326650939139038E-002   4.2626434711623785E-002   4.2875556465632805E-002   4.3071756257344142E-002   4.3213225271527600E-002   4.3298643347510976E-002   4.3327206917698140E-002   4.3298646239330642E-002   4.3213231215276537E-002   4.3071765563693687E-002   4.2875569577422355E-002   4.2626452177960697E-002   4.2326673383848067E-002   4.1978898652658983E-002   4.1586146801099511E-002   4.1151733349788173E-002   4.0679211178427106E-002   4.0172310321557499E-002   3.9634878599338577E-002   3.9070824579862655E-002   3.8484064128874930E-002   3.7878471538347044E-002   3.7257835954228324E-002   3.6625823560274794E-002   3.5985945730538885E-002   3.5341533146293069E-002   3.4695715689436968E-002   3.4051407776831633E-002   3.3411298689310774E-002   3.2777847374208698E-002   3.2153281158408820E-002   3.1539597796216595E-002   3.0938570288013136E-002   3.0351753936415028E-002   2.9780495151242852E-002   2.9225941567945307E-002   2.8689053101740209E-002   2.8170613617851725E-002   2.7671242953912396E-002   2.7191409081770576E-002   2.6731440241301647E-002   2.6291536917748420E-002   2.5871783566544754E-002   2.5472160015840295E-002   2.5092552497643035E-002   2.4732764274377116E-002   2.4392525839513925E-002   2.4071504679555107E-002   2.3769314590742746E-002   2.3485524548069067E-002   2.3219667126979364E-002   2.2971246480029264E-002   2.2739745871997855E-002   2.2524634777816476E-002   2.2325375548321081E-002   2.2141429649389081E-002   2.1972263480546882E-002   2.1817353779662645E-002   2.1676192620874904E-002   2.1548292013435468E-002   2.1433188109637145E-002   2.1330445030418851E-002   2.1239658317555865E-002   2.1160458021517226E-002   2.1092511434076394E-002   2.1035525474572554E-002   2.0989248738325781E-002   2.0953473215104681E-002   2.0928035684736425E-002   2.0912818795949889E-002   2.0907751833376075E-002
   2.0961480960051175E-002   2.0977539904127904E-002   2.1004391495929788E-002   2.1042161249394734E-002   2.1091023783605126E-002   2.1151201717176472E-002   2.1222964237693563E-002   2.1306625339765083E-002   2.1402541724193501E-002   2.1511110349868391E-002   2.1632765629298237E-002   2.1767976258197815E-002   2.1917241669234817E-002   2.2081088099888194E-002   2.2260064264349934E-002   2.2454736619472761E-002   2.2665684214880917E-002   2.2893493117473910E-002   2.3138750400615974E-002   2.3402037688279149E-002   2.3683924244269947E-002   2.3984959596414522E-002   2.4305665685232337E-002   2.4646528526261331E-002   2.5007989374931577E-002   2.5390435382911407E-002   2.5794189735448270E-002   2.6219501260778336E-002   2.6666533505686364E-002   2.7135353276396865E-002   2.7625918651942846E-002   2.8138066488894088E-002   2.8671499452840473E-002   2.9225772634375306E-002   2.9800279836533786E-002   3.0394239657589427E-002   3.1006681538374801E-002   3.1636431996981552E-002   3.2282101335263352E-002   3.2942071169642186E-002   3.3614483210965523E-002   3.4297229791203504E-002   3.4987946704208892E-002   3.5684008988281071E-002   3.6382530323890522E-002   3.7080366744282563E-002   3.7774125353462383E-002   3.8460178709373731E-002   3.9134685454867028E-002   3.9793617661471076E-002   4.0432795188772942E-002   4.1047927155047945E-002   4.1634660364695007E-002   4.2188634249906716E-002   4.2705541566152729E-002   4.3181193745796521E-002   4.3611589478214981E-002   4.3992984769236548E-002   4.4321962462302321E-002   4.4595499005261628E-002   4.4811026146341547E-002   4.4966485262810212E-002   4.5060372180696667E-002   4.5091770637009455E-002   4.5060372957162483E-002   4.4966487045819681E-002   4.4811029382988553E-002   4.4595504334474095E-002   4.4321970679338393E-002   4.3992996782353674E-002   4.3611606260484444E-002   4.3181216285259824E-002   4.2705570817476404E-002   4.2188671090404271E-002   4.1634705557087474E-002   4.1047981318682092E-002   4.0432858780276103E-002   3.9793690965063543E-002   3.9134768581844892E-002   3.8460271605675646E-002   3.7774227813786761E-002   3.7080478430953280E-002   3.6382650788584804E-002   3.5684137694819054E-002   3.4988083050830628E-002   3.4297373131083518E-002   3.3614632870091352E-002   3.2942226461565513E-002   3.2282261572581551E-002   3.1636596499695281E-002   3.1006849639477939E-002   3.0394410706376416E-002   2.9800453200163387E-002   2.9225947698221032E-002   2.8671675620104187E-002   2.8138243179877384E-002   2.7626095303277129E-002   2.7135529340439717E-002   2.6666708450207927E-002   2.6219674568991765E-002   2.5794360906384838E-002   2.5390603932102979E-002   2.5008154835339001E-002   2.4646690449374131E-002   2.4305823642260516E-002   2.3985113179494335E-002   2.3684073067610927E-002   2.3402181389187593E-002   2.3138888640339798E-002   2.2893625581824485E-002   2.2665810614599081E-002   2.2454856690317927E-002   2.2260177766903224E-002   2.2081194819072180E-002   2.1917341413563586E-002   2.1768068858781211E-002   2.1632850938633208E-002   2.1511188240457491E-002   2.1402612087036487E-002   2.1306688082773136E-002   2.1223019284077455E-002   2.1151249003860128E-002   2.1091063259714188E-002   2.1042192874866607E-002   2.1004415240287070E-002   2.0977555745451539E-002   2.0961488884183407E-002   2.0956139040754562E-002
   2.1011026788732914E-002   2.1027953920608491E-002   2.1056258252662417E-002   2.1096073775589520E-002   2.1147586952775584E-002   2.1211035591457695E-002   2.1286707381931811E-002   2.1374938098105922E-002   2.1476109451558194E-002   2.1590646590299037E-002   2.1719015232658651E-002   2.1861718426121508E-002   2.2019292920486346E-002   2.2192305144413376E-002   2.2381346774187110E-002   2.2587029883320685E-002   2.2809981661397406E-002   2.3050838690224958E-002   2.3310240764907526E-002   2.3588824246767039E-002   2.3887214934128841E-002   2.4206020435812860E-002   2.4545822030756222E-002   2.4907165995600996E-002   2.5290554380437157E-002   2.5696435211402840E-002   2.6125192097822124E-002   2.6577133221443068E-002   2.7052479686715064E-002   2.7551353214677363E-002   2.8073763169866216E-002   2.8619592920812554E-002   2.9188585551475427E-002   2.9780328964708912E-002   3.0394240450957788E-002   3.1029550837035007E-002   3.1685288381935538E-002   3.2360262649520431E-002   3.3053048661118523E-002   3.3761971713201194E-002   3.4485093333686649E-002   3.5220198941269688E-002   3.5964787860372667E-002   3.6716066423719149E-002   3.7470944958191914E-002   3.8226039490166563E-002   3.8977679016513583E-002   3.9721919159931701E-002   4.0454562955967652E-002   4.1171189398807193E-002   4.1867190199843703E-002   4.2537814984980785E-002   4.3178224873629149E-002   4.3783554047403951E-002   4.4348978536621959E-002   4.4869791040091596E-002   4.5341480167023267E-002   4.5759812074807435E-002   4.6120912105172558E-002   4.6421343730867294E-002   4.6658181953772464E-002   4.6829078277701039E-002   4.6932314539847253E-002   4.6966843233253931E-002   4.6932312478576571E-002   4.6829074475707826E-002   4.6658177034634894E-002   4.6421338587397575E-002   4.6120907851713473E-002   4.5759809988912471E-002   4.5341481624448572E-002   4.4869797447334589E-002   4.4348991265205945E-002   4.3783574373750106E-002   4.3178253927724120E-002   4.2537853710209496E-002   4.1867239325395669E-002   4.1171249425068716E-002   4.0454634152368558E-002   3.9722001573900399E-002   3.8977772491568065E-002   3.8226143690770743E-002   3.7471059398850218E-002   3.6716190499855451E-002   3.5964920878808655E-002   3.5220340148530330E-002   3.4485241940855872E-002   3.3762126916567305E-002   3.3053209658331056E-002   3.2360428651387406E-002   3.1685458620295613E-002   3.1029724569335643E-002   3.0394416962262315E-002   2.9780507567860041E-002   2.9188765586080752E-002   2.8619773751614477E-002   2.8073944184935074E-002   2.7551533823741176E-002   2.7052659319824549E-002   2.6577311328074088E-002   2.6125368146442576E-002   2.5696608689476978E-002   2.5290724794804799E-002   2.4907332873148922E-002   2.4545984919290290E-002   2.4206178905038546E-002   2.3887368576652981E-002   2.3588972679041618E-002   2.3310383628046896E-002   2.3050975650639620E-002   2.2810112411200033E-002   2.2587154140473131E-002   2.2381464282370245E-002   2.2192415672614856E-002   2.2019396262313709E-002   2.1861814398859931E-002   2.1719103676102993E-002   2.1590727365398629E-002   2.1476182438919852E-002   2.1375003196405590E-002   2.1286764506287956E-002   2.1211084671820330E-002   2.1147627932383690E-002   2.1096106609546448E-002   2.1056282906674509E-002   2.1027970369926274E-002   2.1011035017327536E-002   2.1005396141319205E-002
   2.1061313299871175E-002   2.1079124870381841E-002   2.1108909229494804E-002   2.1150809150279004E-002   2.1205023372412663E-002   2.1271805454323264E-002   2.1351462287677942E-002   2.1444352267324170E-002   2.1550883108590862E-002   2.1671509302839218E-002   2.1806729201301063E-002   2.1957081716544962E-002   2.2123142630339251E-002   2.2305520496193533E-002   2.2504852124400659E-002   2.2721797636904163E-002   2.2957035078706278E-002   2.3211254571731420E-002   2.3485151995991042E-002   2.3779422181486848E-002   2.4094751592483810E-002   2.4431810483547894E-002   2.4791244504078085E-002   2.5173665725019594E-002   2.5579643058147614E-002   2.6009692034973390E-002   2.6464263909286245E-002   2.6943734045099314E-002   2.7448389550996554E-002   2.7978416123486317E-002   2.8533884067095928E-002   2.9114733468976396E-002   2.9720758522327338E-002   3.0351591017742981E-002   3.1006683056393543E-002   3.1685289085416429E-002   3.2386447415248591E-002   3.3108961451492301E-002   3.3851380959954346E-002   3.4611983781226943E-002   3.5388758517697544E-002   3.6179388826820313E-002   3.6981240064071975E-002   3.7791349120257313E-002   3.8606418382867137E-002   3.9422814811726527E-002   4.0236575146898095E-002   4.1043418253764126E-002   4.1838765549018324E-002   4.2617770335243270E-002   4.3375356694870887E-002   4.4106268351615172E-002   4.4805127595447580E-002   4.5466503985036995E-002   4.6084992092917318E-002   4.6655297053839438E-002   4.7172326135313913E-002   4.7631284001733006E-002   4.8027768831504801E-002   4.8357866021637344E-002   4.8618235932268203E-002   4.8806192038222077E-002   4.8919766007391903E-002   4.8957756636821302E-002   4.8919760238261396E-002   4.8806180935152196E-002   4.8618220342578615E-002   4.8357847160259169E-002   4.8027748218082360E-002   4.7631263383613523E-002   4.7172307401524179E-002   4.6655282145555650E-002   4.6084982915904252E-002   4.5466502329092252E-002   4.4805135065095349E-002   4.4106286311238467E-002   4.3375386230251334E-002   4.2617812232201457E-002   4.1838820288621452E-002   4.1043486022486822E-002   4.0236655859267376E-002   3.9422908142408002E-002   3.8606523804883906E-002   3.7791465946069351E-002   3.6981367486546970E-002   3.6179525957635447E-002   3.5388904421347581E-002   3.4612137503497037E-002   3.3851541550369228E-002   3.3109127979817556E-002   3.2386618982555911E-002   3.1685464830515077E-002   3.1006862158580152E-002   3.0351772696848724E-002   2.9720942036974948E-002   2.9114918113830938E-002   2.8534069169732879E-002   2.7978601041333682E-002   2.7448573668652589E-002   2.6943916772195275E-002   2.6464444678959233E-002   2.6009870302938557E-002   2.5579818302307992E-002   2.5173837445521870E-002   2.4791412223708210E-002   2.4431973748357191E-002   2.4094909972540338E-002   2.3779575271655532E-002   2.3485299416657515E-002   2.3211395969397502E-002   2.2957170126399022E-002   2.2721926034354790E-002   2.2504973597964384E-002   2.2305634798495882E-002   2.2123249539648639E-002   2.1957181035884669E-002   2.1806820757325807E-002   2.1671592944512010E-002   2.1550958705704379E-002   2.1444419708917074E-002   2.1351521480400586E-002   2.1271856320808850E-002   2.1205065849709243E-002   2.1150843188395222E-002   2.1108934790107680E-002   2.1079141925749081E-002   2.1061321831983389E-002   2.1055388527266652E-002
   2.1112194097904359E-002   2.1130903860911647E-002   2.1162191359143923E-002   2.1206208434632182E-002   2.1263166509099950E-002   2.1333335421708097E-002   2.1417041924895221E-002   2.1514667831303465E-002   2.1626647803556238E-002   2.1753466777589252E-002   2.1895657009322708E-002   2.2053794733677683E-002   2.2228496424245028E-002   2.2420414641255673E-002   2.2630233454807757E-002   2.2858663429496537E-002   2.3106436155575245E-002   2.3374298310451836E-002   2.3663005232598736E-002   2.3973313987726633E-002   2.4305975904268608E-002   2.4661728551778908E-002   2.5041287131749398E-002   2.5445335245618445E-002   2.5874514999499471E-002   2.6329416399606769E-002   2.6810565986863745E-002   2.7318414654291901E-002   2.7853324587277777E-002   2.8415555265757751E-002   2.9005248470111922E-002   2.9622412240802715E-002   3.0266903757503062E-002   3.0938411128816200E-002   3.1636434120943489E-002   3.2360263904909543E-002   3.3108961968878893E-002   3.3881338425611633E-002   3.4675930045021862E-002   3.5490978456527780E-002   3.6324409092196884E-002   3.7173811574681540E-002   3.8036422387126158E-002   3.8909110787853710E-002   3.9788369042136638E-002   4.0670308127829430E-002   4.1550660122287301E-002   4.2424788486327539E-002   4.3287707418770055E-002   4.4134111354041113E-002   4.4958415506749561E-002   4.5754808121840553E-002   4.6517314757714270E-002   4.7239874504997212E-002   4.7916427522347621E-002   4.8541012658035856E-002   4.9107873240203180E-002   4.9611568394590196E-002   5.0047086539812817E-002   5.0409957087907291E-002   5.0696355924144704E-002   5.0903200037921349E-002   5.1028226794967928E-002   5.1070053819852919E-002   5.1028216293755070E-002   5.0903179613185912E-002   5.0696326701420276E-002   5.0409920682935282E-002   5.0047044977050655E-002   4.9611524007322098E-002   4.9107828558770127E-002   4.8540970293221762E-002   4.7916390050928327E-002   4.7239844363916435E-002   4.6517294152374419E-002   4.5754798952692396E-002   4.4958419316853342E-002   4.4134129298679076E-002   4.3287740256639159E-002   4.2424836590447539E-002   4.1550723507622393E-002   4.0670386491818852E-002   3.9788461813905530E-002   3.8909217181837992E-002   3.8036541457161684E-002   3.7173942265210085E-002   3.6324550284036645E-002   3.5491129005537969E-002   3.4676088812858219E-002   3.3881504302537710E-002   3.3109133889206971E-002   3.2360440856067048E-002   3.1636615147393569E-002   3.0938595332126943E-002   3.0267090293793444E-002   2.9622600316637410E-002   2.9005437337712141E-002   2.8415744218176088E-002   2.7853512953977727E-002   2.7318601797393878E-002   2.6810751298176467E-002   2.6329599298457611E-002   2.5874694931305803E-002   2.5445511681098473E-002   2.5041459566649136E-002   2.4661896506984908E-002   2.4306138926179367E-002   2.3973471648764753E-002   2.3663157131758830E-002   2.3374444073793708E-002   2.3106575436587673E-002   2.2858795909273075E-002   2.2630358841992396E-002   2.2420532671732583E-002   2.2228606860562550E-002   2.2053897364211920E-002   2.1895751647200094E-002   2.1753553259399695E-002   2.1626725987898748E-002   2.1514737597213982E-002   2.1417103170211626E-002   2.1333388061430161E-002   2.1263210473802103E-002   2.1206243668984829E-002   2.1162217820594804E-002   2.1130921518572744E-002   2.1112202931682398E-002   2.1105970633769931E-002
   2.1163512179972085E-002   2.1183131167696004E-002   2.1215940365350502E-002   2.1262100947620967E-002   2.1321837392341669E-002   2.1395436308849596E-002   2.1483244921747989E-002   2.1585669203062395E-002   2.1703171644535682E-002   2.1836268660718385E-002   2.1985527612552149E-002   2.2151563440285484E-002   2.2335034893752392E-002   2.2536640347217547E-002   2.2757113185061635E-002   2.2997216743447652E-002   2.3257738791661434E-002   2.3539485534938016E-002   2.3843275118145595E-002   2.4169930606580767E-002   2.4520272416220675E-002   2.4895110160989883E-002   2.5295233878877513E-002   2.5721404592083514E-002   2.6174344148867247E-002   2.6654724286622671E-002   2.7163154847285969E-002   2.7700171068092545E-002   2.8266219863823744E-002   2.8861645012246671E-002   2.9486671154070370E-002   3.0141386524442395E-002   3.0825724347194466E-002   3.1539442848401655E-002   3.2282103885141758E-002   3.3053050241270962E-002   3.3851381716706354E-002   3.4675930231358308E-002   3.5525234279405959E-002   3.6397513202309446E-002   3.7290641896180150E-002   3.8202126725375866E-002   3.9129083572299259E-002   4.0068219105023631E-002   4.1015816480648157E-002   4.1967726814309866E-002   4.2919367823044278E-002   4.3865731092016649E-002   4.4801399399629085E-002   4.5720575467995385E-002   4.6617123364225507E-002   4.7484623550700183E-002   4.8316442251072220E-002   4.9105815344440994E-002   4.9845946407950537E-002   5.0530117792887443E-002   5.1151812753802810E-002   5.1704845691904311E-002   5.2183496590546323E-002   5.2582644809532293E-002   5.2897896686363501E-002   5.3125700994527007E-002   5.3263446345216729E-002   5.3309535163504777E-002   5.3263429933540961E-002   5.3125668922832353E-002   5.2897850419920046E-002   5.2582586453748789E-002   5.2183428787049804E-002   5.1704771491081075E-002   5.1151735472026914E-002   5.0530040863298493E-002   4.9845873233589078E-002   4.9105749161868960E-002   4.8316386011404693E-002   4.7484579823388287E-002   4.6617094267099854E-002   4.5720562625146538E-002   4.4801403926799953E-002   4.3865753607439224E-002   4.2919408480187368E-002   4.1967785351914824E-002   4.1015892284786852E-002   4.0068311277746863E-002   3.9129191001734662E-002   3.8202248152814589E-002   3.7290775976652618E-002   3.6397658556261946E-002   3.5525389534216884E-002   3.4676094052458251E-002   3.3851552828903002E-002   3.3053227441479552E-002   3.2282286048074239E-002   3.1539628926894658E-002   3.0825913368800559E-002   3.0141577585725485E-002   2.9486863413788384E-002   2.8861837684321108E-002   2.8266412210722160E-002   2.7700362395010648E-002   2.7163344497322842E-002   2.6654911636998204E-002   2.6174528608131766E-002   2.5721585598208051E-002   2.5295410898080749E-002   2.4895282687146015E-002   2.4520439970694186E-002   2.4170092738344084E-002   2.3843431404050153E-002   2.3539635580026124E-002   2.3257882229424185E-002   2.2997353235952481E-002   2.2757242422891656E-002   2.2536762049183087E-002   2.2335148806353289E-002   2.2151669336919907E-002   2.1985625292483747E-002   2.1836357947827938E-002   2.1703252385895631E-002   2.1585741267382160E-002   2.1483308197744955E-002   2.1395490703604501E-002   2.1321882829698366E-002   2.1262137366688871E-002   2.1215967719164258E-002   2.1183149422080723E-002   2.1163521312654979E-002   2.1156986363335472E-002
   2.1215100489988446E-002   2.1235636795209022E-002   2.1269981335186757E-002   2.1318304854061353E-002   2.1380845222510651E-002   2.1457906262046016E-002   2.1549856223712530E-002   2.1657125914286462E-002   2.1780206461837565E-002   2.1919646711431491E-002   2.2076050240765054E-002   2.2250071984613047E-002   2.2442414456057654E-002   2.2653823551487116E-002   2.2885083925188159E-002   2.3137013917896989E-002   2.3410460021783333E-002   2.3706290861875541E-002   2.4025390670740533E-002   2.4368652229156428E-002   2.4736969240410515E-002   2.5131228099589179E-002   2.5552299011701505E-002   2.6001026403651879E-002   2.6478218564996915E-002   2.6984636441271890E-002   2.7520981491830285E-002   2.8087882512251635E-002   2.8685881310428547E-002   2.9315417116856781E-002   2.9976809605322067E-002   3.0670240402515186E-002   3.1395732977005923E-002   3.2153130822723516E-002   3.2942073893033261E-002   3.3761973301889216E-002   3.4611984390994784E-002   3.5490978367932226E-002   3.6397512849759575E-002   3.7329801797593959E-002   3.8285685496040472E-002   3.9262601410805044E-002   4.0257556940699775E-002   4.1267105257915930E-002   4.2287325594317964E-002   4.3313809473739688E-002   4.4341654503954782E-002   4.5365467420751239E-002   4.6379378113055501E-002   4.7377066341949103E-002   4.8351802781794052E-002   4.9296505835223464E-002   5.0203815374547302E-002   5.1066184104270523E-002   5.1875986588235216E-002   5.2625645116745307E-002   5.3307770503765478E-002   5.3915314638076646E-002   5.4441730247519776E-002   5.4881132003966937E-002   5.5228451972395447E-002   5.5479581686636026E-002   5.5631493003006828E-002   5.5682330475601872E-002   5.5631469354676055E-002   5.5479535350636898E-002   5.5228384822175500E-002   5.4881046733310387E-002   5.4441630239822889E-002   5.3915203806039098E-002   5.3307653109801283E-002   5.2625525585150296E-002   5.1875869320017025E-002   5.1066073304655284E-002   5.0203714901683218E-002   4.9296419076684424E-002   4.8351732563315507E-002   4.7377014870553166E-002   4.6379346954473842E-002   4.5365457508956819E-002   4.4341666178790928E-002   4.3313842541206675E-002   4.2287379403146780E-002   4.1267178785690077E-002   4.0257648882988183E-002   3.9262710267486171E-002   3.8285809650115209E-002   3.7329939583145053E-002   3.6397662607147351E-002   3.5491138485659157E-002   3.4612153334800416E-002   3.3762149632474515E-002   3.2942256274333281E-002   3.2153318022868187E-002   3.1395923864081188E-002   3.0670433937028188E-002   2.9977004830957700E-002   2.9315613150750826E-002   2.8686077333827019E-002   2.8088077762109760E-002   2.7521175253646037E-002   2.6984828043254083E-002   2.6478407373531920E-002   2.6001211819947637E-002   2.5552480469440957E-002   2.5131405063406637E-002   2.4737141205004202E-002   2.4368818718861245E-002   2.4025551239401942E-002   2.3706445092885050E-002   2.3410607528156841E-002   2.3137154342298349E-002   2.2885216939821252E-002   2.2653948857800657E-002   2.2442531784227161E-002   2.2250181092784170E-002   2.2076150914060708E-002   2.1919738760741860E-002   2.1780289722426498E-002   2.1657200244259281E-002   2.1549921502398990E-002   2.1457962388357534E-002   2.1380892113333275E-002   2.1318342442745056E-002   2.1270009570188288E-002   2.1235655638939501E-002   2.1215109917909120E-002   2.1208269637580476E-002
   2.1266782601774871E-002   2.1288241169686049E-002   2.1324129427877137E-002   2.1374627895767058E-002   2.1439988130500208E-002   2.1520531552781573E-002   2.1616647927885441E-002   2.1728793495169214E-002   2.1857488738238659E-002   2.2003315786842552E-002   2.2166915440593848E-002   2.2348983803667871E-002   2.2550268518641736E-002   2.2771564586514283E-002   2.3013709758563112E-002   2.3277579483914637E-002   2.3564081394366505E-002   2.3874149304936358E-002   2.4208736704631671E-002   2.4568809706850187E-002   2.4955339422436947E-002   2.5369293710560282E-002   2.5811628253070838E-002   2.6283276886776962E-002   2.6785141115101267E-002   2.7318078706025938E-002   2.7882891267459544E-002   2.8480310674853855E-002   2.9110984210168403E-002   2.9775458257742790E-002   3.0474160393506856E-002   3.1207379702087170E-002   3.1975245165196502E-002   3.2777701988113965E-002   3.3614485773142480E-002   3.4485094513492423E-002   3.5388758471137267E-002   3.6324408119507344E-002   3.7290640476197977E-002   3.8285684319630572E-002   3.9307364971892765E-002   4.0353069530823800E-002   4.1419713639564745E-002   4.2503711082893032E-002   4.3600947689430215E-002   4.4706761191969958E-002   4.5815928851517973E-002   4.6922664781871203E-002   4.8020629016643966E-002   4.9102950429821969E-002   5.0162265634236612E-002   5.1190775905884438E-002   5.2180323966612104E-002   5.3122492041904473E-002   5.4008721929168925E-002   5.4830456810522045E-002   5.5579303198027674E-002   5.6247209734764006E-002   5.6826657687040830E-002   5.7310856025036952E-002   5.7693932248265085E-002   5.7971108865561199E-002   5.8138854988145514E-002   5.8195003080054007E-002   5.8138822640455431E-002   5.7971045378652268E-002   5.7693839979403250E-002   5.7310738365123307E-002   5.6826518897932013E-002   5.6247054750016519E-002   5.5579137399947617E-002   5.4830285797187885E-002   5.4008551284777974E-002   5.3122327122552229E-002   5.2180169711699545E-002   5.1190636683017696E-002   5.0162145122948691E-002   4.9102851546855820E-002   4.8020553882994844E-002   4.6922614729381092E-002   4.5815904464650996E-002   4.4706762378602355E-002   4.3600973773199880E-002   4.2503760908988955E-002   4.1419785685854256E-002   4.0353162016894949E-002   3.9307475959822119E-002   3.8285811801896601E-002   3.7290782447933268E-002   3.6324562634005748E-002   3.5388923679027871E-002   3.4485268687141399E-002   3.3614667318594055E-002   3.2777889447242116E-002   3.1975437210765803E-002   3.1207575128197978E-002   3.0474358103519273E-002   2.9775657251320670E-002   2.9111183570628252E-002   2.8480509557591262E-002   2.7883088889884614E-002   2.7318274339178484E-002   2.6785334076933388E-002   2.6283466536973010E-002   2.5811813989209762E-002   2.5369474965397251E-002   2.4955515662077880E-002   2.4568980429604575E-002   2.4208901440348686E-002   2.3874307614652365E-002   2.3564232870116671E-002   2.3277723748585607E-002   2.3013846465687965E-002   2.2771693419934669E-002   2.2550389191985102E-002   2.2349096059609955E-002   2.2167019049897572E-002   2.2003410547183622E-002   2.1857574472844858E-002   2.1728870051314342E-002   2.1616715175289437E-002   2.1520589381975545E-002   2.1440036451218596E-002   2.1374666635429470E-002   2.1324158530219378E-002   2.1288260593594240E-002   2.1266792320368513E-002   2.1259645077144961E-002
   2.1318373530359373E-002   2.1340755962934419E-002   2.1378190719444124E-002   2.1430868265319394E-002   2.1499054088847221E-002   2.1583087534334737E-002   2.1683380293058271E-002   2.1800414545709378E-002   2.1934740748934489E-002   2.2086975057551368E-002   2.2257796373075039E-002   2.2447943008235268E-002   2.2658208956128547E-002   2.2889439751405904E-002   2.3142527909314835E-002   2.3418407926327371E-002   2.3718050823312329E-002   2.4042458208544209E-002   2.4392655833061851E-002   2.4769686604760491E-002   2.5174603019875723E-002   2.5608458960954563E-002   2.6072300798784268E-002   2.6567157721894281E-002   2.7094031201089133E-002   2.7653883478107828E-002   2.8247624947293465E-002   2.8876100277822898E-002   2.9540073102813820E-002   3.0240209082343622E-002   3.0977057132652659E-002   3.1751028606904090E-002   3.2562374217889420E-002   3.3411158514584920E-002   3.4297231767232920E-002   3.5220199184044183E-002   3.6179387480075154E-002   3.7173808946980275E-002   3.8202123330464050E-002   3.9262598006935802E-002   4.0353067156053177E-002   4.1470890843556596E-002   4.2612915150455587E-002   4.3775434702771183E-002   4.4954159166115747E-002   4.6144185470949943E-002   4.7339977730887328E-002   4.8535357013201663E-002   4.9723503320312945E-002   5.0896972336796770E-002   5.2047729664856761E-002   5.3167205365196764E-002   5.4246371566073377E-002   5.5275845603397628E-002   5.6246020498798184E-002   5.7147223467798727E-002   5.7969901509546659E-002   5.8704830963554215E-002   5.9343345326631547E-002   5.9877572822713443E-002   6.0300672549899015E-002   6.0607055932251720E-002   6.0792579161158718E-002   6.0854692753041138E-002   6.0792536527881642E-002   6.0606972165219868E-002   6.0300550574222213E-002   5.9877416846567819E-002   5.9343160640284401E-002   5.8704623693796358E-002   5.7969678345715397E-002   5.7146991376342625E-002   5.6245786442642991E-002   5.5275616280530661E-002   5.4246153179188183E-002   5.3167003431334764E-002   5.2047548871036034E-002   5.0896816444774895E-002   4.9723375120923473E-002   4.8535258328130298E-002   4.7339909457344426E-002   4.6144147662557360E-002   4.4954151141627194E-002   4.3775455173173661E-002   4.2612962354699482E-002   4.1470962683680224E-002   4.0353161323730902E-002   3.9262712095304748E-002   3.8202254927216323E-002   3.7173955706869141E-002   3.6179547176928679E-002   3.5220369743929260E-002   3.4297411285472923E-002   3.3411345259896273E-002   3.2562566627023254E-002   3.1751225272958400E-002   3.0977256789776229E-002   3.0240410588995272E-002   2.9540275425164471E-002   2.8876302474357209E-002   2.8247826155223307E-002   2.7654082901865929E-002   2.7094228102926426E-002   2.6567351414445932E-002   2.6072490639379019E-002   2.5608644347401340E-002   2.5174783387454061E-002   2.4769861424153519E-002   2.4392824608993786E-002   2.4042620478911869E-002   2.3718206158629240E-002   2.3418555929327633E-002   2.3142668214592026E-002   2.2889572024989240E-002   2.2658332894924881E-002   2.2448058339290637E-002   2.2257902852633404E-002   2.2087072469910030E-002   2.1934828905115208E-002   2.1800493281980523E-002   2.1683449469356297E-002   2.1583147032642226E-002   2.1499103811589943E-002   2.1430908133846148E-002   2.1378220672651001E-002   2.1340775956089623E-002   2.1318383534176866E-002   2.1310928808820417E-002
   2.1369680668808778E-002   2.1392985044574646E-002   2.1431963180652009E-002   2.1486815620030967E-002   2.1557821972055323E-002   2.1645339758809525E-002   2.1749802923786619E-002   2.1871719997079941E-002   2.2011671910329995E-002   2.2170309453732183E-002   2.2348350366524734E-002   2.2546576051453791E-002   2.2765827902653270E-002   2.3007003235049027E-002   2.3271050801643104E-002   2.3558965882667603E-002   2.3871784927407911E-002   2.4210579725243136E-002   2.4576451076874482E-002   2.4970521929522770E-002   2.5393929930768170E-002   2.5847819344363147E-002   2.6333332257469842E-002   2.6851598992098245E-002   2.7403727613898369E-002   2.7990792408920488E-002   2.8613821173831600E-002   2.9273781138130648E-002   2.9971563309496099E-002   3.0707965007633672E-002   3.1483670330842081E-002   3.2299228286873559E-002   3.3155028320262223E-002   3.4051272987444516E-002   3.4987947574140831E-002   3.5964786521496442E-002   3.6981236631902767E-002   3.8036417163505191E-002   3.9129077092480154E-002   4.0257550019342732E-002   4.1419707412109992E-002   4.2612911105792496E-002   4.3833966205612446E-002   4.5079075764894963E-002   4.6343798827831399E-002   4.7623013649712644E-002   4.8910888147127594E-002   5.0200859905796355E-002   5.1485628398328848E-002   5.2757162438609825E-002   5.4006726298284076E-002   5.5224928271791450E-002   5.6401795694270278E-002   5.7526880344974447E-002   5.8589397633794990E-002   5.9578401795767288E-002   6.0482997372467415E-002   6.1292584489848340E-002   6.1997131931903253E-002   6.2587468011924066E-002   6.3055575201699757E-002   6.3394871018741361E-002   6.3600455547166118E-002   6.3669305944552237E-002   6.3600400928676484E-002   6.3394763621335670E-002   6.3055418613194941E-002   6.2587267392552312E-002   6.1996893766935839E-002   6.1292316288370556E-002   6.0482707332858814E-002   5.9578098459131701E-002   5.8589089545235756E-002   5.7526575739734902E-002   5.6401502222078688E-002   5.5224652768947009E-002   5.4006474613542549E-002   5.2756939315917836E-002   5.1485437416815279E-002   5.0200703474966225E-002   4.8910767552783285E-002   4.7622929143768367E-002   4.6343749753071088E-002   4.5079060704131382E-002   4.3833983143909606E-002   4.2612957594584305E-002   4.1419780725192201E-002   4.0257647292669910E-002   3.9129195442174518E-002   3.8036553779128658E-002   3.6981388844523309E-002   3.5964951848132157E-002   3.4988123741635312E-002   3.4051457939672299E-002   3.3155220212834194E-002   3.2299425473324470E-002   3.1483871343780924E-002   3.0708168537666766E-002   2.9971768184015833E-002   2.9273986301390505E-002   2.8614025669155465E-002   2.7990995363446302E-002   2.7403928225933464E-002   2.6851796520951658E-002   2.6333526015504104E-002   2.5848008690950105E-002   2.5394114267819814E-002   2.4970700698280637E-002   2.4576623755668277E-002   2.4210745827962347E-002   2.3871944002464739E-002   2.3559117512263490E-002   2.3271194601183817E-002   2.3007138852584399E-002   2.2765955018247568E-002   2.2546694376421435E-002   2.2348459642493022E-002   2.2170409451517853E-002   2.2011762428638688E-002   2.1871800861057007E-002   2.1749873983462786E-002   2.1645400887496436E-002   2.1557873064752583E-002   2.1486856591909301E-002   2.1431993965675512E-002   2.1393005594320533E-002   2.1369690951534896E-002   2.1361929397249412E-002
   2.1420504846147506E-002   2.1444725558262608E-002   2.1485237783798326E-002   2.1542252231660234E-002   2.1616062761699886E-002   2.1707045250226740E-002   2.1815656124192343E-002   2.1942430558977887E-002   2.2087980333844244E-002   2.2252991338302549E-002   2.2438220721877178E-002   2.2644493678876731E-002   2.2872699858745963E-002   2.3123789391195779E-002   2.3398768513421171E-002   2.3698694784108281E-002   2.4024671865360930E-002   2.4377843848868725E-002   2.4759389096285361E-002   2.5170513555542742E-002   2.5612443504318579E-002   2.6086417658704040E-002   2.6593678568884314E-002   2.7135463203990493E-002   2.7712992604953902E-002   2.8327460457149605E-002   2.8980020404151940E-002   2.9671771890850525E-002   3.0403744290002359E-002   3.1176879033423453E-002   3.1992009440885719E-002   3.2849837920888657E-002   3.3750910213288875E-002   3.4695586360371317E-002   3.5684008136418234E-002   3.6716062741392906E-002   3.7791342675313831E-002   3.8909101856613074E-002   4.0068208226902900E-002   4.1267093288931814E-002   4.2503699243910939E-002   4.3775424617681899E-002   4.5079069483455747E-002   4.6410781599308247E-002   4.7766004988407031E-002   4.9139432718380643E-002   5.0524965914020954E-002   5.1915681401523417E-002   5.3303810865397983E-002   5.4680735014383308E-002   5.6036996976327136E-002   5.7362339895996428E-002   5.8645774350631542E-002   5.9875681516684438E-002   6.1039957758741589E-002   6.2126205193780835E-002   6.3121970572603339E-002   6.4015031377713458E-002   6.4793723392031946E-002   6.5447298399754009E-002   6.5966294662801198E-002   6.6342897195896547E-002   6.6571260765610374E-002   6.6647767308053260E-002   6.6571192352488207E-002   6.6342762605714575E-002   6.5966098255126282E-002   6.5447046441116971E-002   6.4793423751793422E-002   6.4014693158983796E-002   6.3121603704680590E-002   6.2125820013285787E-002   6.1039564604272588E-002   5.9875290357201891E-002   5.8645394462193884E-002   5.7361979596132297E-002   5.6036663421023834E-002   5.4680434059574429E-002   5.3303546992624483E-002   5.1915457705581113E-002   5.0524784148427739E-002   4.9139293392213040E-002   4.7765907505613388E-002   4.6410724429395055E-002   4.5079050350930717E-002   4.3775440697195328E-002   4.2503747348822160E-002   4.1267170042947769E-002   4.0068310211182338E-002   3.8909225727874641E-002   3.7791485253580219E-002   3.6716221068673033E-002   3.5684179509629647E-002   3.4695768343038100E-002   3.3751100631048990E-002   3.2850034845735669E-002   3.1992211168529072E-002   3.1177084057362033E-002   3.0403951275030337E-002   2.9671979647874051E-002   2.8980227867468098E-002   2.8327666664762635E-002   2.7713196682083191E-002   2.7135664349645393E-002   2.6593876045215292E-002   2.6086610782759593E-002   2.5612631641814328E-002   2.5170696116261711E-002   2.4759565530759892E-002   2.4378013646033883E-002   2.4024834550910860E-002   2.3698849919327161E-002   2.3398915694298760E-002   2.3123928247673536E-002   2.2872830053973895E-002   2.2644614908393763E-002   2.2438332712658344E-002   2.2253093847644883E-002   2.2088073148088885E-002   2.1942513492087957E-002   2.1815729016224479E-002   2.1707107965747485E-002   2.1616115188207274E-002   2.1542294278074952E-002   2.1485269379088661E-002   2.1444746650263115E-002   2.1420515400623574E-002   2.1412448896751059E-002
   2.1470641500058209E-002   2.1495769115540159E-002   2.1537799731923813E-002   2.1596954265348484E-002   2.1673540889672542E-002   2.1767953926915121E-002   2.1880672414633155E-002   2.2012258346014297E-002   2.2163354577771410E-002   2.2334682400285775E-002   2.2527038763800394E-002   2.2741293153714932E-002   2.2978384107051327E-002   2.3239315360779670E-002   2.3525151620719942E-002   2.3837013936932328E-002   2.4176074667604866E-002   2.4543552008130156E-002   2.4940704054973600E-002   2.5368822364670258E-002   2.5829224956390829E-002   2.6323248691498838E-002   2.6852240944873818E-002   2.7417550460024011E-002   2.8020517252795536E-002   2.8662461396670936E-002   2.9344670486503584E-002   3.0068385537920433E-002   3.0834785038237614E-002   3.1644966824318117E-002   3.2499927427315674E-002   3.3400538498897188E-002   3.4347519924580690E-002   3.5341409244121311E-002   3.6382527043056744E-002   3.7470938058879313E-002   3.8606407862463867E-002   3.9788355129065436E-002   4.1015799697397201E-002   4.2287306819374863E-002   4.3600928213292825E-002   4.4954140735706166E-002   4.6343783673070328E-002   4.7765995824576461E-002   4.9216153719708576E-002   5.0688812523893234E-002   5.2177651487122362E-002   5.3675426248033585E-002   5.5173930979954031E-002   5.6663974290690367E-002   5.8135373948137094E-002   5.9576976806670123E-002   6.0976711568091056E-002   6.2321682940643656E-002   6.3598315994040561E-002   6.4792558641764059E-002   6.5890147835210341E-002   6.6876940958033385E-002   6.7739307986308520E-002   6.8464572413560576E-002   6.9041480227407734E-002   6.9460667272045987E-002   6.9715087637153908E-002   6.9800361559213292E-002   6.9715003509922491E-002   6.9460501714475473E-002   6.9041238495697294E-002   6.8464262058044539E-002   6.7738938478398542E-002   6.6876523237686364E-002   6.5889693813349276E-002   6.4792080693526752E-002   6.3597826475093863E-002   6.2321193751349618E-002   6.0976233781376364E-002   5.9576520367344260E-002   5.8134947445596191E-002   5.6663584803744858E-002   5.5173583991261266E-002   5.3675125625152191E-002   5.2177399526456843E-002   5.0688610052165663E-002   4.9216000245088591E-002   4.7765889726731590E-002   4.6343722418909855E-002   4.4954121106173729E-002   4.3600946526634488E-002   4.2287359137920942E-002   4.1015882007763474E-002   3.9788463489291132E-002   3.8606538513376018E-002   3.7471087500380564E-002   3.6382692078704940E-002   3.5341586999120725E-002   3.4347707843133575E-002   3.3400734326900321E-002   3.2500129185837723E-002   3.1645172778389401E-002   3.0834993664433406E-002   3.0068595493184185E-002   2.9344880579745755E-002   2.8662670563946658E-002   2.8020724536323566E-002   2.7417754990944881E-002   2.6852441929426055E-002   2.6323445400181816E-002   2.5829416715647729E-002   2.5369008550635560E-002   2.4940884088865529E-002   2.4543725352915685E-002   2.4176240825614183E-002   2.3837172448147856E-002   2.3525302061509771E-002   2.3239457342887078E-002   2.2978517276691344E-002   2.2741417190665691E-002   2.2527153380411766E-002   2.2334787340360013E-002   2.2163449615299653E-002   2.2012343283778327E-002   2.1880747082702778E-002   2.1768018181087867E-002   2.1673594609913402E-002   2.1596997354293379E-002   2.1537832113511433E-002   2.1495790733833387E-002   2.1470652318308844E-002   2.1462284016983992E-002
   2.1519881956186697E-002   2.1545903099040403E-002   2.1589429802010160E-002   2.1650693179134570E-002   2.1730015710656480E-002   2.1827810163989558E-002   2.1944578201694626E-002   2.2080908673257418E-002   2.2237475586979479E-002   2.2415035757858137E-002   2.2614426126867201E-002   2.2836560746451413E-002   2.3082427426171760E-002   2.3353084031106756E-002   2.3649654423608450E-002   2.3973324036072847E-002   2.4325335058209798E-002   2.4706981216533825E-002   2.5119602116035349E-002   2.5564577103758281E-002   2.6043318600766821E-002   2.6557264832136829E-002   2.7107871863529042E-002   2.7696604826991388E-002   2.8324928187411638E-002   2.8994294864278437E-002   2.9706133981345799E-002   3.0461836970374953E-002   3.1262741706269463E-002   3.2110114302780213E-002   3.3005128155106131E-002   3.3948839784138117E-002   3.4942161023912358E-002   3.5985827106673564E-002   3.7080360245838266E-002   3.8226028401098587E-002   3.9422799033224848E-002   4.0670287814899682E-002   4.1967702448166340E-002   4.3313781933197841E-002   4.4706731818221740E-002   4.6144156119056097E-002   4.7622986719416394E-002   4.9139411156640334E-002   5.0688799792058307E-002   5.2265633519349562E-002   5.3863433463061508E-002   5.5474694665143508E-002   5.7090826649162027E-002   5.8702105057295624E-002   6.0297640274777964E-002   6.1865370988385966E-002   6.3392092738315475E-002   6.4863533344901150E-002   6.6264488128442517E-002   6.7579027524971441E-002   6.8790787480222979E-002   6.9883348446998630E-002   7.0840701698847902E-002   7.1647792023917564E-002   7.2291113895697465E-002   7.2759324441875606E-002   7.3043822350427140E-002   7.3139230767253705E-002   7.3043720495917785E-002   7.2759123957339605E-002   7.2290821066732153E-002   7.1647415879468129E-002   7.0840253558865834E-002   6.9882841368567455E-002   6.8790235646917650E-002   6.7578445628890260E-002   6.6263890789639596E-002   6.4862934600909972E-002   6.3391505621566535E-002   6.1864807196059454E-002   6.0297109926864378E-002   5.8701616535040566E-002   5.7090386506445885E-002   5.5474307607505879E-002   5.3863102390869444E-002   5.2265359631650361E-002   5.0688582745645507E-002   4.9139249271415983E-002   4.7622877217389052E-002   4.6144095381447182E-002   4.4706715644003643E-002   4.3313805783273665E-002   4.1967761662120802E-002   4.0670377791224968E-002   3.9422915368405025E-002   3.8226166987200529E-002   3.7080517329757826E-002   3.5985999316614704E-002   3.4942345369967057E-002   3.3949033640106603E-002   3.3005329228190383E-002   3.2110320596779041E-002   3.1262951482667931E-002   3.0462048710467669E-002   2.9706346351408151E-002   2.8994506684881596E-002   2.8325138407290264E-002   2.7696812501403722E-002   2.7108076136762155E-002   2.6557464923661442E-002   2.6043513794493666E-002   2.5564766739855849E-002   2.5119785584809581E-002   2.4707157953925613E-002   2.4325504542525161E-002   2.3973485785617536E-002   2.3649807994951484E-002   2.3353229017745968E-002   2.3082563457419266E-002   2.2836687486398895E-002   2.2614543273329971E-002   2.2415143041233293E-002   2.2237572768986559E-002   2.2080995545558816E-002   2.1944654584417547E-002   2.1827875904190205E-002   2.1730070680780780E-002   2.1650737275537523E-002   2.1589462943598380E-002   2.1545925226099782E-002   2.1519893029450191E-002   2.1511227394301519E-002
   2.1568014804019733E-002   2.1594912064869923E-002   2.1639905791745458E-002   2.1703237233292646E-002   2.1785243092655660E-002   2.1886354484236412E-002   2.2007095589251076E-002   2.2148082008043822E-002   2.2310018806891468E-002   2.2493698256839525E-002   2.2699997261870532E-002   2.2929874473303663E-002   2.3184367086606372E-002   2.3464587315569038E-002   2.3771718536816370E-002   2.4107011094621860E-002   2.4471777751619402E-002   2.4867388764875629E-002   2.5295266558432703E-002   2.5756879952310244E-002   2.6253737893437570E-002   2.6787382615367727E-002   2.7359382130148227E-002   2.7971321926652588E-002   2.8624795714402039E-002   2.9321395010118049E-002   3.0062697316170353E-002   3.0850252586776209E-002   3.1685567621470248E-002   3.2570087969654229E-002   3.3505176880234640E-002   3.4492090793335269E-002   3.5531950854884330E-002   3.6625709947877345E-002   3.7774114783552970E-002   3.8977662685839888E-002   4.0236552832396875E-002   4.1550631877598797E-002   4.2919334061325080E-002   4.4341616079889679E-002   4.5815887136017336E-002   4.7339934670657953E-002   4.8910846300370341E-002   5.0524928453188157E-002   5.2177622160224583E-002   5.3863416506672750E-002   5.5575760499663798E-002   5.7306974722809184E-002   5.9048165269555475E-002   6.0789144193483177E-002   6.2518363113249223E-002   6.4222869561109772E-002   6.5888298893298738E-002   6.7498917622592150E-002   6.9037736245078113E-002   7.0486710258801086E-002   7.1827046370820130E-002   7.3039626305247476E-002   7.4105552898646301E-002   7.5006812195984776E-002   7.5727030572769624E-002   7.6252286253636559E-002   7.6571909131152666E-002   7.6679175375198499E-002   7.6571787536818620E-002   7.6252046862772996E-002   7.5726680803343882E-002   7.5006362729759662E-002   7.4105017153220057E-002   7.3039019764444199E-002   7.1826385830656980E-002   7.0486013061359279E-002   6.9037019568282496E-002   6.7498197874273982E-002   6.5887591232176773E-002   6.4222187544288309E-002   6.2517718455097543E-002   6.0788546615814586E-002   5.9047622425843375E-002   5.7306492185815405E-002   5.5575341808275336E-002   5.3863063271181948E-002   5.2177334224802488E-002   5.0524704110586779E-002   4.8910682548626024E-002   4.7339827496656009E-002   4.5815831807717207E-002   4.4341607428562885E-002   4.2919366737308492E-002   4.1550700567192199E-002   4.0236652428695577E-002   3.8977788411519526E-002   3.7774262268126059E-002   3.6625875265234309E-002   3.5532130528845365E-002   3.4492281779567473E-002   3.3505376532495745E-002   3.2570293997249429E-002   3.1685778043386084E-002   3.0850465686462030E-002   3.0062911599567241E-002   2.9321609168399165E-002   2.8625008592026865E-002   2.7971532494741193E-002   2.7359589464811134E-002   2.6787585880429905E-002   2.6253936326919910E-002   2.5757072856034104E-002   2.5295453290157945E-002   2.4867568732447130E-002   2.4471950408666628E-002   2.4107175937423241E-002   2.3771875102002141E-002   2.3464735178392506E-002   2.3184505859564903E-002   2.2930003804938287E-002   2.2700116835617068E-002   2.2493807789844968E-002   2.2310118048746490E-002   2.2148170739415173E-002   2.2007173620425285E-002   2.1886421653608566E-002   2.1785299265212971E-002   2.1703282299152599E-002   2.1639939664812299E-002   2.1594934681671663E-002   2.1568026122781647E-002   2.1559068958816555E-002
   2.1614827357505018E-002   2.1642579232138897E-002   2.1689004057498795E-002   2.1754353096674978E-002   2.1838977112173322E-002   2.1943325363291730E-002   2.2067944315654162E-002   2.2213476062181506E-002   2.2380656454841802E-002   2.2570312946610820E-002   2.2783362143101851E-002   2.3020807063165453E-002   2.3283734107251198E-002   2.3573309731254943E-002   2.3890776821693511E-002   2.4237450765047370E-002   2.4614715199626640E-002   2.5024017431910510E-002   2.5466863490464214E-002   2.5944812778632600E-002   2.6459472271520658E-002   2.7012490182475094E-002   2.7605548998489934E-002   2.8240357751793368E-002   2.8918643355599342E-002   2.9642140785237962E-002   3.0412581831856172E-002   3.1231682095822340E-002   3.2101125823445278E-002   3.3022548127886048E-002   3.3997514079326600E-002   3.5027494108444107E-002   3.6113835150082055E-002   3.7257726969763108E-002   3.8460163171551778E-002   3.9721896484676132E-002   4.1043388064271345E-002   4.2424750705486527E-002   4.3865686036826661E-002   4.5365415896281951E-002   4.6922608167241926E-002   4.8535297330454745E-002   5.0200799861346186E-002   5.1915624389382631E-002   5.3675376304569256E-002   5.5474656366961111E-002   5.7306953022629475E-002   5.9164528765658399E-002   6.1038302227700666E-002   6.2917729899773497E-002   6.4790694570296611E-002   6.6643411610781647E-002   6.8460368847480607E-002   7.0224320355484648E-002   7.1916358275959283E-002   7.3516088692812745E-002   7.5001936780499406E-002   7.6351602366181825E-002   7.7542680008981887E-002   7.8553448254156513E-002   7.9363819628389690E-002   7.9956420031801728E-002   8.0317723084029666E-002   8.0439099403328870E-002   8.0317580056882262E-002   7.9956138303752783E-002   7.9363407708932673E-002   7.8552918511029149E-002   7.7542048115465542E-002   7.6350886521493924E-002   7.5001156774259822E-002   7.3515264928731783E-002   7.1915510869613342E-002   7.0223468387728763E-002   6.8459529808868214E-002   6.6642601030581436E-002   6.4789925796946646E-002   6.2917013990995738E-002   6.1037647914653527E-002   5.9163942469444647E-002   5.7306438915888276E-002   5.5474216482952504E-002   5.3675010699004717E-002   5.1915331356964078E-002   5.0200576201998373E-002   4.8535138652549797E-002   4.6922509209222314E-002   4.5365370845460502E-002   4.3865688825097171E-002   4.2424795265603166E-002   4.1043468536093079E-002   3.9722007367034136E-002   3.8460299421080230E-002   3.7257884052402220E-002   3.6114009053695106E-002   3.5027681326125902E-002   3.3997711572799176E-002   3.3022753279280240E-002   3.2101336382167021E-002   3.1231896125452571E-002   3.0412797660388981E-002   2.9642356960574823E-002   2.8918858607151283E-002   2.8240570958294946E-002   2.7605759161656338E-002   2.7012696405876394E-002   2.6459673743942400E-002   2.5945008761184992E-002   2.5467053306750601E-002   2.5024200460640023E-002   2.4614890869137075E-002   2.4237618549283454E-002   2.3890936237257739E-002   2.3573460335213427E-002   2.3283875495435660E-002   2.3020938868766199E-002   2.2783484035396137E-002   2.2570424629716590E-002   2.2380757666428365E-002   2.2213566572105665E-002   2.2068023924521708E-002   2.1943393900969738E-002   2.1839034436297519E-002   2.1754399091208833E-002   2.1689038631406577E-002   2.1642602318234765E-002   2.1614838911534474E-002   2.1605597385411842E-002
   2.1660107186874913E-002   2.1688688045850033E-002   2.1736501129296992E-002   2.1803807535267308E-002   2.1890971838494099E-002   2.1998461132646110E-002   2.2126843799496781E-002   2.2276788005743585E-002   2.2449059928600888E-002   2.2644521711697344E-002   2.2864129153145233E-002   2.3108929127781067E-002   2.3380056745330152E-002   2.3678732245400808E-002   2.4006257628497119E-002   2.4364013019324400E-002   2.4753452754154678E-002   2.5176101177443080E-002   2.5633548123663148E-002   2.6127444047764375E-002   2.6659494750926185E-002   2.7231455626445134E-002   2.7845125322620724E-002   2.8502338684382230E-002   2.9204958792272036E-002   2.9954867865827319E-002   3.0753956738680654E-002   3.1604112546279532E-002   3.2507204197039535E-002   3.3465065128988440E-002   3.4479472793652884E-002   3.5552124266124592E-002   3.6684607365076415E-002   3.7878366688684058E-002   3.9134664038815561E-002   4.0454532817431541E-002   4.1838726127639170E-002   4.3287658477094822E-002   4.4801341130468783E-002   4.6379311246926222E-002   4.8020554920644241E-002   4.9723424077827032E-002   5.1485546857433596E-002   5.3303730643156993E-002   5.5173856410277285E-002   5.7090762663875159E-002   5.9048117205848585E-002   6.1038275560002693E-002   6.3052126403164696E-002   6.5078927048484933E-002   6.7106136043636230E-002   6.9119255226681248E-002   7.1101699792058382E-002   7.3034721361680530E-002   7.4897414623847525E-002   7.6666841375876565E-002   7.8318305530479845E-002   7.9825808819136368E-002   8.1162712148399957E-002   8.2302626598376283E-002   8.3220561580218386E-002   8.3894348984741865E-002   8.4306299900150386E-002   8.4444898028647311E-002   8.4306134926104365E-002   8.3894023577065643E-002   8.3220084862725849E-002   8.2302012205996672E-002   8.1161977828478254E-002   7.9824975606366186E-002   7.8317396583066134E-002   7.6665880677714016E-002   7.4896425766281430E-002   7.3033726557213130E-002   7.1100719186638933E-002   6.9118306499293486E-002   6.7105234231120039E-002   6.5078084516134949E-002   6.3051352892052950E-002   6.1037578267717850E-002   5.9047500885263698E-002   5.7090229745188771E-002   5.5173407160800589E-002   5.3303363377769156E-002   5.1485258203890112E-002   4.9723209289769463E-002   4.8020408221234170E-002   4.6379226180064619E-002   4.4801310895435494E-002   4.3287676225623212E-002   4.1838785208534388E-002   4.0454626961161283E-002   3.9134787481534927E-002   3.7878514240830372E-002   3.6684774433449419E-002   3.5552306840193761E-002   3.4479667406989600E-002   3.3465268805670793E-002   3.2507414391123264E-002   3.1604327080415037E-002   3.0754173746011838E-002   2.9955085737639307E-002   2.9205176132552482E-002   2.8502554271535453E-002   2.7845338077979762E-002   2.7231664588895758E-002   2.6659699056814347E-002   2.6127642915238634E-002   2.5633740840654132E-002   2.5176287092565752E-002   2.4753631269913506E-002   2.4364183587093167E-002   2.4006419744828957E-002   2.3678885449299015E-002   2.3380200616177269E-002   2.3109063283684336E-002   2.2864253249511895E-002   2.2644635439904092E-002   2.2449163014667997E-002   2.2276880208965531E-002   2.2126924911016418E-002   2.1998530973988430E-002   2.1891030260097488E-002   2.1803854415064904E-002   2.1736536371408384E-002   2.1688711579444592E-002   2.1660118965263177E-002   2.1650601615240520E-002
   2.1703643706556797E-002   2.1733023797727426E-002   2.1782175386879678E-002   2.1851369166322764E-002   2.1940983189517059E-002   2.2051501961792914E-002   2.2183515273922681E-002   2.2337716780857879E-002   2.2514902328686890E-002   2.2715968033630053E-002   2.2941908117572147E-002   2.3193812505098343E-002   2.3472864187065727E-002   2.3780336355176915E-002   2.4117589310540255E-002   2.4486067146455365E-002   2.4887294201230502E-002   2.5322871270201948E-002   2.5794471556651936E-002   2.6303836328238923E-002   2.6852770227940574E-002   2.7443136165300207E-002   2.8076849683801714E-002   2.8755872662323677E-002   2.9482206161888486E-002   3.0257882172857617E-002   3.1084953952741173E-002   3.1965484572652289E-002   3.2901533214766077E-002   3.3895138689824925E-002   3.4948299581069368E-002   3.6062950379340389E-002   3.7240932964858420E-002   3.8483962824659525E-002   3.9793589477097588E-002   4.1171150704495382E-002   4.2617720358214657E-002   4.4134049668112942E-002   4.5720502115385052E-002   4.7376981955963758E-002   4.9102856348560694E-002   5.0896870695606569E-002   5.2757056227148214E-002   5.4680628083179077E-002   5.6663871292473890E-002   5.8702011310359757E-002   6.0789065457901220E-002   6.2917672061956920E-002   6.5078895714296925E-002   6.7262010193679972E-002   6.9454265453963701E-002   7.1640651683543138E-002   7.3803681444117641E-002   7.5923219405283474E-002   7.7976396516644744E-002   7.9937649077679307E-002   8.1778920620366749E-002   8.3470056479800644E-002   8.4979416651550427E-002   8.6274752703890470E-002   8.7324456691738203E-002   8.8099362428167571E-002   8.8575232655566521E-002   8.8735728817232989E-002   8.8575048432336156E-002   8.8098997729120554E-002   8.7323919659439336E-002   8.6274056653234760E-002   8.4978580311275503E-002   8.3469103323805929E-002   8.1777877413542657E-002   7.9936544044403576E-002   7.7975257554954699E-002   7.5922072647048977E-002   7.3802550299458022E-002   7.1639556360127615E-002   6.9453222842779230E-002   6.7261033975759624E-002   6.5077996558535661E-002   6.2916857829538569E-002   6.0788341379864191E-002   5.8701380144414006E-002   5.6663333485916241E-002   5.4680181971244336E-002   5.2756698285820823E-002   5.0896595851859995E-002   4.9102658335459577E-002   4.7376853689219962E-002   4.5720436063528699E-002   4.4134038190089556E-002   4.2617755988293579E-002   4.1171226372698988E-002   3.9793698661890142E-002   3.8484099641854563E-002   3.7241092201781865E-002   3.6063127486018066E-002   3.4948490630855665E-002   3.3895340320977581E-002   3.2901742562603850E-002   3.1965699199656500E-002   3.1085171781699020E-002   3.0258101426163937E-002   2.9482425308554258E-002   2.8756090373109094E-002   2.8077064794155317E-002   2.7443347645366406E-002   2.6852977158708425E-002   2.6304037882867438E-002   2.5794666986057452E-002   2.5323059892086719E-002   2.4887475391839168E-002   2.4486240334451757E-002   2.4117753972493494E-002   2.3780492012231595E-002   2.3473010402446860E-002   2.3193948882169916E-002   2.2942034298229746E-002   2.2716083696864432E-002   2.2515007189206467E-002   2.2337810587703916E-002   2.2183597809050225E-002   2.2051573038623155E-002   2.1941042651491657E-002   2.1851416885508134E-002   2.1782211262678711E-002   2.1733047755758728E-002   2.1703655697757646E-002   2.1693872432700302E-002
   2.1745229802640629E-002   2.1775375288104623E-002   2.1825808779363756E-002   2.1896810259775083E-002   2.1988770839762004E-002   2.2102191898807570E-002   2.2237683987169462E-002   2.2395965491304248E-002   2.2577861068113929E-002   2.2784299854272737E-002   2.3016313457955948E-002   2.3275033741132659E-002   2.3561690401010534E-002   2.3877608358992882E-002   2.4224204964329182E-002   2.4602987017145042E-002   2.5015547611276771E-002   2.5463562790753951E-002   2.5948788004182169E-002   2.6473054327830765E-002   2.7038264409907267E-002   2.7646388064118257E-002   2.8299457408885065E-002   2.8999561408229985E-002   2.9748839620343356E-002   3.0549474899733153E-002   3.1403684729235500E-002   3.2313710781209981E-002   3.3281806227305789E-002   3.4310220240225960E-002   3.5401179068625020E-002   3.6556863029559954E-002   3.7779378764486331E-002   3.9070726155577419E-002   4.0432759404474432E-002   4.1867141930406832E-002   4.3375294928553861E-002   4.4958339602940024E-002   4.6617033191368382E-002   4.8351698857349697E-002   5.0162149255490472E-002   5.2047603016543965E-002   5.4006592520686431E-002   5.6036860176242320E-002   5.8135239135351027E-002   6.0297513208587443E-002   6.2518250046891932E-002   6.4790601884814378E-002   6.7106069764754805E-002   6.9454230643101078E-002   7.1822432470720274E-002   7.4195470386408044E-002   7.6555267273134567E-002   7.8880592888629988E-002   8.1146864570867880E-002   8.3326073409862395E-002   8.5386865412267823E-002   8.7294776248812309E-002   8.9012594425294148E-002   9.0500881481355946E-002   9.1718902559333820E-002   9.2626590217541840E-002   9.3188321147203421E-002   9.3378619679027705E-002   9.3188127964708128E-002   9.2626204160857983E-002   9.1718326613562509E-002   9.0500124378804628E-002   8.9011672679245632E-002   8.7293714124566407E-002   8.5385693086906966E-002   8.3324824195376401E-002   8.1145572052812823E-002   7.8879288579998597E-002   7.6553979081513734E-002   7.4194221909721622E-002   7.1821242937258487E-002   6.9453115230438428E-002   6.7105040054580165E-002   6.4789666291173081E-002   6.2517414147368208E-002   6.0296779980671296E-002   5.8134609141105298E-002   5.6036331748684498E-002   5.4006161993836024E-002   5.2047265018885208E-002   5.0161897063333516E-002   4.8351524786757361E-002   4.6616928997918486E-002   4.4958296857608347E-002   4.3375305343482350E-002   4.1867197617483282E-002   4.0432853059774926E-002   3.9070851171723327E-002   3.7779529279612090E-002   3.6557033925463896E-002   3.5401365931995228E-002   3.4310419300173645E-002   3.3282014280512792E-002   3.2313925113473543E-002   3.1403903039598557E-002   3.0549695231069925E-002   2.9749060298406120E-002   2.8999780989801389E-002   2.8299674638780966E-002   2.7646601840263272E-002   2.7038473755459647E-002   2.6473258369271974E-002   2.5948985954334498E-002   2.5463753935791918E-002   2.5015731300919559E-002   2.4603162657337786E-002   2.4224372011831141E-002   2.3877766317388100E-002   2.3561838817742178E-002   2.3275172205238476E-002   2.3016441598250531E-002   2.2784417337784552E-002   2.2577967598641387E-002   2.2396060808005325E-002   2.2237767863142997E-002   2.2102264139660616E-002   2.1988831282185820E-002   2.1896858770172212E-002   2.1825845252580561E-002   2.1775399646327596E-002   2.1745241994512072E-002   2.1735204081468732E-002
   2.1784663482164443E-002   2.1815536510735947E-002   2.1867188569715017E-002   2.1939908567186733E-002   2.2034100159576357E-002   2.2150280946858558E-002   2.2289081445005091E-002   2.2451243841407519E-002   2.2637620540540034E-002   2.2849172508679134E-002   2.3086967427970340E-002   2.3352177671379870E-002   2.3646078110897542E-002   2.3970043771518096E-002   2.4325547342715234E-002   2.4714156556954716E-002   2.5137531440797539E-002   2.5597421437729643E-002   2.6095662392280256E-002   2.6634173371337909E-002   2.7214953279727769E-002   2.7840077201780430E-002   2.8511692367391477E-002   2.9232013598567291E-002   3.0003318039598353E-002   3.0827938910413251E-002   3.1708257949191632E-002   3.2646696129668612E-002   3.3645702155980062E-002   3.4707738161614946E-002   3.5835261980358440E-002   3.7030705329701548E-002   3.8296447265283910E-002   3.9634782340087209E-002   4.1047883038506081E-002   4.2537756244124189E-002   4.4106193712890644E-002   4.5754716708633104E-002   4.7484515039215920E-002   4.9296380613982178E-002   5.1190635226299575E-002   5.3167051467368796E-002   5.5224764466920567E-002   5.7362170585304052E-002   5.9576807416859390E-002   6.1865207805519219E-002   6.4222719447592114E-002   6.6643281591897197E-002   6.9119151930020939E-002   7.1640580600577514E-002   7.4195434891724282E-002   7.6768788196073939E-002   7.9342500084792322E-002   8.1894829463318636E-002   8.4400133765892185E-002   8.6828699514783420E-002   8.9146698503850000E-002   9.1316150000514143E-002   9.3294637028801683E-002   9.5034581263733889E-002   9.6482500726154663E-002   9.7579985810324385E-002   9.8269203068440364E-002   9.8504737222282479E-002   9.8269027432413669E-002   9.7579625109115609E-002   9.6481943257075542E-002   9.5033821417264172E-002   9.3293681511967555E-002   9.1315019485638013E-002   8.9145425289132607E-002   8.6827323056542158E-002   8.4398695745394867E-002   8.1893369586099551E-002   7.9341053285183358E-002   7.6767383361457900E-002   7.4194094793602602E-002   7.1639322536080491E-002   6.9117988611544501E-002   6.6642221972625107E-002   6.4221769340352744E-002   6.1864370284693000E-002   5.9576083068708464E-002   5.7361557695949819E-002   5.5224259224955566E-002   5.3166648227504484E-002   5.1190326846380863E-002   4.9296158850007252E-002   4.7484370966361655E-002   4.5754641131144101E-002   4.4106177529733323E-002   4.2537790746987887E-002   4.1047960130478296E-002   3.9634894674317182E-002   3.8296588311427904E-002   3.7030869381217836E-002   3.5835444117909308E-002   3.4707934187559526E-002   3.3645908513030710E-002   3.2646909814039053E-002   3.1708476425635297E-002   3.0828160033874608E-002   3.0003539986015713E-002   2.9232234805748419E-002   2.8511911485800470E-002   2.7840293054433200E-002   2.7215164830081476E-002   2.6634379697969092E-002   2.6095862669188941E-002   2.5597614919216992E-002   2.5137717450000031E-002   2.4714334477253831E-002   2.4325716611366299E-002   2.3970203874951943E-002   2.3646228581244683E-002   2.3352318083851426E-002   2.3087097398805441E-002   2.2849291693436764E-002   2.2637728632574777E-002   2.2451340570423826E-002   2.2289166575632371E-002   2.2150354277229584E-002   2.2034161519922765E-002   2.1939957818488277E-002   2.1867225602453053E-002   2.1815561243807517E-002   2.1784675862011407E-002   2.1774395901991966E-002
   2.1821749525504724E-002   2.1853308341380218E-002   2.1906109084140795E-002   2.1980449157303062E-002   2.2076744163250592E-002   2.2195527152657137E-002   2.2337447669004962E-002   2.2503270595728382E-002   2.2693874815457489E-002   2.2910251692812741E-002   2.3153503394104775E-002   2.3424841058976204E-002   2.3725582840286391E-002   2.4057151829133372E-002   2.4421073881515272E-002   2.4818975361361989E-002   2.5252580811024238E-002   2.5723710554165592E-002   2.6234278226575598E-002   2.6786288216720626E-002   2.7381832978672607E-002   2.8023090154004705E-002   2.8712319404802650E-002   2.9451858815655180E-002   3.0244120667269746E-002   3.1091586317951659E-002   3.1996799852777424E-002   3.2962360077258175E-002   3.3990910348911690E-002   3.5085125666160538E-002   3.6247696382505967E-002   3.7481307900670648E-002   3.8788615742298811E-002   4.0172215496122508E-002   4.1634607324190533E-002   4.3178154938489685E-002   4.4805039212421308E-002   4.6517206797994655E-002   4.8316314186072483E-002   5.0203667457394990E-002   5.2180157405529851E-002   5.4246188671992275E-002   5.6401599981977593E-002   5.8645570571159940E-002   6.0976505650387487E-002   6.3391891620337204E-002   6.5888110225166552E-002   6.8460200548612196E-002   7.1101559433279796E-002   7.3803575392177176E-002   7.6555199458397463E-002   7.9342470102907972E-002   8.2148029722090496E-002   8.4950696229043096E-002   8.7725174128066366E-002   9.0441968825665797E-002   9.3067426169411382E-002   9.5563452598403348E-002   9.7885909556623435E-002   9.9980466226292891E-002  0.10177617768790882       0.10318120003371246       0.10408926903649450       0.10440508113140555       0.10408916862017982       0.10318096586490613       0.10177576468428937        9.9979835019068333E-002   9.7885041023203265E-002   9.5562353591186228E-002   9.3066127017681397E-002   9.0440516134701290E-002   8.7723621904518420E-002   8.4949097814588106E-002   8.2146432202622355E-002   7.9340911654727037E-002   7.6553709084558316E-002   7.3802174069131435E-002   7.1100261755436850E-002   6.8459016264440758E-002   6.5887045386385110E-002   6.3390949309020991E-002   6.0975686384056142E-002   5.8644872531101504E-002   5.6401019196184038E-002   5.4245719240868615E-002   5.2179791808803395E-002   5.0203396938856844E-002   4.8316129185736030E-002   4.6517097389863156E-002   4.4804995507475902E-002   4.3178167422187108E-002   4.1634667111038630E-002   4.0172314497027808E-002   3.8788746750942987E-002   3.7481464612097497E-002   3.6247873360368200E-002   3.5085318275333011E-002   3.3991114668368058E-002   3.2962572805180966E-002   3.1997018212613554E-002   3.1091807971080410E-002   3.0244343635425476E-002   2.9452081414353227E-002   2.8712540187732130E-002   2.8023307867578458E-002   2.7382046525536240E-002   2.6786496626896795E-002   2.6234480634953337E-002   2.5723906183161237E-002   2.5252768957389579E-002   2.4819155386266879E-002   2.4421245203171627E-002   2.4057313917350460E-002   2.3725735212454139E-002   2.3424983277066644E-002   2.3153635062364515E-002   2.2910372455893762E-002   2.2693984356800478E-002   2.2503368636072583E-002   2.2337533964950782E-002   2.2195601495251370E-002   2.2076806376598996E-002   2.1980499097240532E-002   2.1906146637005498E-002   2.1853333422945528E-002   2.1821762080122289E-002   2.1811253971859235E-002
   2.1856301122451155E-002   2.1888500210264644E-002   2.1942373445717069E-002   2.2018226236397598E-002   2.2116485442748642E-002   2.2237698681701303E-002   2.2382533443274562E-002   2.2551776029473655E-002   2.2746330327190530E-002   2.2967216429217729E-002   2.3215569119833569E-002   2.3492636243551249E-002   2.3799776977349085E-002   2.4138460027757769E-002   2.4510261774253445E-002   2.4916864379088636E-002   2.5360053880474177E-002   2.5841718280252206E-002   2.6363845628037327E-002   2.6928522090202425E-002   2.7537929972763907E-002   2.8194345640687776E-002   2.8900137240788958E-002   2.9657762089723393E-002   3.0469763531517792E-002   3.1338767000573704E-002   3.2267474947743208E-002   3.3258660203055214E-002   3.4315157266472170E-002   3.5439850949084889E-002   3.6635661746655057E-002   3.7905527333325688E-002   3.9252379633515994E-002   4.0679117077626302E-002   4.2188571873884737E-002   4.3783472416594423E-002   4.5466401254613785E-002   4.7239749284103572E-002   4.9105666893807069E-002   5.1066012542287320E-002   5.3122298544134805E-002   5.5275632576324181E-002   5.7526651551649301E-002   5.9875442130707189E-002   6.2321439506142141E-002   6.4863293623635535E-002   6.7498690312827903E-002   7.0224114665299403E-002   7.3034546399965539E-002   7.5923083293315513E-002   7.8880501349477855E-002   8.1894783339010957E-002   8.4950686795592312E-002   8.8029482870092227E-002   9.1109063525806833E-002   9.4164603743994824E-002   9.7169642702370732E-002  0.10009638934385409       0.10291200675281081       0.10556584955680352       0.10796575892511710       0.10995447966209565       0.11131050029374989       0.11179791787503322       0.11131058375971514       0.10995455718023178       0.10796572651380032       0.10556560320562544       0.10291147024735493       0.10009553210308028        9.7168481004020327E-002   9.4163190542741235E-002   9.1107472207321322E-002   8.8027790815489254E-002   8.4948963420914431E-002   8.1893084190999582E-002   7.8878867203858088E-002   7.5921542159680902E-002   7.3033116540837981E-002   7.0222807430802350E-002   6.7497512264137235E-002   6.4862247875140611E-002   6.2320526451837450E-002   5.9874659794693197E-002   5.7525995781523079E-002   5.5275097233382357E-002   5.3121875770541713E-002   5.1065693122975354E-002   4.9105440688891402E-002   4.7239605687066560E-002   4.5466329628665154E-002   4.3783462470507441E-002   4.2188613953184025E-002   4.0679202362335888E-002   3.9252500246524921E-002   3.7905676372235166E-002   3.6635833256518396E-002   3.5440039854389746E-002   3.4315359279099941E-002   3.3258871719892877E-002   3.2267692948052103E-002   3.1338988949802769E-002   3.0469987295369854E-002   2.9657985860096648E-002   2.8900359473714023E-002   2.8194565005462555E-002   2.7538145311015391E-002   2.6928732383437431E-002   2.6364049972265866E-002   2.5841915866388395E-002   2.5360243979381865E-002   2.4917046330305913E-002   2.4510434977585208E-002   2.4138623937061655E-002   2.3799931095958085E-002   2.3492780120878552E-002   2.3215702348795650E-002   2.2967338644192013E-002   2.2746441202296463E-002   2.2551875277030582E-002   2.2382620812345967E-002   2.2237773956682808E-002   2.2116548441994909E-002   2.2018276810911813E-002   2.1942411477944880E-002   2.1888525613043702E-002   2.1856313838168048E-002   2.1845592729799256E-002
   2.1888141472130966E-002   2.1920931738095267E-002   2.1975795271076196E-002   2.2053044931039545E-002   2.2153118063114145E-002   2.2276575854403801E-002   2.2424102521302613E-002   2.2596504338431828E-002   2.2794708523103824E-002   2.3019761992059979E-002   2.3272830010021547E-002   2.3555194752187213E-002   2.3868253805009093E-002   2.4213518631124052E-002   2.4592613024885895E-002   2.5007271584123868E-002   2.5459338221018733E-002   2.5950764729658630E-002   2.6483609419041709E-002   2.7060035806923677E-002   2.7682311350614313E-002   2.8352806164035363E-002   2.9073991634391821E-002   2.9848438805143800E-002   3.0678816333611966E-002   3.1567887761677654E-002   3.2518507758788312E-002   3.3533616912893173E-002   3.4616234565875585E-002   3.5769449128795781E-002   3.6996405286367814E-002   3.8300287529991046E-002   3.9684299564385711E-002   4.1151639328623153E-002   4.2705469658660067E-002   4.4348884973031813E-002   4.6084874731709136E-002   4.7916284707615345E-002   4.9845777190696591E-002   5.1875790959559229E-002   5.4008501049391838E-002   5.6245776902241432E-002   5.8589135386154734E-002   6.1039682543962671E-002   6.3598035111253434E-002   6.6264210386836830E-002   6.9037471753177912E-002   7.1916118124334100E-002   7.4897210439045070E-002   7.7976239778697387E-002   8.1146765350220557E-002   8.4400097976552915E-002   8.7725197223822438E-002   9.1109116439413260E-002   9.4538570970229371E-002   9.8003364697482803E-002  0.10150186209975207       0.10504592961438576       0.10865588205921274       0.11232697362646295       0.11595390777690635       0.11924425491239712       0.12168962589658837       0.12261630267851281       0.12169005889372977       0.11924488734879356       0.11595460058355869       0.11232753566698041       0.10865611934404991       0.10504571435124396       0.10150115906523867        9.8002223029917263E-002   9.4537093586400056E-002   9.1107424118856611E-002   8.7723401474776086E-002   8.4398287466838487E-002   8.1145003395250534E-002   7.7974567974447032E-002   7.4895654312688770E-002   7.1914692395153010E-002   6.9036184243008017E-002   6.6263064491388468E-002   6.3597031141134436E-002   6.1038818347454761E-002   5.8588406618597134E-002   5.6245177200792244E-002   5.4008022259019746E-002   5.1875423462794092E-002   4.9845510330134381E-002   4.7916107256532461E-002   4.6084775358799318E-002   4.4348852654285703E-002   4.2705494004855467E-002   4.1151710814384450E-002   3.9684409660035828E-002   3.8300428748294750E-002   3.6996571162271105E-002   3.5769634152025415E-002   3.4616434084939279E-002   3.3533827025883527E-002   3.2518725202536285E-002   3.1568109807017498E-002   3.0679040691281717E-002   2.9848663544356238E-002   2.9074215114381581E-002   2.8353026977815797E-002   2.7682528279612387E-002   2.7060247784948140E-002   2.6483815504045657E-002   2.5950964081882012E-002   2.5459530086270218E-002   2.5007455281143957E-002   2.4592787935902860E-002   2.4213684194864044E-002   2.3868409511550528E-002   2.3555340139161201E-002   2.3272964659757561E-002   2.3019885529362898E-002   2.2794820613425939E-002   2.2596604686272739E-002   2.2424190868730359E-002   2.2276651979641765E-002   2.2153181779179538E-002   2.2053096084450233E-002   2.1975833740663253E-002   2.1920957433969403E-002   2.1888154334853017E-002   2.1877236563628919E-002
   2.1917105326846840E-002   2.1950434315161482E-002   2.2006200308832012E-002   2.2084723010719003E-002   2.2186449395354638E-002   2.2311953116850830E-002   2.2461933764176097E-002   2.2637215976643015E-002   2.2838748435644547E-002   2.3067602751941516E-002   2.3324972271034444E-002   2.3612170822203526E-002   2.3930631439472806E-002   2.4281905084793300E-002   2.4667659404818791E-002   2.5089677552351128E-002   2.5549857101319823E-002   2.6050209079333701E-002   2.6592857133492302E-002   2.7180036832117845E-002   2.7814095085949626E-002   2.8497489645496313E-002   2.9232788594945068E-002   3.0022669715747369E-002   3.0869919533863307E-002   3.1777431794118946E-002   3.2748205025939142E-002   3.3785338782890501E-002   3.4892028064348969E-002   3.6071555376491690E-002   3.7327279881740866E-002   3.8662623143871103E-002   4.0081051122661755E-002   4.1586052322703022E-002   4.3181112355472749E-002   4.4869685605639947E-002   4.6655165139055786E-002   4.8540852345879321E-002   5.0529927931988974E-002   5.2625425583988389E-002   5.4830208773174398E-002   5.7146949624572327E-002   5.9578106574492154E-002   6.2125894885967196E-002   6.4792241463088041E-002   6.7578713606872828E-002   7.0486411599046714E-002   7.3515819115581957E-002   7.6666616553339853E-002   7.9937486585192716E-002   8.3325992473100657E-002   8.6828719214066527E-002   9.0442101390351609E-002   9.4164835250605608E-002   9.8003608426212641E-002  0.10198491527119231       0.10617552812754831       0.11070797889082619       0.11578573917606899       0.12160270222589226       0.12810577201374848       0.13470712208684252       0.14020299369496986       0.14243576453393220       0.14020392407668605       0.13470823966141926       0.12810735847105084       0.12160457219934433       0.11578743577857702       0.11070910162648669       0.10617586988407569       0.10198447549322698        9.8002529111328368E-002   9.4163315303922523E-002   9.0440331804021112E-002   8.6826851404085262E-002   8.3324132166715220E-002   7.9935700857682340E-002   7.6664944695755105E-002   7.3514282479206494E-002   7.0485020756819561E-002   6.7577472836466645E-002   6.4791151191065044E-002   6.2124952832577740E-002   5.9577308214663768E-002   5.7146288392334141E-002   5.4829676257423882E-002   5.2625011822625377E-002   5.0529621816698143E-002   4.8540642097661089E-002   4.6655038795848695E-002   4.4869631467031497E-002   4.3181119345177273E-002   4.1586110248943563E-002   4.0081150834304587E-002   3.8662756593225649E-002   3.7327440112538593E-002   3.6071736458255982E-002   3.4892224993423510E-002   3.3785547367235796E-002   3.2748421766695852E-002   3.1777653772800785E-002   3.0870144310449401E-002   3.0022895240149967E-002   2.9233013132366668E-002   2.8497711714959087E-002   2.7814313410617707E-002   2.7180250299769920E-002   2.6593064765489824E-002   2.6050410006555107E-002   2.5550050545715863E-002   2.5089862812973224E-002   2.4667835847356646E-002   2.4282072133820550E-002   2.3930788572739413E-002   2.3612317566433914E-002   2.3325108198795252E-002   2.3067727479235533E-002   2.2838861619970303E-002   2.2637317315332979E-002   2.2462022992890983E-002   2.2312030008162190E-002   2.2186513757392189E-002   2.2084774685892723E-002   2.2006239172661750E-002   2.1950460275259247E-002   2.1917118322100169E-002   2.1906021342389569E-002
   2.1943040460119776E-002   2.1976852603301740E-002   2.2033427998624198E-002   2.2113092527949282E-002   2.2216301862758268E-002   2.2343640920046377E-002   2.2495823181435746E-002   2.2673689889976967E-002   2.2878209142694242E-002   2.3110474900596829E-002   2.3371705941530714E-002   2.3663244784735232E-002   2.3986556619103403E-002   2.4343228269668664E-002   2.4734967238428416E-002   2.5163600855846329E-002   2.5631075577703409E-002   2.6139456457673588E-002   2.6690926818147567E-002   2.7287788129222262E-002   2.7932460086947955E-002   2.8627480855192889E-002   2.9375507399093233E-002   3.0179315790498835E-002   3.1041801306366641E-002   3.1965978070501951E-002   3.2954977910762524E-002   3.4012048024897358E-002   3.5140546980489427E-002   3.6343938535412262E-002   3.7625782777421034E-002   3.8989724170909408E-002   4.0439476290465175E-002   4.1978803331657794E-002   4.3611498918755501E-002   4.5341363246888734E-002   4.7172180132745267E-002   4.9107695987433322E-002   5.1151602909809961E-002   5.3307527847987389E-002   5.5579028928454059E-002   5.7969598525234776E-002   6.0482670520977097E-002   6.3121626850203241E-002   6.5889796545875720E-002   6.8790440393060703E-002   7.1826717969377424E-002   7.5001644773211515E-002   7.8318071875470019E-002   8.1778773339798036E-002   8.5386841197231514E-002   8.9146844913138609E-002   9.3067798735874285E-002   9.7170284207639318E-002  0.10150273666144634       0.10617636485825101       0.11143217284653090       0.11774415115101315       0.12590139718428700       0.13684380622643838       0.15087663246016184       0.16666757140195054       0.18165017664961039       0.18825291519397758       0.18165149177757187       0.16666681857521590       0.15087765143609025       0.13684691815403369       0.12590534900041545       0.11774769828683930       0.11143455641009918       0.10617737445679611       0.10150254601563641        9.7169229658994535E-002   9.3066219142983075E-002   8.9145007856712949E-002   8.5384929541712395E-002   8.1776899759979593E-002   7.8316300148850673E-002   7.5000008212627756E-002   7.1825232372822248E-002   6.8789111981263626E-002   6.5888626272547837E-002   6.3120612449159577E-002   6.0481807336500527E-002   5.7968879821646863E-002   5.5578446081980565E-002   5.3307070609678868E-002   5.1151259788596415E-002   4.9107454724523658E-002   4.7172028206752183E-002   4.5341288347542641E-002   4.3611489342140340E-002   4.1978848270987537E-002   4.0439566016493157E-002   3.8989850111347667E-002   3.7625937514018208E-002   3.6344115741058051E-002   3.5140741318218843E-002   3.4012255027543827E-002   3.2955193855681339E-002   3.1966199859321920E-002   3.1042026355792684E-002   3.0179541937095846E-002   2.9375732818789163E-002   2.8627703996847876E-002   2.7932679618575332E-002   2.7288002895131981E-002   2.6691135805250205E-002   2.6139658769307222E-002   2.5631270413539756E-002   2.5163787496642564E-002   2.4735145034589092E-002   2.4343396632757308E-002   2.3986715015593393E-002   2.3663392731418605E-002   2.3371843002115207E-002   2.3110600683119958E-002   2.2878323297470825E-002   2.2673792107874301E-002   2.2495913192338891E-002   2.2343718491433868E-002   2.2216366798355827E-002   2.2113144666464996E-002   2.2033467212593392E-002   2.1976878798083816E-002   2.1943053573093521E-002   2.1931795873135807E-002
   2.1965809039791687E-002   2.2000045941063678E-002   2.2057332930234503E-002   2.2138001354040610E-002   2.2242514577175833E-002   2.2371467482075445E-002   2.2525585846423311E-002   2.2705725614350046E-002   2.2912872081233601E-002   2.3148139016055270E-002   2.3412767749307142E-002   2.3708126258349893E-002   2.4035708285689600E-002   2.4397132528627567E-002   2.4794141940813558E-002   2.5228603186978539E-002   2.5702506290984087E-002   2.6217964513569520E-002   2.6777214488845007E-002   2.7382616636439615E-002   2.8036655847761261E-002   2.8741942418335456E-002   2.9501213161894566E-002   3.0317332594328672E-002   3.1193294016212444E-002   3.2132220252556715E-002   3.3137363731717176E-002   3.4212105510166249E-002   3.5359952789564469E-002   3.6584534446775639E-002   3.7889594131383354E-002   3.9278980607671599E-002   4.0756635256571742E-002   4.2326577026509063E-002   4.3992885629647954E-002   4.5759684389188475E-002   4.7631124778641287E-002   4.9611375231612770E-002   5.1704617074946599E-002   5.3915050267092743E-002   5.6246910859862422E-002   5.8704500713402108E-002   6.1292228178241821E-002   6.4014656789178587E-002   6.6876558647040868E-002   6.9882972149631878E-002   7.3039273675326685E-002   7.6351296435805141E-002   7.9825580868225859E-002   8.3469951339261675E-002   8.7294861161354820E-002   9.1316526998588957E-002   9.5564269314430947E-002  0.10009782921793768       0.10504813380116847       0.11071081290915871       0.11774672363298527       0.12755329770516835       0.14273873978339160       0.16699579299118908       0.20233288057593077       0.24465154181487686       0.29136058541832538       0.31392912197345846       0.29136230617853931       0.24463541910510572       0.20232483639006180       0.16699722721609503       0.14274511451885327       0.12756068748525010       0.11775270166140236       0.11071447792952721       0.10504961680552241       0.10009769719897213        9.5563127418307081E-002   9.1314849633556669E-002   8.7292964917644877E-002   8.3468025875486310E-002   7.9823730528042119E-002   7.6349574256458538E-002   7.3037704239929752E-002   6.9881565170703583E-002   6.6875316239054725E-002   6.4013576942516526E-002   6.1291306200064767E-002   5.8703729747541580E-002   5.6246282116375265E-002   5.3914553266780109E-002   5.1704240011270865E-002   4.9611105440115738E-002   4.7630949254833868E-002   4.5759590287142625E-002   4.3992860686983090E-002   4.2326609883708871E-002   4.0756715660797749E-002   3.9279099508677535E-002   3.7889743688078022E-002   3.6584707967755252E-002   3.5360144630935619E-002   3.4212310950935278E-002   3.3137578842516995E-002   3.2132441768721737E-002   3.1193519221958191E-002   3.0317559221416799E-002   2.9501439303750567E-002   2.8742166459039969E-002   2.8036876404478012E-002   2.7382832513475605E-002   2.6777424641484599E-002   2.6218168019946177E-002   2.5702702330455105E-002   2.5228791023690248E-002   2.4794320911355090E-002   2.4397302032857771E-002   2.4035867779981505E-002   2.3708275250634084E-002   2.3412905795413396E-002   2.3148265716955694E-002   2.2912987080882435E-002   2.2705828597897142E-002   2.2525676538649713E-002   2.2371545645960538E-002   2.2242580012555285E-002   2.2138053896352445E-002   2.2057372449377374E-002   2.2000072340406601E-002   2.1965822255380154E-002   2.1954423263404441E-002
   2.1985288887942881E-002   2.2019889633306478E-002   2.2077786183164853E-002   2.2159314589709069E-002   2.2264944842810448E-002   2.2395280408676062E-002   2.2551057659080925E-002   2.2733145208477325E-002   2.2942543180546161E-002   2.3180382430131596E-002   2.3447923750895813E-002   2.3746557103306101E-002   2.4077800901532085E-002   2.4443301401238599E-002   2.4844832232786836E-002   2.5284294125580746E-002   2.5763714868659179E-002   2.6285249549393312E-002   2.6851181105325563E-002   2.7463921212523557E-002   2.8126011515783537E-002   2.8840125179849570E-002   2.9609068704750361E-002   3.0435783900993357E-002   3.1323349861298248E-002   3.2274984696329577E-002   3.3294046727164454E-002   3.4384034756181653E-002   3.5548586985661990E-002   3.6791478141203628E-002   3.8116614412814893E-002   3.9528025981808483E-002   4.1029857186656839E-002   4.2626354816415135E-002   4.4321855605808036E-002   4.6120774707316292E-002   4.8027597653111230E-002   5.0046878964482823E-002   5.2183250949810980E-002   5.4441446178274525E-002   5.6826336506282937E-002   5.9342990408548721E-002   6.1996749081298909E-002   6.4793321234078410E-002   6.7738898449543519E-002   7.0840300780781518E-002   7.4105182116041612E-002   7.7542369325406271E-002   8.1162505852256955E-002   8.4979384707958058E-002   8.9012852989330427E-002   9.3295381604319425E-002   9.7887458056055754E-002  0.10291482689093644       0.10866052236818857       0.11579249467379976       0.12590950813683191       0.14274527826746555       0.17432758270078128       0.23458051096860999       0.33339040757343646       0.44885550799125679       0.59832438423655010       0.67521892685491069       0.59833437381869736       0.44876822261398941       0.33334320966375897       0.23456864344875486       0.17433355127392167       0.14275759747310598       0.12592115185974614       0.11580056021336065       0.10866481257846949       0.10291625850722678        9.7887088129322175E-002   9.3294031210580483E-002   8.9011055793859414E-002   8.4977451227330345E-002   8.1160602373934507E-002   7.7540578498466642E-002   7.4103541709421253E-002   7.0838825893445728E-002   6.7737593144685151E-002   6.4792184075282561E-002   6.1995775466493916E-002   5.9342173423429810E-002   5.6825667243187342E-002   5.4440913981673403E-002   5.2182843761958433E-002   5.0046583788440055E-002   4.8027401079648681E-002   4.6120663434227264E-002   4.4321816889013363E-002   4.2626376815093792E-002   4.1029929188717923E-002   3.9528138515440944E-002   3.8116759262385613E-002   3.6791648291578632E-002   3.5548776519532650E-002   3.4384238726042834E-002   3.3294261018948050E-002   3.2275205896677470E-002   3.1323575135917360E-002   3.0436010887900943E-002   2.9609295423599760E-002   2.8840349956835980E-002   2.8126232922680253E-002   2.7464138017981463E-002   2.6851392236493830E-002   2.6285454062037725E-002   2.5763911924162591E-002   2.5284482973442501E-002   2.4845012197459885E-002   2.4443471872339754E-002   2.4077961326629413E-002   2.3746706982631430E-002   2.3448062633454187E-002   2.3180509910788065E-002   2.2942658897766238E-002   2.2733248842482633E-002   2.2551148930256087E-002   2.2395359076126501E-002   2.2265010703022784E-002   2.2159367475306096E-002   2.2077825961775065E-002   2.2019916206585013E-002   2.1985302190787061E-002   2.1973782171286569E-002
   2.2001374610609165E-002   2.2036276107748328E-002   2.2094676528365432E-002   2.2176915831042518E-002   2.2283469506492494E-002   2.2414948149240291E-002   2.2572096930806449E-002   2.2755794992830421E-002   2.2967054783109668E-002   2.3207021362194834E-002   2.3476971712879810E-002   2.3778314089522735E-002   2.4112587448443332E-002   2.4481461004417941E-002   2.4886733961216431E-002   2.5330335465773093E-002   2.5814324835395142E-002   2.6340892104637213E-002   2.6912358932114664E-002   2.7531179896316767E-002   2.8199944191851057E-002   2.8921377711734329E-002   2.9698345465583351E-002   3.0533854236513176E-002   3.1431055320993856E-002   3.2393247127719085E-002   3.3423877338964847E-002   3.4526544271085348E-002   3.5704997026067047E-002   3.6963134026852647E-002   3.8304999605477071E-002   3.9734778499031655E-002   4.1256788436828506E-002   4.2875471495387257E-002   4.4595385556345270E-002   4.6421197990883539E-002   4.8357684530857724E-002   5.0409737039999770E-002   5.2582384400771100E-002   5.4880830820566939E-002   5.7310515455171983E-002   5.9877196482417440E-002   6.2587062189361067E-002   6.5446872562609504E-002   6.8464139912364899E-002   7.1647371304245325E-002   7.5006429192458757E-002   7.8553141347236011E-002   8.2302456857968373E-002   8.6274824482895598E-002   9.0501381775275086E-002   9.5035848760863739E-002   9.9983094863573874E-002  0.10557079536149215       0.11233552680224859       0.12161597568935684       0.13686121443832994       0.16701264139234492       0.23458832759273812       0.38967083601741020       0.66507899298786810       0.84893734141407207       0.93913727061061048       0.96980158219212520       0.93913789517219359       0.84889485375729479       0.66497639287263988       0.38961857550742673       0.23458128748648108       0.16702792970256683       0.13688032753508261       0.12163050178317596       0.11234400920752524       0.10557455473703274        9.9983878689777830E-002   9.5035008136115928E-002   9.0499771941519008E-002   8.6272928646206240E-002   8.2300526997029874E-002   7.8551300098886181E-002   7.5004731923548104E-002   7.1645840349753895E-002   6.8462782053231683E-002   6.5445687253799067E-002   6.2586045053877534E-002   5.9876340613183414E-002   5.7309811873433335E-002   5.4880268743690251E-002   5.2581951579179123E-002   5.0409420214456289E-002   4.8357469965676747E-002   4.6421072009939057E-002   4.4595335016175117E-002   4.2875484152623447E-002   4.1256853192740736E-002   3.9734885525115261E-002   3.8305140367977789E-002   3.6963301234872160E-002   3.5705184528883140E-002   3.4526746927510614E-002   3.3424090876821362E-002   3.2393468006269931E-002   3.1431280604384167E-002   3.0534081482413065E-002   2.9698572630427859E-002   2.8921603072136350E-002   2.8200166280732717E-002   2.7531397451841910E-002   2.6912570857410226E-002   2.6341097436406075E-002   2.5814522719735923E-002   2.5330525139763315E-002   2.4886914739046979E-002   2.4481632267071993E-002   2.4112748636089261E-002   2.3778464695940353E-002   2.3477111281368309E-002   2.3207149482523198E-002   2.2967171089169871E-002   2.2755899160741708E-002   2.2572188677296108E-002   2.2415027230192206E-002   2.2283535715608781E-002   2.2176968998605360E-002   2.2094716520115860E-002   2.2036302823916450E-002   2.2001387985137545E-002   2.1989767926246996E-002
   2.2013978581827277E-002   2.2049115922542724E-002   2.2107911475443220E-002   2.2190708273075444E-002   2.2297986135262477E-002   2.2430361267252532E-002   2.2588585768129683E-002   2.2773547068837888E-002   2.2986267323929936E-002   2.3227902786049224E-002   2.3499743197096294E-002   2.3803211234890792E-002   2.4139862058728673E-002   2.4511383001311893E-002   2.4919593457776154E-002   2.5366445024539795E-002   2.5854021940881856E-002   2.6384541883772594E-002   2.6960357160521989E-002   2.7583956332990656E-002   2.8257966289844338E-002   2.8985154757850518E-002   2.9768433207765791E-002   3.0610860063669604E-002   3.1515644066585816E-002   3.2486147576065952E-002   3.3525889522862090E-002   3.4638547662822483E-002   3.5827959744233202E-002   3.7098123212988172E-002   3.8453193174166088E-002   3.9897478541106028E-002   4.1435436668784895E-002   4.3071667311435399E-002   4.4810907466086472E-002   4.6658029528552573E-002   4.8618046113294434E-002   5.0696125741508391E-002   5.2897624219261710E-002   5.5228136762879305E-002   5.7693575746798287E-002   6.0300278586571686E-002   6.3055150499374574E-002   6.5965849465150758E-002   6.9041029239872279E-002   7.2290678001139683E-002   7.5726640333426465E-002   7.9363522722126947E-002   8.3220438602240682E-002   8.7324654034688906E-002   9.1719698014948572E-002   9.6484425075908001E-002  0.10178021169076827       0.10797356897475134       0.11596787548651440       0.12812805505935704       0.15090571318494206       0.20235663108578847       0.33338454135536888       0.66507055695113559       0.91479872036787113        1.0235259436393342        1.0691795507137201        1.0825358221425261        1.0691870634200189        1.0235282109167094       0.91477478470467444       0.66497266355906626       0.33331917979657072       0.20236074366816434       0.15093107126207603       0.12815046114636247       0.11598175704442208       0.10798032509196978       0.10178246866116854        9.6484239774967770E-002   9.1718344360567611E-002   8.7322832582465565E-002   8.3218505714380359E-002   7.9361648464431528E-002   7.5724900586053329E-002   7.2289103496664175E-002   6.9039629960120863E-002   6.5964625968251672E-002   6.3054098731958982E-002   6.0299391701401840E-002   5.7692844733148951E-002   5.5227550753296661E-002   5.2897170825459215E-002   5.0695791507755709E-002   4.8617817054072351E-002   4.6657891677406825E-002   4.4810847366235536E-002   4.3071672401304460E-002   4.1435495542271029E-002   3.9897581084916325E-002   3.8453330599721475E-002   3.7098288007943236E-002   3.5828145570074292E-002   3.4638749222318230E-002   3.3526102416321722E-002   3.2486368159952955E-002   3.1515869323046224E-002   3.0611087485490050E-002   2.9768660700330317E-002   2.8985380557740598E-002   2.8258188898627405E-002   2.7584174464241534E-002   2.6960569698009890E-002   2.6384747848857172E-002   2.5854220467378227E-002   2.5366635339560441E-002   2.4919774867296456E-002   2.4511554879418487E-002   2.4140023839692187E-002   2.3803362407359391E-002   2.3499883299839264E-002   2.3228031404795905E-002   2.2986384088951078E-002   2.2773651653007321E-002   2.2588677885283032E-002   2.2430440670727501E-002   2.2298052616560822E-002   2.2190761660629974E-002   2.2107951633503656E-002   2.2049142750213219E-002   2.2013992012296025E-002   2.2002293505366997E-002
   2.2023031768372722E-002   2.2058338610850090E-002   2.2117418150644785E-002   2.2200615635302085E-002   2.2308414004311761E-002   2.2441433506589677E-002   2.2600431234621503E-002   2.2786300595289428E-002   2.3000070742325188E-002   2.3242906000399761E-002   2.3516105315984838E-002   2.3821101775172507E-002   2.4159462233435729E-002   2.4532887106613381E-002   2.4943210375893525E-002   2.5392399861827793E-002   2.5882557822874394E-002   2.6415921931877379E-002   2.6994866678235037E-002   2.7621905232990011E-002   2.8299691797099288E-002   2.9031024427931179E-002   2.9818848303853143E-002   3.0666259340394041E-002   3.1576508013926877E-002   3.2553003182521467E-002   3.3599315624729099E-002   3.4719180957131862E-002   3.5916501558944242E-002   3.7195347152979966E-002   3.8559953800342557E-002   4.0014721299217584E-002   4.1564209372678809E-002   4.3213133612078500E-002   4.4966362913354090E-002   4.6828921068024276E-002   4.8805996165403480E-002   5.0902962396301793E-002   5.3125419562706458E-002   5.5479255962450902E-002   5.7970740338888112E-002   6.0606648593818778E-002   6.3394431932500217E-002   6.6342437235525673E-002   6.9460202285089090E-002   7.2758877456938487E-002   7.6251892102647226E-002   7.9956135378699861E-002   8.3894274136364091E-002   8.8099687964438581E-002   9.2627693040005968E-002   9.7582613991405054E-002  0.10318678599826620       0.10996553462970821       0.11926440610163443       0.13473913654343089       0.16670485256001091       0.24465501636898376       0.44872635268595451       0.84891396816741682        1.0235383177122133        1.0908151620578628        1.1164844088726344        1.1233417197163802        1.1164987777250026        1.0908383175548872        1.0235482314479345       0.84883381742409769       0.44843253277737277       0.24459917677565307       0.16672715380236286       0.13476849600577559       0.11928391684632590       0.10997547180535844       0.10319059391304938        9.7583114772515786E-002   9.2626612764448987E-002   8.8097955724965191E-002   8.3892352928679179E-002   7.9954242525376598E-002   7.6250123554586630E-002   7.2757272089825173E-002   6.9458773195801168E-002   6.6341186080884990E-002   6.3393355003288007E-002   6.0605739126736821E-002   5.7969989317397740E-002   5.5478652467941120E-002   5.3124951114476349E-002   5.0902615403028942E-002   4.8805756465871646E-002   4.6828774489098064E-002   4.4966295773303216E-002   4.3213133119460949E-002   4.1564263898333155E-002   4.0014820522466119E-002   3.8560088746550682E-002   3.7195510147789365E-002   3.5916686126237989E-002   3.4719381685202985E-002   3.3599528020258645E-002   3.2553223526440744E-002   3.1576733228104024E-002   3.0666486869903375E-002   2.9819076016529888E-002   2.9031250530909512E-002   2.8299914768881402E-002   2.7622123769063978E-002   2.6995079648134232E-002   2.6416128345681970E-002   2.5882756805374323E-002   2.5392590632819314E-002   2.4943392235325986E-002   2.4533059423520447E-002   2.4159624437772080E-002   2.3821253351835520E-002   2.3516245800436677E-002   2.3243034975423505E-002   2.3000187835552785E-002   2.2786405477231316E-002   2.2600523617008587E-002   2.2441513140907084E-002   2.2308480680460728E-002   2.2200669180370385E-002   2.2117458427797658E-002   2.2058365518372938E-002   2.2023045238905199E-002   2.2011290351505876E-002
   2.2028484383650168E-002   2.2063893350524937E-002   2.2123143993157398E-002   2.2206582895846021E-002   2.2314694880903211E-002   2.2448102637910701E-002   2.2607566273535582E-002   2.2793982802336438E-002   2.3008385604010417E-002   2.3251943877703619E-002   2.3525962129242219E-002   2.3831879732311299E-002   2.4171270609531555E-002   2.4545843083822221E-002   2.4957439954077759E-002   2.5408038851606050E-002   2.5899752934413600E-002   2.6434831974516289E-002   2.7015663887988428E-002   2.7644776747131419E-002   2.8324841297352629E-002   2.9058673976310033E-002   2.9849240397872529E-002   3.0699659217278217E-002   3.1613206236659017E-002   3.2593318544383430E-002   3.3643598413868749E-002   3.4767816629563485E-002   3.5969914878692812E-002   3.7254006874027371E-002   3.8624377989765153E-002   4.0085483438607197E-002   4.1641945430860028E-002   4.3298550362408920E-002   4.5060247880223753E-002   4.6932154636428400E-002   4.8919566581574557E-002   5.1027984634160500E-002   5.3263159342179130E-002   5.5631160605381473E-002   5.8138478689875435E-002   6.0792163037074534E-002   6.3600006866855185E-002   6.6570790808904712E-002   6.9714613027799383E-002   7.3043367650780025E-002   7.6571512375271863E-002   8.0317447970546005E-002   8.4306262742596463E-002   8.8575661053295979E-002   9.3189677334034798E-002   9.8272426757843576E-002  0.10409619831204799       0.11132440350444406       0.12171512914094193       0.14024229703961941       0.18168483419362233       0.29128637541141794       0.59779583478736376       0.93905023378306085        1.0691986225677181        1.1165023329999013        1.1333718145121945        1.1376150541561980        1.1333905467335077        1.1165345969573295        1.0692104905108408       0.93888648242516748       0.59689343243313964       0.29109060500047407       0.18168975052667519       0.14027515359428044       0.12173891740013359       0.11133685331753698       0.10410122644795940        9.8273463007537962E-002   9.3188811146801928E-002   8.8574001884043796E-002   8.4304355920118923E-002   8.0315546598158857E-002   7.6569727375030996E-002   7.3041743919094751E-002   6.9713165962560414E-002   6.6569522886821733E-002   6.3598914643476778E-002   6.0791239820615774E-002   5.8137715468824833E-002   5.5630546434916432E-002   5.3262681689213026E-002   5.1027629828213031E-002   4.8919320357349173E-002   4.6932002697238663E-002   4.5060176409028062E-002   4.3298546428871203E-002   4.1641997270584354E-002   4.0085580604859714E-002   3.8624511394592546E-002   3.7254168744239036E-002   3.5970098654122512E-002   3.4768016828507879E-002   3.3643810485708636E-002   3.2593538723788368E-002   3.1613431408551371E-002   3.0699886797467459E-002   2.9849468231145832E-002   2.9058900251711910E-002   2.8325064479203577E-002   2.7644995519787871E-002   2.7015877112212705E-002   2.6435038653430984E-002   2.5899952187235061E-002   2.5408229893607259E-002   2.4957622081478760E-002   2.4546015662527201E-002   2.4171433066820860E-002   2.3832031550757742E-002   2.3526102842258499E-002   2.3252073066247537E-002   2.3008502894079762E-002   2.2794087862978801E-002   2.2607658815179781E-002   2.2448182410896304E-002   2.2314761674142168E-002   2.2206636535595046E-002   2.2123184341911850E-002   2.2063920306064588E-002   2.2028497878275970E-002   2.2016709021954049E-002
   2.2030306361516785E-002   2.2065749449424698E-002   2.2125057259770414E-002   2.2208576823662032E-002   2.2316793592762684E-002   2.2450331072500777E-002   2.2609950377150950E-002   2.2796549727352330E-002   2.3011163915686011E-002   2.3254963771139683E-002   2.3529255658559966E-002   2.3835481054401930E-002   2.4175216245051031E-002   2.4550172198477129E-002   2.4962194663668981E-002   2.5413264554771914E-002   2.5905498677546837E-002   2.6441150853922790E-002   2.7022613495012240E-002   2.7652419662690005E-002   2.8333245643106970E-002   2.9067914030533822E-002   2.9859397284984872E-002   3.0710821680978221E-002   3.1625471507688463E-002   3.2606793315236693E-002   3.3658399934443133E-002   3.4784073940110370E-002   3.5987770199991338E-002   3.7273617180220028E-002   3.8645916797844217E-002   4.0109142861558748E-002   4.1667938560748241E-002   4.3327114077313870E-002   4.5091646207216216E-002   4.6966682854032528E-002   4.8957556311834800E-002   5.1069810259272708E-002   5.3309246187986582E-002   5.5681995472644706E-002   5.8194623503720601E-002   6.0854272669393646E-002   6.3668852662774528E-002   6.6647292230542859E-002   6.9799881595278862E-002   7.3138771122230245E-002   7.6678775559039389E-002   8.0438826579399506E-002   8.4444876742370265E-002   8.8736206214357335E-002   9.3380103726969241E-002   9.8508271020258803E-002  0.10441272081230721       0.11181332671578760       0.12264454345100415       0.14247816085993745       0.18828212967590174       0.31379902684441097       0.67449220898673623       0.96967039201423522        1.0825544095916313        1.1233680596416014        1.1376245614440552        1.1411330642612292        1.1376449409787717        1.1234037711068596        1.0825691940266191       0.96949851078828952       0.67355584396493973       0.31357116522953749       0.18828308515004638       0.14251280657208582       0.12267007779603738       0.11182676789000312       0.10441822295273880        9.8509513377759580E-002   9.3379319780684533E-002   8.8734575540726945E-002   8.4442976215996918E-002   8.0436922855239457E-002   7.6676985180756746E-002   7.3137141235165737E-002   6.9798428455763839E-002   6.6646018622355668E-002   6.3667755241824248E-002   6.0853344772017752E-002   5.8193856121753131E-002   5.5681377653416769E-002   5.3308765381613749E-002   5.1069452769426558E-002   4.8957307838912494E-002   4.6966529060369619E-002   4.5091573230686750E-002   4.3327108941138198E-002   4.1667989455178613E-002   4.0109239297482502E-002   3.8646049649127455E-002   3.7273778640304199E-002   3.5987953680276727E-002   3.4784273935165790E-002   3.3658611874182967E-002   3.2607013418575782E-002   3.1625696646931774E-002   3.0711049261907777E-002   2.9859625144459320E-002   2.9068140351345233E-002   2.8333468884646301E-002   2.7652638505418374E-002   2.7022826796598839E-002   2.6441357615015110E-002   2.5905698015359580E-002   2.5413455682937573E-002   2.4962376877042031E-002   2.4550344861805695E-002   2.4175378784620227E-002   2.3835632951914598E-002   2.3529396446658923E-002   2.3255093030095649E-002   2.3011281270881288E-002   2.2796654847283764E-002   2.2610042971757682E-002   2.2450410891692200E-002   2.2316860425079819E-002   2.2208630495050483E-002   2.2125097632475093E-002   2.2065776421036545E-002   2.2030319864210366E-002   2.2018519658448570E-002
   2.2028487643319428E-002   2.2063896639420183E-002   2.2123147330636039E-002   2.2206586301020518E-002   2.2314698372542147E-002   2.2448106234343422E-002   2.2607569992562207E-002   2.2793986661145540E-002   2.3008389619107100E-002   2.3251948064851043E-002   2.3525966503419669E-002   2.3831884307691464E-002   2.4171275399478519E-002   2.4545848100909651E-002   2.4957445210123063E-002   2.5408044357710824E-002   2.5899758700992516E-002   2.6434838011285086E-002   2.7015670203865833E-002   2.7644783349989113E-002   2.8324848193520602E-002   2.9058681169711754E-002   2.9849247888625571E-002   3.0699666999552570E-002   3.1613214295540745E-002   3.2593326851451360E-002   3.3643606921164686E-002   3.4767825261636041E-002   3.5969923522435256E-002   3.7254015366131432E-002   3.8624386101792321E-002   4.0085490859949932E-002   4.1641951750227960E-002   4.3298555048906548E-002   4.5060250265531072E-002   4.6932153899957127E-002   4.8919561740609380E-002   5.1027974540740414E-002   5.3263142687676415E-002   5.5631135932348190E-002   5.8138444408971042E-002   6.0792117445537669E-002   6.3599948165898423E-002   6.6570717124583983E-002   6.9714522461684775E-002   7.3043258440735365E-002   7.6571383370456381E-002   8.0317299898244751E-002   8.4306101329451072E-002   8.8575504247807454E-002   9.3189570995412072E-002   9.8272475749172861E-002  0.10409661713305304       0.11132555083981927       0.12171726910426485       0.14024379287202343       0.18167287224450790       0.29119458914778035       0.59736288176051588       0.93894812738030597        1.0691909325590221        1.1165188671217057        1.1333954425329307        1.1376405864843997        1.1334142146366544        1.1165511793764162        1.0692026663184862       0.93878307417574636       0.59645381836813660       0.29099740517341605       0.18167762133580703       0.14027668607157764       0.12174109959045601       0.11133802495257186       0.10410165687829226        9.8273517013386019E-002   9.3188706775575350E-002   8.8573845722742170E-002   8.4304194599927607E-002   8.0315398398635690E-002   7.6569598161245825E-002   7.3041634474968684E-002   6.9713075159614307E-002   6.6569448971124059E-002   6.3598855719195907E-002   6.0791194014439290E-002   5.8137680982126690E-002   5.5630521565160511E-002   5.3262664847453470E-002   5.1027619557500042E-002   4.8919315349545765E-002   4.6932001804770675E-002   4.5060178649402545E-002   4.3298550981535032E-002   4.1642003467072419E-002   4.0085587913977032E-002   3.8624519404629597E-002   3.7254177144085208E-002   3.5970107214784247E-002   3.4768025386095761E-002   3.3643818926527881E-002   3.2593546971805831E-002   3.1613439415241716E-002   3.0699894533861707E-002   2.9849475681804041E-002   2.9058907410300774E-002   2.8325071345360355E-002   2.7645002096978608E-002   2.7015883406332718E-002   2.6435044671939967E-002   2.5899957938662427E-002   2.5408235387302167E-002   2.4957627327512173E-002   2.4546020671679904E-002   2.4171437850612421E-002   2.3832036121486922E-002   2.3526107213037304E-002   2.3252077251019212E-002   2.3008506907616546E-002   2.2794091720858913E-002   2.2607662533745135E-002   2.2448186007193678E-002   2.2314765165850951E-002   2.2206639940944552E-002   2.2123187679591053E-002   2.2063923595126479E-002   2.2028501138038420E-002   2.2016712271898550E-002
   2.2023038274060009E-002   2.2058345174899158E-002   2.2117424811713145E-002   2.2200622431559316E-002   2.2308420973242354E-002   2.2441440684802874E-002   2.2600438657671786E-002   2.2786308297512083E-002   2.3000078756692455E-002   2.3242914358403623E-002   2.3516114047552588E-002   2.3821110908620401E-002   2.4159471795463929E-002   2.4532897122341083E-002   2.4943220868926193E-002   2.5392410854337508E-002   2.5882569335658273E-002   2.6415933984336351E-002   2.6994879288184212E-002   2.7621918416170864E-002   2.8299705566211246E-002   2.9031038790935382E-002   2.9818863261224540E-002   3.0666274880912479E-002   3.1576524108509779E-002   3.2553019775521254E-002   3.3599332622064972E-002   3.4719198210622589E-002   3.5916518846287611E-002   3.7195364153021639E-002   3.8559970063628907E-002   4.0014736214358228E-002   4.1564222129757356E-002   4.3213143165200821E-002   4.4966367945305820E-002   4.6828919960732816E-002   4.8805986980193415E-002   5.0902942867465675E-002   5.3125387106384550E-002   5.5479207700114004E-002   5.7970673131234461E-002   6.0606559078040002E-002   6.3394316557020838E-002   6.6342292298643579E-002   6.9460024022149014E-002   7.2758662315075093E-002   7.6251637555859175E-002   7.9955842099307464E-002   8.3893951307301137E-002   8.8099365427730544E-002   9.2627447311673258E-002   9.7582619253521491E-002  0.10318739855146890       0.10996737390687987       0.11926816555529883       0.13474394544435214       0.16670084129159535       0.24459648403665363       0.44846810790064512       0.84879951448902768        1.0235295568589182        1.0908433665931245        1.1165246276050667        1.1233857712264013        1.1165390624537257        1.0908666198965058        1.0235394419802497       0.84871853368003269       0.44817151939163419       0.24454000307885512       0.16672314859990134       0.13477340541746075       0.11928774971220948       0.10997735095471035       0.10319122542518207        9.7583128263957708E-002   9.2626370260614904E-002   8.8097634207833397E-002   8.3892030187795619E-002   7.9953948958424309E-002   7.6249868580641811E-002   7.2757056479111348E-002   6.9458594461292683E-002   6.6341040684030045E-002   6.3393239183922812E-002   6.0605649184238698E-002   5.7969921700509984E-002   5.5478603814347785E-002   5.3124918285704099E-002   5.0902595521567569E-002   4.8805746948850197E-002   4.6828773071579927E-002   4.4966300517050514E-002   4.3213142406463970E-002   4.1564276411082186E-002   4.0014835214466332E-002   3.8560104807048946E-002   3.7195526964393461E-002   3.5916703248390545E-002   3.4719398790594859E-002   3.3599544885419559E-002   3.2553240002033995E-002   3.1576749218922222E-002   3.0666502319210601E-002   2.9819090894198208E-002   2.9031264824718302E-002   2.8299928478350524E-002   2.7622136901244765E-002   2.6995092214861353E-002   2.6416140361877106E-002   2.5882768288077774E-002   2.5392601600702384E-002   2.4943402708501549E-002   2.4533069423521917E-002   2.4159633987611926E-002   2.3821262476085570E-002   2.3516254525295141E-002   2.3243043328749772E-002   2.3000195846861839E-002   2.2786413177646847E-002   2.2600531039177845E-002   2.2441520318882992E-002   2.2308487649557306E-002   2.2200675976997680E-002   2.2117465089281592E-002   2.2058372082764646E-002   2.2023051744783452E-002   2.2011296837775345E-002
   2.2013988306317841E-002   2.2049125734350604E-002   2.2107921432411446E-002   2.2190718432320036E-002   2.2297996552878448E-002   2.2430371998030156E-002   2.2588596865286237E-002   2.2773558583771624E-002   2.2986279306004328E-002   2.3227915282416432E-002   2.3499756252569122E-002   2.3803224891871078E-002   2.4139876357196950E-002   2.4511397978877084E-002   2.4919609149773710E-002   2.5366461464150756E-002   2.5854039159221964E-002   2.6384559909867218E-002   2.6960376021037426E-002   2.7583976051532223E-002   2.8257986885554667E-002   2.8985176242946758E-002   2.9768455583541999E-002   3.0610883314365404E-002   3.1515668150393007E-002   3.2486172412427586E-002   3.3525914975138398E-002   3.4638573515391326E-002   3.5827985673204249E-002   3.7098148749993676E-002   3.8453217663199320E-002   3.9897501089149842E-002   4.1435456092011401E-002   4.3071682080003990E-002   4.4810915651870398E-002   4.6658028761213437E-002   4.8618033550607870E-002   5.0696098059245388E-002   5.2897577623798743E-002   5.5228067025851396E-002   5.7693478255986558E-002   6.0300148402642854E-002   6.3054982408409663E-002   6.5965638031172683E-002   6.9040768907873459E-002   7.2290363415333389E-002   7.5726267289364491E-002   7.9363090706653747E-002   8.3219956956735286E-002   8.7324155831388930E-002   9.1719269187015617E-002   9.6484260509277248E-002  0.10178070868628269       0.10797543569835635       0.11597208206096633       0.12813495381611387       0.15091131844344841       0.20234162010046350       0.33329431426785033       0.66490247907545508       0.91475950035974374        1.0235373258186606        1.0691950670974910        1.0825549208515024        1.0692026323129400        1.0235396446228044       0.91473551629431726       0.66480396658722973       0.33322835599077749       0.20234569892283652       0.15093681536337422       0.12815748815565497       0.11598604430825615       0.10798223470331668       0.10178298617418381        9.6484084184135815E-002   9.1717919015722141E-002   8.7322335386443517E-002   8.3218024008725272E-002   7.9361215952518632E-002   7.5724526884120458E-002   7.2288788207735821E-002   6.9039368926512287E-002   6.5964413851330672E-002   6.3053929982011384E-002   6.0299260883715379E-002   5.7692746634302475E-002   5.5227480434804146E-002   5.2897123676438201E-002   5.0695763301422003E-002   4.8617803998300471E-002   4.6657890449115197E-002   4.4810855123837381E-002   4.3071686774537148E-002   4.1435514602552341E-002   3.9897603301500578E-002   3.8453354787529884E-002   3.7098313272466960E-002   3.5828171253666802E-002   3.4638774854898281E-002   3.3526127672266828E-002   3.2486392821927675E-002   3.1515893252740068E-002   3.0611110600731493E-002   2.9768682957759637E-002   2.8985401940111805E-002   2.8258209405815644E-002   2.7584194107111722E-002   2.6960588494418913E-002   2.6384765821190998E-002   2.5854237641150454E-002   2.5366651742710685E-002   2.4919790529922058E-002   2.4511569833749792E-002   2.4140038120181818E-002   2.3803376050801288E-002   2.3499896345466557E-002   2.3228043894330065E-002   2.2986396066590926E-002   2.2773663165356516E-002   2.2588688981221027E-002   2.2430451401231989E-002   2.2298063034490962E-002   2.2190771820479314E-002   2.2107961591131032E-002   2.2049152562558225E-002   2.2014001737084416E-002   2.2002303200810029E-002
   2.2001387513299508E-002   2.2036289126441407E-002   2.2094689739918020E-002   2.2176929311351096E-002   2.2283483330104558E-002   2.2414962388978756E-002   2.2572111657414018E-002   2.2755810274642657E-002   2.2967070685767348E-002   2.3207037948407425E-002   2.3476989042252167E-002   2.3778332218455735E-002   2.4112606430115143E-002   2.4481480888844682E-002   2.4886754795377934E-002   2.5330357293768837E-002   2.5814347698565391E-002   2.6340916041541509E-002   2.6912383978201594E-002   2.7531206083041427E-002   2.8199971544897756E-002   2.8921406247879582E-002   2.9698375187589787E-002   3.0533885125283010E-002   3.1431087324043143E-002   3.2393280142881301E-002   3.3423911192126537E-002   3.4526578686742936E-002   3.5705031589631127E-002   3.6963168137982144E-002   3.8305032422369052E-002   3.9734808874574881E-002   4.1256814848857799E-002   4.2875491974882100E-002   4.4595397619113866E-002   4.6421198579727083E-002   4.8357669975927740E-002   5.0409703044437683E-002   5.2582326056164551E-002   5.4880742651966068E-002   5.7310391488824622E-002   5.9877030322960371E-002   6.2586847091669021E-002   6.5446601496506718E-002   6.8463805664523911E-002   7.1646966776075141E-002   7.5005948302409392E-002   7.8552581455323969E-002   8.2301824618398189E-002   8.6274148825027527E-002   9.0500740596792278E-002   9.5035419331595733E-002   9.9983237774891542E-002  0.10557216312003165       0.11233910940900393       0.12162276901561193       0.13687071496182873       0.16701878796933456       0.23457236752738572       0.38959986230945282       0.66495238446139038       0.84884081059681737       0.93894819317143197       0.96960524509202928       0.93894877421036393       0.84879804813681714       0.66484938677002647       0.38954751934045823       0.23456536965569677       0.16703422806577803       0.13688998568072788       0.12163740953744227       0.11234766063695517       0.10557595912948932        9.9984039335314190E-002   9.5034586493236720E-002   9.0499133681412852E-002   8.6272253649629996E-002   8.2299894422549119E-002   7.8550739460117550E-002   7.5004250136805076E-002   7.1645434888330153E-002   6.8462446881649777E-002   6.5445415290266165E-002   6.2585829090126985E-002   5.9876173620296617E-002   5.7309687107047910E-002   5.4880179809779772E-002   5.2581892505936700E-002   5.0409385529124801E-002   4.8357454761860201E-002   4.6421071992287719E-002   4.4595346515654007E-002   4.2875504112100386E-002   4.1256879127394411E-002   3.9734915464711903E-002   3.8305172788693137E-002   3.6963334987627113E-002   3.5705218769718071E-002   3.4526781053834533E-002   3.3424124471772107E-002   3.2393500792096283E-002   3.1431312404780268E-002   3.0534112193092620E-002   2.9698602196868575E-002   2.8921631473287357E-002   2.8200193517490025E-002   2.7531423539202033E-002   2.6912595819364053E-002   2.6341121302802070E-002   2.5814545524503216E-002   2.5330546920029836E-002   2.4886935534809827E-002   2.4481652121176537E-002   2.4112767594350555E-002   2.3778482807299106E-002   2.3477128598016320E-002   2.3207166059963397E-002   2.2967186986196684E-002   2.2755914439340556E-002   2.2572203402468832E-002   2.2415041469719173E-002   2.2283549539759875E-002   2.2176982479811772E-002   2.2094729732613259E-002   2.2036315843368390E-002   2.2001400888245957E-002   2.1989780790354928E-002
   2.1985304915101259E-002   2.2019905804793426E-002   2.2077802594621984E-002   2.2159331335592149E-002   2.2264962015908753E-002   2.2395298099647274E-002   2.2551075956009876E-002   2.2733164196469223E-002   2.2942562941367196E-002   2.3180403041911473E-002   2.3447945287907213E-002   2.3746579635834455E-002   2.4077824495844277E-002   2.4443326119650013E-002   2.4844858133810321E-002   2.5284321264116720E-002   2.5763743296150006E-002   2.6285279313814094E-002   2.6851212250813564E-002   2.7463953778356288E-002   2.8126045534296953E-002   2.8840160672741658E-002   2.9609105677042304E-002   3.0435822331726276E-002   3.1323389689842142E-002   3.2275025802995953E-002   3.3294088906683422E-002   3.4384077682581081E-002   3.5548630167240108E-002   3.6791520864698612E-002   3.8116655676626872E-002   3.9528064419286413E-002   4.1029890982037673E-002   4.2626381617923058E-002   4.4321872442477817E-002   4.6120777917914788E-002   4.8027582836527478E-002   5.0046840960429079E-002   5.2183183855912703E-002   5.4441343404195229E-002   5.6826190857768841E-002   5.9342794186067825E-002   6.1996494173903967E-002   6.4792999198498527E-002   6.7738500604433233E-002   7.0839818447326258E-002   7.4104607353550497E-002   7.7541696939804103E-002   8.1161738253399118E-002   8.4978542575755864E-002   8.9011996844099800E-002   9.3294651902433454E-002   9.7887142083628448E-002  0.10291545227238247       0.10866294251546252       0.11579784293737359       0.12591873537741449       0.14275780290086679       0.17433843825357909       0.23457398460432480       0.33331540224025841       0.44852063134753750       0.59729779134343763       0.67415987346378436       0.59730752466277826       0.44843243665168775       0.33326793683094719       0.23456216931316062       0.17434454351399453       0.14277027133699718       0.12593050150729021       0.11580599194615074       0.10866728255290667       0.10291691068010553        9.7886785240883442E-002   9.3293307173924034E-002   8.9010201565770927E-002   8.4976609221444163E-002   8.1159834093268213E-002   7.7539905095556819E-002   7.4102965812961941E-002   7.0838342405987742E-002   6.7737194165085501E-002   6.4791860938954560E-002   6.1995519496286462E-002   5.9341976177309776E-002   5.6825520611408518E-002   5.4440810266703596E-002   5.2182775772210553E-002   5.0046544936429425E-002   4.8027385465534547E-002   4.6120665899565316E-002   4.4321833033648110E-002   4.2626402977820929E-002   4.1029962397751779E-002   3.9528176417481090E-002   3.8116800039610974E-002   3.6791690574913154E-002   3.5548819304728536E-002   3.4384281297081258E-002   3.3294302881344683E-002   3.2275246721708631E-002   3.1323614715628237E-002   3.0436049100005223E-002   2.9609332204967333E-002   2.8840385284110308E-002   2.8126266798589022E-002   2.7464170462033897E-002   2.6851423278942181E-002   2.6285483740181432E-002   2.5763940280267305E-002   2.5284510053719185E-002   2.4845038051695280E-002   2.4443496553887993E-002   2.4077984892566909E-002   2.3746729493947103E-002   2.3448084155198126E-002   2.3180530512137851E-002   2.2942678651994581E-002   2.2733267826825776E-002   2.2551167225691723E-002   2.2395376767074645E-002   2.2265027876984724E-002   2.2159384222456023E-002   2.2077842374517369E-002   2.2019932379087948E-002   2.1985318218501124E-002   2.1973798150453763E-002
   2.1965828124902328E-002   2.2000065198380152E-002   2.2057352473897479E-002   2.2138021296788855E-002   2.2242535029777084E-002   2.2371488552774745E-002   2.2525607640418367E-002   2.2705748233305945E-002   2.2912895622851960E-002   2.3148163573714884E-002   2.3412793411793874E-002   2.3708153109691852E-002   2.4035736405108442E-002   2.4397161990606209E-002   2.4794172815262895E-002   2.5228635539458043E-002   2.5702540182890130E-002   2.6218000002147496E-002   2.6777251626801911E-002   2.7382655470828833E-002   2.8036696417676841E-002   2.8741984750786861E-002   2.9501257265035833E-002   3.0317378446994669E-002   3.1193341552484089E-002   3.2132269339863566E-002   3.3137414140831448E-002   3.4212156875406699E-002   3.5360004557689811E-002   3.6584585813496467E-002   3.7889643965253177E-002   3.9279027362406863E-002   4.0756676874621048E-002   4.2326610838869995E-002   4.3992908259298108E-002   4.5759691667644369E-002   4.7631111686468990E-002   4.9611335873400157E-002   5.1704544696498711E-002   5.3914937316869020E-002   5.6246749088119781E-002   5.8704281292786847E-002   6.1291941822870871E-002   6.4014293853834919E-002   6.6876109218707361E-002   6.9882426225213859E-002   7.3038621693605574E-002   7.6350530765729077E-002   7.9824699452095221E-002   8.3468965680727980E-002   8.7293812331049145E-002   9.1315515132556258E-002   9.5563503189159418E-002  0.10009770003742698       0.10504930570928933       0.11071429498099274       0.11775384233698732       0.12756542618886010       0.14275645685002700       0.16701613731567583       0.20233955630560191       0.24458980056663773       0.29114108720016019       0.31367514798586832       0.29114276074023826       0.24457352106560473       0.20233150844958520       0.16701766341356220       0.14276294683755178       0.12757292100801790       0.11775990069816467       0.11071801373289672       0.10505082087755917       0.10009758543449365        9.5562369740147840E-002   9.1313841209145638E-002   8.7291916916986775E-002   8.3467039763144457E-002   7.9822848069695793E-002   7.6348807302970945E-002   7.3037050899278214E-002   6.9881017886252311E-002   6.6874865480023069E-002   6.4013212716559770E-002   6.1291018597392714E-002   5.8703509124358351E-002   5.6246119188687688E-002   5.3914439210088191E-002   5.1704166579324029E-002   4.9611065084914127E-002   4.7630935225214915E-002   4.5759596689830755E-002   4.3992882503597723E-002   4.2326642945723587E-002   4.0756756590160703E-002   3.9279145634549165E-002   3.7889792950463519E-002   3.6584758817513705E-002   3.5360195933513472E-002   3.4212361898815206E-002   3.3137628879202741E-002   3.2132490525313438E-002   3.1193566466085645E-002   3.0317604817466422E-002   2.9501483182871484E-002   2.8742208597252322E-002   2.8036916807240613E-002   2.7382871205223334E-002   2.6777461658858501E-002   2.6218203407669369E-002   2.5702736139028463E-002   2.5228823308278775E-002   2.4794351731401990E-002   2.4397331452097746E-002   2.4035895866629922E-002   2.3708302077607796E-002   2.3412931440497237E-002   2.3148290262869405E-002   2.2913010615230777E-002   2.2705851213003506E-002   2.2525698331284219E-002   2.2371566716978770E-002   2.2242600466465489E-002   2.2138073840828401E-002   2.2057391994732025E-002   2.2000091599038978E-002   2.1965841341205102E-002   2.1954442291272195E-002
   2.1943062524308169E-002   2.1976874867036419E-002   2.2033450594202437E-002   2.2113115586061657E-002   2.2216325511835142E-002   2.2343665285623215E-002   2.2495848385547818E-002   2.2673716050597273E-002   2.2878236373231699E-002   2.3110503309474093E-002   2.3371735631861994E-002   2.3663275854122787E-002   2.3986589159565818E-002   2.4343262367702723E-002   2.4735002975187052E-002   2.5163638307384856E-002   2.5631114815201587E-002   2.6139497547477682E-002   2.6690969821389885E-002   2.7287833100660963E-002   2.7932507072522691E-002   2.8627529887609995E-002   2.9375558490538255E-002   3.0179368921331110E-002   3.1041856408396150E-002   3.1966035003211137E-002   3.2955036428659774E-002   3.4012107734138604E-002   3.5140607283063445E-002   3.6343998559653257E-002   3.7625841294492007E-002   3.8989779498277970E-002   4.0439526185301979E-002   4.1978844879461963E-002   4.3611528425133592E-002   4.5341376142865791E-002   4.7172170905627836E-002   4.9107658149247085E-002   5.1151529012813349E-002   5.3307409551048276E-002   5.5578857109166650E-002   5.7969363421881095E-002   6.0482361879385903E-002   6.3121234050271105E-002   6.5889308703109759E-002   6.8789846491442055E-002   7.1826007213179527E-002   7.5000807592021906E-002   7.8317102441745071E-002   8.1777675138744274E-002   8.5385638183798004E-002   8.9145602048517292E-002   9.3066656865170225E-002   9.7169514440594573E-002  0.10150281726933676       0.10617807811025731       0.11143670979582464       0.11775318968876357       0.12591701484182607       0.13686768140193362       0.15090712138059853       0.16669415181485656       0.18165693053973814       0.18825537526121836       0.18165826195218876       0.16669341699871387       0.15090819542397849       0.13687087006315721       0.12592104340991492       0.11775680138590146       0.11143914115320169       0.10617911939305723       0.10150264557794446        9.7168470065787660E-002   9.3065081975989117E-002   8.9143766549709375E-002   8.5383726395086540E-002   8.1775800576550900E-002   7.8315329342215204E-002   7.4999169505406596E-002   7.1824520053653501E-002   6.8788516532450411E-002   6.5888136919771717E-002   6.3120218183912100E-002   6.0481497276916624E-002   5.7968643349599197E-002   5.5578272946165436E-002   5.3306951052262443E-002   5.1151184691565071E-002   4.9107415750974243E-002   4.7172017912431093E-002   4.5341300246847391E-002   4.3611517923475666E-002   4.1978888965226474E-002   4.0439615127986835E-002   3.8989904723448023E-002   3.7625995381086040E-002   3.6344175177302138E-002   3.5140801091274508E-002   3.4012314262088748E-002   3.2955251950020220E-002   3.1966256415967328E-002   3.1042081125693261E-002   3.0179594776282927E-002   2.9375783655743681E-002   2.8627752808728903E-002   2.7932726414500265E-002   2.7288047704873121E-002   2.6691178671949083E-002   2.6139699745061744E-002   2.5631309556962082E-002   2.5163824871701122E-002   2.4735180710230249E-002   2.4343430682949089E-002   2.3986747519548671E-002   2.3663423773841851E-002   2.3371872673380263E-002   2.3110629079331150E-002   2.2878350520389938E-002   2.2673818264715363E-002   2.2495938395443987E-002   2.2343742857848809E-002   2.2216390449326141E-002   2.2113167726871739E-002   2.2033489810345953E-002   2.1976901063483559E-002   2.1943075638179009E-002   2.1931817871017268E-002
   2.1917130279382861E-002   2.1950459493960083E-002   2.2006225863948368E-002   2.2084749090409670E-002   2.2186476145344441E-002   2.2311980679619231E-002   2.2461962278274482E-002   2.2637245576057983E-002   2.2838779249225907E-002   2.3067634902916471E-002   2.3325005876630792E-002   2.3612205993403062E-002   2.3930668280910547E-002   2.4281943694806216E-002   2.4667699875627450E-002   2.5089719970325618E-002   2.5549901547233900E-002   2.6050255628444010E-002   2.6592905855187560E-002   2.7180087788761072E-002   2.7814148330380584E-002   2.8497545216467978E-002   2.9232846509538619E-002   3.0022729957551172E-002   3.0869982035428921E-002   3.1777496411950559E-002   3.2748271506078029E-002   3.3785406715089311E-002   3.4892096822979765E-002   3.6071624046799762E-002   3.7327347170954886E-002   3.8662687278102029E-002   4.0081109732512159E-002   4.1586102323011423E-002   4.3181149827427594E-002   4.4869705692206961E-002   4.6655161966631949E-002   4.8540818985475805E-002   5.0529856411130801E-002   5.2625306955140963E-002   5.4830033235687407E-002   5.7146706685861720E-002   5.9577785225395224E-002   6.2125483760702191E-002   6.4791728965745768E-002   6.7578088028690267E-002   7.0485661345152661E-002   7.3514933335577515E-002   7.6665586764418425E-002   7.9936310332049412E-002   8.3324680720314778E-002   8.6827310010404127E-002   9.0440683293024848E-002   9.4163584856459384E-002   9.8002846899221896E-002  0.10198518877672469       0.10617771516166721       0.11071341419726698       0.11579628425836967       0.12162051911917855       0.12813231520703527       0.13474128012404996       0.14024091310799522       0.14247564783054015       0.14024186365573707       0.13474243123025356       0.12813394724764282       0.12162243848282465       0.11579802600579302       0.11071457335749067       0.10617808334100642       0.10198476631523022        9.8001777769163981E-002   9.4162070111375021E-002   9.0438915729417563E-002   8.6825442344847459E-002   8.3322819524948730E-002   7.9934523190734214E-002   7.6663913256032834E-002   7.3513394964983617E-002   7.0484268761820471E-002   6.7576845545136585E-002   6.4790637022638750E-002   6.2124540083549021E-002   5.9576985291811678E-002   5.7146043932853212E-002   5.4829499256266463E-002   5.2624891792249447E-002   5.0529548961768672E-002   4.8540607475519922E-002   4.6655034437894323E-002   4.4869650446809038E-002   4.3181155790167201E-002   4.1586159301813155E-002   4.0081208574747243E-002   3.8662819933630750E-002   3.7327506680357544E-002   3.6071804475976632E-002   3.4892293164370689E-002   3.3785614772617552E-002   3.2748487776819359E-002   3.1777717973397429E-002   3.0870206443627625E-002   3.0022955158596040E-002   2.9233070764943744E-002   2.8497767041704494E-002   2.7814366445203426E-002   2.7180301077684703E-002   2.6593113336457083E-002   2.6050456429972429E-002   2.5550094888160593E-002   2.5089905147047842E-002   2.4667876251340728E-002   2.4282110691752238E-002   2.3930825374671144E-002   2.3612352708699078E-002   2.3325141784189860E-002   2.3067759617066221E-002   2.2838892425952197E-002   2.2637346911341266E-002   2.2462051506581950E-002   2.2312057572485045E-002   2.2186540510014643E-002   2.2084800768561973E-002   2.2006264730519604E-002   2.1950485456126705E-002   2.1917143275742876E-002   2.1906046219772341E-002
   2.1888169211005858E-002   2.1920959729238736E-002   2.1975823681846852E-002   2.2053073926819881E-002   2.2153147806503182E-002   2.2276606504429197E-002   2.2424134232664282E-002   2.2596537260793161E-002   2.2794742800450640E-002   2.3019797762150542E-002   2.3272867403952655E-002   2.3555233894100074E-002   2.3868294811953083E-002   2.4213561613084512E-002   2.4592658084961038E-002   2.5007318818803175E-002   2.5459387720465909E-002   2.5950816577833088E-002   2.6483663693397219E-002   2.7060092577297121E-002   2.7682370676755903E-002   2.8352868091031932E-002   2.9074056184996942E-002   2.9848505967759592E-002   3.0678886044383031E-002   3.1567959878887351E-002   3.2518582027536935E-002   3.3533692917954161E-002   3.4616311670757439E-002   3.5769526399490228E-002   3.6996481399153042E-002   3.8300360664082669E-002   3.9684367282241194E-002   4.1151698449268220E-002   4.2705516132332214E-002   4.4348913768340770E-002   4.6084879748783586E-002   4.7916258731514144E-002   4.9845711897781336E-002   5.1875676984735809E-002   5.4008328113798416E-002   5.6245533989754334E-002   5.8588810945310252E-002   6.1039264684206812E-002   6.3597511766506173E-002   6.6263569446416717E-002   6.9036701225229841E-002   7.1915206518778224E-002   7.4896147757208612E-002   7.7975019796901454E-002   8.1145390301121070E-002   8.4398587267457761E-002   8.7723602465907893E-002   9.1107545754954264E-002   9.4537226223975271E-002   9.8002595637808956E-002  0.10150223967399521       0.10504833044277984       0.10866154100111544       0.11233738268739654       0.11597035722297531       0.11926696025549324       0.12171706380380902       0.12264566298622305       0.12171750966472494       0.11926761477623278       0.11597107722116044       0.11233797226422604       0.10866180252388022       0.10504813426276800       0.10150155019932233        9.8001462607352346E-002   9.4535753614664944E-002   9.1105855468227012E-002   8.7721806963878393E-002   8.4396775925720688E-002   8.1143626911819214E-002   7.7973346253806433E-002   7.4894589761598074E-002   7.1913778885028187E-002   6.9035411823128959E-002   6.6262421693628532E-002   6.3596505982866730E-002   6.1038398722302982E-002   5.8588080463971987E-002   5.6244932630528224E-002   5.4007847727210144E-002   5.1875307959564423E-002   4.9845443582821398E-002   4.7916079905481572E-002   4.6084779084535295E-002   4.4348880244478625E-002   4.2705539360641177E-002   4.1151768903893729E-002   3.9684476431764149E-002   3.8300501018531823E-002   3.6996646490013989E-002   3.5769710712545734E-002   3.4616510550285091E-002   3.3533902457680911E-002   3.2518798959900279E-002   3.1568181470372610E-002   3.0679110001469626E-002   2.9848730355519489E-002   2.9074279358657518E-002   2.8353088639741970E-002   2.7682587378226379E-002   2.7060304361773899E-002   2.6483869615427910E-002   2.5951015794413883E-002   2.5459579474327785E-002   2.5007502425779097E-002   2.4592832924545560E-002   2.4213727121446774E-002   2.3868450476793257E-002   2.3555379250850897E-002   2.3273002032925323E-002   2.3019921286311081E-002   2.2794854883590593E-002   2.2596637605927550E-002   2.2424222580550445E-002   2.2276682632151164E-002   2.2153211526107559E-002   2.2053125084020169E-002   2.1975862154833690E-002   2.1920985427644365E-002   2.1888182075073037E-002   2.1877264218751479E-002
   2.1856331535023903E-002   2.1888530900317008E-002   2.1942404597401564E-002   2.2018258031728966E-002   2.2116518060728146E-002   2.2237732297459799E-002   2.2382568227246741E-002   2.2551812146620276E-002   2.2746367936289872E-002   2.2967255682251251E-002   2.3215610161492654E-002   2.3492679210891206E-002   2.3799821999610973E-002   2.4138507226366988E-002   2.4510311262982903E-002   2.4916916264341102E-002   2.5360108261589003E-002   2.5841775249671330E-002   2.6363905271069302E-002   2.6928584483995880E-002   2.7537995183938496E-002   2.8194413720868405E-002   2.8900208219048078E-002   2.9657835960663001E-002   3.0469840237432575E-002   3.1338846405858010E-002   3.2267556803482540E-002   3.3258744099642794E-002   3.4315242572200415E-002   3.5439936733085792E-002   3.6635746685417039E-002   3.7905609601402560E-002   3.9252456781027192E-002   4.0679185899704838E-002   4.2188628280197482E-002   4.3783511312088998E-002   4.5466416445164214E-002   4.7239733421949703E-002   4.9105611476701755E-002   5.1065907976239493E-002   5.3122134272110141E-002   5.5275397264616610E-002   5.7526333313609831E-002   5.9875028757769351E-002   6.2320918674616178E-002   6.4862653061066505E-002   6.7497917950585171E-002   7.0223198886655583E-002   7.3033476627261923E-002   7.5921851353400419E-002   7.8879104317249815E-002   8.1893228879288585E-002   8.4949002386371680E-002   8.8027730659411510E-002   9.1107362849679824E-002   9.4163163139784387E-002   9.7168801285937578E-002  0.10009666014414785       0.10291409558815176       0.10557058901206302       0.10797387157378317       0.10996615014322821       0.11132496887159261       0.11181348217422213       0.11132505904251611       0.10996623926772528       0.10797385313544305       0.10557035649843409       0.10291357101377402       0.10009581206128410        9.7167645832390376E-002   9.4161753592278061E-002   9.1105773132952608E-002   8.8026038726611508E-002   8.4947278150481337E-002   8.1891528267356378E-002   7.8877468370074824E-002   7.5920308251595250E-002   7.3032044735987220E-002   7.0221889613120453E-002   6.7496737885168245E-002   6.4861605332024980E-002   6.2320003682728983E-002   5.9874244531756951E-002   5.7525675706008458E-002   5.5274860142813499E-002   5.3121709785346152E-002   5.1065586916858564E-002   4.9105383711795056E-002   4.7239588350877756E-002   4.5466343435474427E-002   4.3783500075152838E-002   4.2188669162411846E-002   4.0679270080407573E-002   3.9252576381119605E-002   3.7905757715486349E-002   3.6635917354815022E-002   3.5440124878069815E-002   3.4315443900149699E-002   3.3258955002806061E-002   3.2267774256453940E-002   3.1339067869462306E-002   3.0470063572837415E-002   2.9658059355348553E-002   2.8900430124761029E-002   2.8194632802767513E-002   2.7538210279663862E-002   2.6928794571225999E-002   2.6364109442150310E-002   2.5841972692023790E-002   2.5360298242759170E-002   2.4917098120730709E-002   2.4510484391446284E-002   2.4138671078000662E-002   2.3799976075178864E-002   2.3492823057431014E-002   2.3215743369739389E-002   2.2967377884594374E-002   2.2746478805053098E-002   2.2551911392517447E-002   2.2382655597923719E-002   2.2237807576079759E-002   2.2116581064595766E-002   2.2018308610977214E-002   2.1942442633783192E-002   2.1888556306151979E-002   2.1856344252354644E-002   2.1845623050296577E-002
   2.1821782489212672E-002   2.1853341606901045E-002   2.1906142851857251E-002   2.1980483625315524E-002   2.2076779526439452E-002   2.2195563601762596E-002   2.2337485389736678E-002   2.2503309767922301E-002   2.2693915612301885E-002   2.2910294280169722E-002   2.3153547929955925E-002   2.3424887693020532E-002   2.3725631713713932E-002   2.4057203074586250E-002   2.4421127623227429E-002   2.4819031715436084E-002   2.5252639885755067E-002   2.5723772450249795E-002   2.6234343036951963E-002   2.6786356025658976E-002   2.7381903859567156E-002   2.8023164165127061E-002   2.8712396582030189E-002   2.9451939160918515E-002   3.0244204131172691E-002   3.1091672774735627E-002   3.1996889065572610E-002   3.2962451651449114E-002   3.3991003671528630E-002   3.5085219829593360E-002   3.6247790091636985E-002   3.7481399363842031E-002   3.8788702548439219E-002   4.0172294482847454E-002   4.1634674444629517E-002   4.3178205137670199E-002   4.4805066326737891E-002   4.6517203492884789E-002   4.8316271946649968E-002   5.0203576643619227E-002   5.2180007376977977E-002   5.4245967977588919E-002   5.6401296598384706E-002   5.8645172162749240E-002   6.0975999818464986E-002   6.3391266116042538E-002   6.5887353127058484E-002   6.8459300460480155E-002   7.1100505846852666E-002   7.3802359486079092E-002   7.6553815765577654E-002   7.9340919661692405E-002   8.2146325506951751E-002   8.4948871790956601E-002   8.7723296356546451E-002   9.0440155289158428E-002   9.3065865847649476E-002   9.5562424418807579E-002   9.7885783969010862E-002   9.9981661972481511E-002  0.10177904114097568       0.10318580749500711       0.10409524218278784       0.10441158044721197       0.10409514486726103       0.10318557870410812       0.10177863455193868        9.9981037009770818E-002   9.7884920657078045E-002   9.5561329188272023E-002   9.3064568958507413E-002   9.0438703504779311E-002   8.7721743952043921E-002   8.4947272398787049E-002   8.2144726472517568E-002   7.9339359366055698E-002   7.6552323358923563E-002   7.3800956042389884E-002   7.1099206020405009E-002   6.8458114033793413E-002   6.5886286170025274E-002   6.3390321720496717E-002   6.0975178508300990E-002   5.8644472125190042E-002   5.6400713868241949E-002   5.4245496663175213E-002   5.2179639966560075E-002   5.0203304389423643E-002   4.8316085296279801E-002   4.6517092526506099E-002   4.4805021159718940E-002   4.3178216257965196E-002   4.1634732967433939E-002   4.0172392318158626E-002   3.8788832487717077E-002   3.7481555098899555E-002   3.6247966182172117E-002   3.5085411636047288E-002   3.3991207268158137E-002   3.2962663731583755E-002   3.1997106847774549E-002   3.1091893915538078E-002   3.0244426647548211E-002   2.9452161363733603E-002   2.8712617020456389E-002   2.8023381581203266E-002   2.7382117151718125E-002   2.6786564219847857E-002   2.6234545264177421E-002   2.5723967929214473E-002   2.5252827909680892E-002   2.4819211642153397E-002   2.4421298867804555E-002   2.4057365103889273E-002   2.3725784042393214E-002   2.3425029880514103E-002   2.3153679578182731E-002   2.2910415031660084E-002   2.2694025148579579E-002   2.2503407808012500E-002   2.2337571688726073E-002   2.2195637949381852E-002   2.2076841745672950E-002   2.1980533571068696E-002   2.1906180409728158E-002   2.1853366692110087E-002   2.1821795045743855E-002   2.1811286835472600E-002
   2.1784698865292555E-002   2.1815572219051844E-002   2.1867224819214992E-002   2.1939945571458255E-002   2.2034138128805437E-002   2.2150320086852471E-002   2.2289121956242792E-002   2.2451285918135160E-002   2.2637664369934200E-002   2.2849218270105033E-002   2.3087015292364951E-002   2.3352227800790312E-002   2.3646130658200391E-002   2.3970098880334672E-002   2.4325605147518074E-002   2.4714217183328616E-002   2.5137595005770817E-002   2.5597488050023435E-002   2.6095732152230527E-002   2.6634246370121743E-002   2.7215029597367487E-002   2.7840156903203371E-002   2.8511775495589638E-002   2.9232100163635012E-002   3.0003408002141102E-002   3.0828032157541568E-002   3.1708354261081803E-002   3.2646795134544493E-002   3.3645803271428298E-002   3.4707840520485526E-002   3.5835364340233669E-002   3.7030805966142770E-002   3.8296543850860544E-002   3.9634871813564267E-002   4.1047961471408045E-002   4.2537818714941722E-002   4.4106234201994318E-002   4.5754728028852575E-002   4.7484488817239386E-002   4.9296307335424658E-002   5.1190504351895684E-002   5.3166851619217088E-002   5.5224483672901704E-002   5.7361796558827290E-002   5.9576327841534417E-002   6.1864610595154378E-002   6.4221992966896541E-002   6.6642414858023871E-002   6.9118134873424789E-002   7.1639404545504215E-002   7.4194093515846354E-002   7.6767279331013155E-002   7.9340828799430482E-002   8.1893012887707298E-002   8.4398207985615689E-002   8.6826728424378247E-002   8.9144783404018504E-002   9.1314436394082099E-002   9.3293311127153014E-002   9.5033844441266960E-002   9.6482511128418783E-002   9.7580772502295368E-002   9.8270592427425349E-002   9.8506356557167093E-002   9.8270418054105149E-002   9.7580413972479754E-002   9.6481956188971332E-002   9.5033086938724740E-002   9.3292357376069501E-002   9.1313306868806718E-002   8.9143510371160570E-002   8.6825351420305258E-002   8.4396768828763749E-002   8.1891551435257323E-002   7.9339380124465106E-002   7.6765872433332508E-002   7.4192751249847463E-002   7.1638144264663681E-002   6.9116969325746250E-002   6.6641353017979271E-002   6.4221040660022224E-002   6.1863770904402690E-002   5.9575601360580266E-002   5.7361181581665352E-002   5.5223976396992530E-002   5.3166446408924734E-002   5.1190194074884517E-002   4.9296083756935991E-002   4.7484343020449425E-002   4.5754650824285023E-002   4.4106216492929277E-002   4.2537851795388361E-002   4.1048037244921030E-002   3.9634982932158433E-002   3.8296683781759620E-002   3.7030968999383601E-002   3.5835545552351182E-002   3.4708035709244515E-002   3.3646008874668787E-002   3.2647008143470845E-002   3.1708572135401271E-002   3.0828252747183676E-002   3.0003629478105299E-002   2.9232320958895615E-002   2.8511994255902437E-002   2.7840372447015507E-002   2.7215240883718541E-002   2.6634452473332338E-002   2.6095932242216287E-002   2.5597681377182074E-002   2.5137780889525039E-002   2.4714395003543672E-002   2.4325774338137290E-002   2.3970258924686419E-002   2.3646281085526154E-002   2.3352368183628049E-002   2.3087145244497585E-002   2.2849337444852173E-002   2.2637772458626793E-002   2.2451382648667802E-002   2.2289207091646390E-002   2.2150393423869791E-002   2.2034199496483678E-002   2.1939994829795365E-002   2.1867261857910505E-002   2.1815596956418611E-002   2.1784711247384052E-002   2.1774431177337236E-002
   2.1745267465143193E-002   2.1775413298133608E-002   2.1825847367860730E-002   2.1896849655165338E-002   2.1988811266914206E-002   2.2102233578006118E-002   2.2237727133111392E-002   2.2396010312138132E-002   2.2577907764543523E-002   2.2784348618753236E-002   2.3016364474014048E-002   2.3275087182842304E-002   2.3561746432652502E-002   2.3877667134916448E-002   2.4224266629015459E-002   2.4603051705441196E-002   2.5015615448724687E-002   2.5463633893871775E-002   2.5948862480467846E-002   2.6473132275138471E-002   2.7038345914696161E-002   2.7646473197885133E-002   2.8299546221868289E-002   2.8999653919216290E-002   2.9748935801133712E-002   3.0549574652552338E-002   3.1403787855138893E-002   3.2313816937405128E-002   3.3281914871338546E-002   3.4310330559272621E-002   3.5401289892784973E-002   3.6556972729159032E-002   3.7779485133054763E-002   3.9070826282377062E-002   4.0432849543139263E-002   4.1867217373208886E-002   4.3375349898621664E-002   4.4958367178862896E-002   4.6617025279303136E-002   4.8351646224253676E-002   5.0162041632838196E-002   5.2047429276658841E-002   5.4006340918171671E-002   5.6036518636469364E-002   5.8134795563269087E-002   6.0296955788036212E-002   6.2517567507521243E-002   6.4789783734705730E-002   6.7105106524262922E-002   6.9453114168230010E-002   7.1821156516267817E-002   7.4194031617139056E-002   7.6553666964146991E-002   7.8878839531784872E-002   8.1144977472614718E-002   8.3324087043655334E-002   8.5384833643828886E-002   8.7292774439811094E-002   8.9010715905869217E-002   9.0499223804256151E-002   9.1717540583935053E-002   9.2625540443671689E-002   9.3187514227084864E-002   9.3377905169960695E-002   9.3187321437023130E-002   9.2625155027443187E-002   9.1716965298148753E-002   9.0498467151834308E-002   8.9009794232614209E-002   8.7291711928343341E-002   8.5383660464962721E-002   8.3322836556717156E-002   8.1143683339183051E-002   7.8877533348887627E-002   7.6552376717357817E-002   7.4192780968838107E-002   7.1819964743447262E-002   6.9451996482685421E-002   6.7104074530546426E-002   6.4788845862059158E-002   6.2516729344455346E-002   6.0296220321316117E-002   5.8134163364242958E-002   5.6035988048200064E-002   5.4005908285508199E-002   5.2047089239247467E-002   5.0161787477807966E-002   4.8351470277452027E-002   4.6616919304495227E-002   4.4958322753254586E-002   4.3375358738486261E-002   4.1867271592517574E-002   4.0432941838196818E-002   3.9070950044458083E-002   3.7779634497684726E-002   3.6557142574572411E-002   3.5401475801425684E-002   3.4310528755555916E-002   3.3282122146977559E-002   3.2314030573088848E-002   3.1404005544757335E-002   3.0549794433847349E-002   2.9749155994789833E-002   2.8999873077043110E-002   2.8299763083824730E-002   2.7646686657171606E-002   2.7038554989893573E-002   2.6473336088310657E-002   2.5949060240191297E-002   2.5463824882258391E-002   2.5015799011624672E-002   2.4603227245133592E-002   2.4224433598804149E-002   2.3877825035147002E-002   2.3561894807751102E-002   2.3275225619054152E-002   2.3016492597587059E-002   2.2784466094375223E-002   2.2578014293897278E-002   2.2396105632489199E-002   2.2237811015886923E-002   2.2102305827359368E-002   2.1988871718297508E-002   2.1896898173954182E-002   2.1825883848083576E-002   2.1775437661365780E-002   2.1745279659620653E-002   2.1735241628856917E-002
   2.1703683500924942E-002   2.1733063960849574E-002   2.1782216163924562E-002   2.1851410799855055E-002   2.1941025918416939E-002   2.2051546020185067E-002   2.2183560890126033E-002   2.2337764176372999E-002   2.2514951717243839E-002   2.2716019620324875E-002   2.2941962098123918E-002   2.3193869065260091E-002   2.3472923502219592E-002   2.3780398590134956E-002   2.4117654619555073E-002   2.4486135673416280E-002   2.4887366079977880E-002   2.5322946624830804E-002   2.5794550501591393E-002   2.6303918967782430E-002   2.6852856654758440E-002   2.7443226457288705E-002   2.8076943898410891E-002   2.8755970827263961E-002   2.9482308260854417E-002   3.0257988124647091E-002   3.1085063581923041E-002   3.1965597569794071E-002   3.2901649084242764E-002   3.3895256683473034E-002   3.4948418616521836E-002   3.6063068942872700E-002   3.7241049000069811E-002   3.8484073610333520E-002   3.9793691500078145E-002   4.1171239536202352E-002   4.2617790546174747E-002   4.4134094656106321E-002   4.5720514206872932E-002   4.7376952334683885E-002   4.9102775166969849E-002   5.0896727235935649E-002   5.2756839131505473E-002   5.4680325639478812E-002   5.6663471754000098E-002   5.8701503221376745E-002   6.0788437959249708E-002   6.2916915162105055E-002   6.5078000534540270E-002   6.7260969230062154E-002   6.9453072937908242E-002   7.1639304157955497E-002   7.3802178686050199E-002   7.5921565798586416E-002   7.7974602880460278E-002   7.9935734754228799E-002   8.1776915281315934E-002   8.3468000617803559E-002   8.4977359204473205E-002   8.6272744143552335E-002   8.7322537034953657E-002   8.8097546769825730E-002   8.8573501163206142E-002   8.8734029747492088E-002   8.8573316942166608E-002   8.8097182020002648E-002   8.7321999811228596E-002   8.6272047673039309E-002   8.4976522153925357E-002   8.3467046435853426E-002   8.1775870742015061E-002   7.9934628116041836E-002   7.7973462089034509E-002   7.5920417036891244E-002   7.3801045411651944E-002   7.1638206618377054E-002   6.9452028055220424E-002   6.7259990708403397E-002   6.5077099059823298E-002   6.2916098608678639E-002   6.0787711569486973E-002   5.8700869763972964E-002   5.6662931687705753E-002   5.4679877311646044E-002   5.2756479030619259E-002   5.0896450301289288E-002   4.9102575143109096E-002   4.7376822147362989E-002   4.5720446332782397E-002   4.4134081460226689E-002   4.2617824566639394E-002   4.1171313704845003E-002   3.9793799295354905E-002   3.8484209146526324E-002   3.7241207061763419E-002   3.6063244976440277E-002   3.4948608691014751E-002   3.3895457432410209E-002   3.2901857637935350E-002   3.1965811485571184E-002   3.1085280777364176E-002   3.0258206816946118E-002   2.9482526913871567E-002   2.8756188106689829E-002   2.8077158634729010E-002   2.7443437615802094E-002   2.6853063311755184E-002   2.6304120291876346E-002   2.5794745739323867E-002   2.5323135089712762E-002   2.4887547144258448E-002   2.4486308761970239E-002   2.4117819205377939E-002   2.3780554191020240E-002   2.3473069678269065E-002   2.3194005416945777E-002   2.2942088264682560E-002   2.2716135278321895E-002   2.2515056579195045E-002   2.2337857989358004E-002   2.2183643434366820E-002   2.2051617107595435E-002   2.1941085391153841E-002   2.1851458528919843E-002   2.1782252047871875E-002   2.1733087924664145E-002   2.1703695495122612E-002   2.1693912105003793E-002
   2.1660148959042818E-002   2.1688730206817369E-002   2.1736543937693757E-002   2.1803851247051770E-002   2.1891016705840139E-002   2.1998507402836251E-002   2.2126891713831351E-002   2.2276837798482343E-002   2.2449111825959531E-002   2.2644575930927027E-002   2.2864185901727549E-002   2.3108988602772901E-002   2.3380119132890610E-002   2.3678797720524766E-002   2.4006326354964230E-002   2.4364085149846039E-002   2.4753528430661417E-002   2.5176180531397741E-002   2.5633631276205836E-002   2.6127531109391502E-002   2.6659585820272020E-002   2.7231550787569038E-002   2.7845224640005658E-002   2.8502442194624174E-002   2.9205066491195055E-002   2.9954979689514008E-002   3.0754072536691622E-002   3.1604232045193012E-002   3.2507326952432046E-002   3.3465190464174573E-002   3.4479599723992310E-002   3.5552251408575153E-002   3.6684732833996099E-002   3.7878487980696499E-002   3.9134777911817763E-002   4.0454635171401181E-002   4.1838811897520652E-002   4.3287721550292840E-002   4.4801374302811392E-002   4.6379306230768663E-002   4.8020502416515433E-002   4.9723313916345963E-002   5.1485368211247523E-002   5.3303472300109199E-002   5.5173507090374371E-002   5.7090311356063773E-002   5.9047553498707474E-002   6.1037589945615513E-002   6.3051310547043951E-002   6.5077974039813857E-002   6.7105040665634996E-002   6.9118014309336825E-002   7.1100312717964506E-002   7.3033190776763110E-002   7.4895747343747918E-002   7.6665049363295962E-002   7.8316406645639186E-002   7.9823826838257894E-002   8.1160675389995399E-002   8.2300564586586952E-002   8.3218499787677841E-002   8.3892302972220167E-002   8.4304271614847784E-002   8.4442877242027384E-002   8.4304106478309507E-002   8.3891977221053307E-002   8.3218022516931334E-002   8.2299949404252060E-002   8.1159940028330380E-002   7.9822992333220585E-002   7.8315496172146698E-002   7.6664086933154976E-002   7.4894756582039743E-002   7.3032193930647776E-002   7.1099329965422273E-002   6.9117063356839467E-002   6.7104136572532946E-002   6.5077129189581986E-002   6.3050534695843402E-002   6.1036890304408058E-002   5.9046934833188416E-002   5.7089776109456127E-002   5.5173055543496101E-002   5.3303102781687546E-002   5.1485077362788699E-002   4.9723097004559104E-002   4.8020353676355446E-002   4.6379219216167202E-002   4.4801342220994279E-002   4.3287737558719300E-002   4.1838869348537762E-002   4.0454727797005784E-002   3.9134899947940623E-002   3.7878634236098906E-002   3.6684898712655963E-002   3.5552432896277096E-002   3.4479793350003604E-002   3.3465393247848099E-002   3.2507536342831080E-002   3.1604445859822909E-002   3.0754288903481905E-002   2.9955196994525563E-002   2.9205283333224495E-002   2.8502657346950181E-002   2.7845437018926614E-002   2.7231759427048738E-002   2.6659789851866622E-002   2.6127729746609995E-002   2.5633823802506263E-002   2.5176366291104927E-002   2.4753706822186038E-002   2.4364255620676498E-002   2.4006488397986768E-002   2.3678950871302319E-002   2.3380262967597803E-002   2.3109122736545550E-002   2.2864309987240140E-002   2.2644689657062879E-002   2.2449214916484321E-002   2.2276930010673081E-002   2.2126972837048231E-002   2.1998577257053592E-002   2.1891075140174576E-002   2.1803898138340584E-002   2.1736579189183720E-002   2.1688753747025582E-002   2.1660160740846156E-002   2.1650643258797873E-002
   2.1614870947787437E-002   2.1642623230017081E-002   2.1689048734252810E-002   2.1754398720865754E-002   2.1839023948505839E-002   2.1943373671479686E-002   2.2067994349295569E-002   2.2213528067660679E-002   2.2380710670279521E-002   2.2570369600890514E-002   2.2783421455004345E-002   2.3020869240647432E-002   2.3283799346901266E-002   2.3573378217954615E-002   2.3890848728496519E-002   2.4237526253266750E-002   2.4614794419082413E-002   2.5024100521237935E-002   2.5466950577309945E-002   2.5944903979470201E-002   2.6459567690693696E-002   2.7012589909924230E-002   2.7605653105438395E-002   2.8240466283457475E-002   2.8918756319764732E-002   2.9642258135314584E-002   3.0412703442821907E-002   3.1231807731324553E-002   3.2101255092304069E-002   3.3022680428398413E-002   3.3997648530183354E-002   3.5027629465820317E-002   3.6113969711615485E-002   3.7257858467731095E-002   3.8460288659576160E-002   3.9722012224622516E-002   4.1043489422446157E-002   4.2424832069429229E-002   4.3865740765485307E-002   4.5365436316619559E-002   4.6922585628842037E-002   4.8535222326128384E-002   5.0200662216067393E-002   5.1915413512554999E-002   5.3675081492703274E-002   5.5474267136937871E-002   5.7306459451820640E-002   5.9163921816180264E-002   6.1037574039220395E-002   6.2916874048339538E-002   6.4789706307302686E-002   6.6642288111593326E-002   6.8459109506414331E-002   7.0222927154467638E-002   7.1914836220816264E-002   7.3514446250084853E-002   7.5000186164093749E-002   7.6349759438485987E-002   7.7540763523510428E-002   7.8551478255515242E-002   7.9361815123408758E-002   7.9954396546345771E-002   8.0315691185779525E-002   8.0437065222253787E-002   8.0315547933475631E-002   7.9954114363914933E-002   7.9361402515052887E-002   7.8550947586650446E-002   7.7540130471537488E-002   7.6349042214596569E-002   7.4999404576996234E-002   7.3513620727518672E-002   7.1913986904646898E-002   7.0222073151671255E-002   6.8458268331785324E-002   6.6641475315927914E-002   6.4788935257821603E-002   6.2916155819341305E-002   6.1036917377047584E-002   5.9163333156539037E-002   5.7305942981974563E-002   5.5473824905074326E-002   5.3674713569711138E-002   5.1915118208236286E-002   5.0200436344872708E-002   4.8535061509832333E-002   4.6922484617668798E-002   4.5365389307670874E-002   4.3865741698241784E-002   4.2424874881986749E-002   4.1043568257861214E-002   3.9722121582987331E-002   3.8460423497121636E-002   3.7258014248626903E-002   3.6114142420877945E-002   3.5027815592883871E-002   3.3997845032519833E-002   3.3022884683479393E-002   3.2101464844607297E-002   3.1232021039339194E-002   3.0412918629364318E-002   2.9642473743079760E-002   2.8918971072971474E-002   2.8240679055696032E-002   2.7605862893355516E-002   2.7012795812121904E-002   2.6459768891112016E-002   2.5945099734517193E-002   2.5467140206049198E-002   2.5024283398018651E-002   2.4614969968077879E-002   2.4237693944466000E-002   2.3891008074766379E-002   2.3573528772854412E-002   2.3283940702991456E-002   2.3021001028087081E-002   2.2783543340282111E-002   2.2570481285579373E-002   2.2380811889747030E-002   2.2213618589703638E-002   2.2068073972699252E-002   2.1943442224527369E-002   2.1839081287483148E-002   2.1754444728616706E-002   2.1689083318850028E-002   2.1642646323608346E-002   2.1614882505675181E-002   2.1605640840963676E-002
   2.1568060048073014E-002   2.1594957734004057E-002   2.1639952169036820E-002   2.1703284599071344E-002   2.1785291723352637E-002   2.1886404651227515E-002   2.2007147557706341E-002   2.2148136035796379E-002   2.2310075143346986E-002   2.2493757141953369E-002   2.2700058925225010E-002   2.2929939133320951E-002   2.3184434949932199E-002   2.3464658576657076E-002   2.3771793377730967E-002   2.4107089685055445E-002   2.4471860249087683E-002   2.4867475315005654E-002   2.5295357295192882E-002   2.5756974997943795E-002   2.6253837357749131E-002   2.6787486593874470E-002   2.7359490700441823E-002   2.7971435142129249E-002   2.8624913594312348E-002   2.9321517524680023E-002   3.0062824365300896E-002   3.0850383970860908E-002   3.1685703002555021E-002   3.2570226821561181E-002   3.3505318426446211E-002   3.4492233932124840E-002   3.5532094072160653E-002   3.6625851219593213E-002   3.7774251471297288E-002   3.8977791431309743E-002   4.0236669458660480E-002   4.1550731307133083E-002   4.2919410262361533E-002   4.4341662053178417E-002   4.5815894953271423E-002   4.7339895573323215E-002   4.8910750862873262E-002   5.0524766808709570E-002   5.2177384280052967E-002   5.3863092517494139E-002   5.5575341018255377E-002   5.7306451186051086E-002   5.9047530240556659E-002   6.0788391632059902E-002   6.2517488609681482E-002   6.4221870543045428E-002   6.5887174822451627E-002   6.7497670195482654E-002   6.9036369596454122E-002   7.0485231136689364E-002   7.1825464213419260E-002   7.3037953115846821E-002   7.4103802809580122E-002   7.5005000667189084E-002   7.5725173305870155E-002   7.6250398095191532E-002   7.6570003385192348E-002   7.6677263884753655E-002   7.6569881547274316E-002   7.6250158218375830E-002   7.5724822811417888E-002   7.5004550243463294E-002   7.4103265884987238E-002   7.3037345189333955E-002   7.1824802099711441E-002   7.0484532198878902E-002   6.9035651034348527E-002   6.7496948438439258E-002   6.5886465049555532E-002   6.4221186330298233E-002   6.2516841689000360E-002   6.0787791741853968E-002   5.9046985050433355E-002   5.7305966284859421E-002   5.5574919961145781E-002   5.3862736931179711E-002   5.2177094025036244E-002   5.0524540193572463E-002   4.8910584900489974E-002   4.7339786263945562E-002   4.5815837576359604E-002   4.4341651449376698E-002   4.2919441089139525E-002   4.1550798255713846E-002   4.0236767425000514E-002   3.8977915639112376E-002   3.7774397549541996E-002   3.6626015240360708E-002   3.5532272556455038E-002   3.4492423832030980E-002   3.3505517091575766E-002   3.2570431956672377E-002   3.1685912621813500E-002   3.0850596352717641E-002   3.0063038010593898E-002   2.9321731119430042E-002   2.8625125977820406E-002   2.7971645280386367E-002   2.7359697664489306E-002   2.6787689542555160E-002   2.6254035524213949E-002   2.5757167679279477E-002   2.5295543844581370E-002   2.4867655135889948E-002   2.4472032790888564E-002   2.4107254440050550E-002   2.3771949878769828E-002   2.3464806395442066E-002   2.3184573695646787E-002   2.2930068451434325E-002   2.2700178496346202E-002   2.2493866680648886E-002   2.2310174396873154E-002   2.2148224782730402E-002   2.2007225606487872E-002   2.1886471838644728E-002   2.1785347913022817E-002   2.1703329679976003E-002   2.1639986054175331E-002   2.1594980359228189E-002   2.1568071371158359E-002   2.1559114062464788E-002
   2.1519928685985325E-002   2.1545950270036845E-002   2.1589477708184056E-002   2.1650742111712133E-002   2.1730065956949540E-002   2.1827862006226884E-002   2.1944631915852348E-002   2.2080964527901759E-002   2.2237533842141558E-002   2.2415096663967158E-002   2.2614489923773882E-002   2.2836627662577259E-002   2.3082497677820221E-002   2.3353157821968343E-002   2.3649731944481417E-002   2.3973405464802301E-002   2.4325420559818380E-002   2.4707070943474029E-002   2.5119696208434069E-002   2.5564675689445288E-002   2.6043421794778285E-002   2.6557372735260570E-002   2.7107984559309989E-002   2.7696722376445874E-002   2.8325050620514453E-002   2.8994422167098560E-002   2.9706266077534921E-002   3.0461973695585964E-002   3.1262882774038207E-002   3.2110259260492581E-002   3.3005276328950901E-002   3.3948990212475334E-002   3.4942312379323000E-002   3.5985977608136044E-002   3.7080507564002031E-002   3.8226169561438525E-002   3.9422930323830201E-002   4.0670404707555688E-002   4.1967799542914637E-002   4.3313852937336195E-002   4.4706769570334121E-002   4.6144152666825651E-002   4.7622933456513000E-002   4.9139299019014586E-002   5.0688619507993818E-002   5.2265375901479803E-002   5.3863089725382632E-002   5.5474256745070304E-002   5.7090287514853282E-002   5.8701458984168828E-002   6.0296883081727697E-002   6.1864500231976018E-002   6.3391107869434762E-002   6.4862435834000684E-002   6.6263281560141732E-002   6.7577717650239136E-002   6.8789382197679466E-002   6.9881857671697564E-002   7.0839137078557976E-002   7.1646166491129384E-002   7.2289441102162538E-002   7.2757618195483834E-002   7.3042096218999444E-002   7.3137497977205965E-002   7.3041994120396248E-002   7.2757417225605178E-002   7.2289147552461727E-002   7.1645789399598939E-002   7.0838687777373566E-002   6.9881349233002127E-002   6.8788828822288664E-002   6.7577134048844800E-002   6.6262682371927090E-002   6.4861835115519281E-002   6.3390518671650381E-002   6.1863934270016338E-002   6.0296350493064824E-002   5.8700968167298480E-002   5.7089845040906279E-002   5.5473867336968262E-002   5.3862756300977400E-002   5.2265099677204635E-002   5.0688400157584051E-002   4.9139134878439329E-002   4.7622821762527266E-002   4.6144089813681587E-002   4.4706751368024690E-002   4.3313874855608399E-002   4.1967856927986671E-002   4.0670492962427293E-002   3.9423045047543293E-002   3.8226306646903768E-002   3.7080663257508424E-002   3.5986148536094754E-002   3.4942495549093511E-002   3.3949182994401861E-002   3.3005476426236732E-002   3.2110464672541097E-002   3.1263091757656840E-002   3.0462184727198107E-002   2.9706477818419782E-002   2.8994633432760215E-002   2.8325260354593578E-002   2.7696929629117174E-002   2.7108188469820431E-002   2.6557572518114178E-002   2.6043616729020211E-002   2.5564865110505177E-002   2.5119879502029197E-002   2.4707247541127884E-002   2.4325589935609442E-002   2.3973567133014514E-002   2.3649885457880843E-002   2.3353302770479145E-002   2.3082633687417999E-002   2.2836754394259778E-002   2.2614607072508518E-002   2.2415203957550593E-002   2.2237631039940472E-002   2.2081051419472093E-002   2.1944708319459230E-002   2.1827927767306202E-002   2.1730120946565748E-002   2.1650786225074613E-002   2.1589510863286844E-002   2.1545972406483760E-002   2.1519939764055793E-002   2.1511273978483961E-002
   2.1470689544878675E-002   2.1495817616256283E-002   2.1537848992489766E-002   2.1597004586977230E-002   2.1673592569674830E-002   2.1768007257525802E-002   2.1880727681830303E-002   2.2012315828342923E-002   2.2163414545190170E-002   2.2334745113061893E-002   2.2527104471483796E-002   2.2741362094226919E-002   2.2978456505924338E-002   2.3239391430581971E-002   2.3525231560690366E-002   2.3837097932833926E-002   2.4176162891780248E-002   2.4543644619702924E-002   2.4940801200087331E-002   2.5368924176586184E-002   2.5829331555175628E-002   2.6323360182923361E-002   2.6852357418011577E-002   2.7417671982887727E-002   2.8020643865185595E-002   2.8662593099242187E-002   2.9344807224902677E-002   3.0068527180728472E-002   3.0834931347406017E-002   3.1645117416849340E-002   3.2500081727164641E-002   3.3400695678505454E-002   3.4347678836152591E-002   3.5341568341743727E-002   3.6382684298058632E-002   3.7471090872383914E-002   3.8606552980805231E-002   3.9788488569447840E-002   4.1015916692620849E-002   4.2287401791324813E-002   4.3600994784859792E-002   4.4954171789582616E-002   4.6343771463271038E-002   4.7765932142597729E-002   4.9216030112267967E-002   5.0688620553780810E-002   5.2177383023692604E-002   5.3675073770231008E-002   5.5173487873340830E-002   5.6663435121193179E-002   5.8134734698985675E-002   5.9576235070339836E-002   6.0975866690392830E-002   6.2320736117551172E-002   6.3597270321889901E-002   6.4791419117772100E-002   6.5888921299396483E-002   6.6875635963297889E-002   6.7737934585736431E-002   6.8463141867351418E-002   6.9040004656132761E-002   6.9459159309888246E-002   6.9713560151443213E-002   6.9798827483531389E-002   6.9713475785986065E-002   6.9458993278970954E-002   6.9039762222112486E-002   6.8462830589634524E-002   6.7737563947448481E-002   6.6875216918332425E-002   6.5888465774307459E-002   6.4790939504464171E-002   6.3596778993435132E-002   6.2320244991990091E-002   6.0975386858402834E-002   5.9575776494502623E-002   5.8134305986539299E-002   5.6663043368935018E-002   5.5173138582091344E-002   5.3674770825821547E-002   5.2177128740722230E-002   5.0688415776786719E-002   4.9215874366475537E-002   4.7765823823562759E-002   4.6343708052241375E-002   4.4954150079981228E-002   4.3601011105347205E-002   4.2287452212492554E-002   4.1015997207217249E-002   3.9788595239636008E-002   3.8606682049717074E-002   3.7471238840639326E-002   3.6382847968591807E-002   3.5341744838035510E-002   3.4347865599802782E-002   3.3400890452121294E-002   3.2500282527998609E-002   3.1645322505719033E-002   3.0835139196380926E-002   3.0068736442035053E-002   2.9345016702588475E-002   2.8662801724406810E-002   2.8020850675044607E-002   2.7417876103570216E-002   2.6852558050771757E-002   2.6323556593336059E-002   2.5829523064849393E-002   2.5369110156938574E-002   2.4940981067762717E-002   2.4543817833260154E-002   2.4176328949326985E-002   2.3837256370332561E-002   2.3525381950705422E-002   2.3239533381280705E-002   2.2978589660181677E-002   2.2741486128722718E-002   2.2527219095715170E-002   2.2334850068225658E-002   2.2163509602919622E-002   2.2012400789308589E-002   2.1880802374235432E-002   2.1768071535543550E-002   2.1673646311885144E-002   2.1597047694867387E-002   2.1537881389083413E-002   2.1495839244932393E-002   2.1470700368434268E-002   2.1462331911456124E-002
   2.1420554033551305E-002   2.1444775214796180E-002   2.1485288222429923E-002   2.1542303762647774E-002   2.1616115691437555E-002   2.1707099880073993E-002   2.1815712749289288E-002   2.1942489467057270E-002   2.2088041804056987E-002   2.2253055640080666E-002   2.2438288113863981E-002   2.2644564407958992E-002   2.2872774159224764E-002   2.3123867484131151E-002   2.3398850606178658E-002   2.3698781070121789E-002   2.4024762524103408E-002   2.4377939045988693E-002   2.4759488983820483E-002   2.5170618272059523E-002   2.5612553174748153E-002   2.6086532393546323E-002   2.6593798462336730E-002   2.7135588330424960E-002   2.7713123013021316E-002   2.8327596160643523E-002   2.8980161368626318E-002   2.9671918014880436E-002   3.0403895379928707E-002   3.1177034770467685E-002   3.1992169339698687E-002   3.2850001278953572E-002   3.3751076051172765E-002   3.4695753353644013E-002   3.5684174541141443E-002   3.6716226316398003E-002   3.7791500605960281E-002   3.8909250686215154E-002   4.0068343803333017E-002   4.1267210734805042E-002   4.2503792958951535E-002   4.3775488321112138E-002   4.5079096302355688E-002   4.6410764205842746E-002   4.7765935784782429E-002   4.9139304063787394E-002   5.0524770383260538E-002   5.1915412061249909E-002   5.3303461551637649E-002   5.4680300594723195E-002   5.6036473581976581E-002   5.7361725112407863E-002   5.8645067359625672E-002   5.9874883186906487E-002   6.1039070683750501E-002   6.2125233677706913E-002   6.3120920562645871E-002   6.4013910342376093E-002   6.4792540146068486E-002   6.5446062882918501E-002   6.5965017689147989E-002   6.6341590199735345E-002   6.6569935572779626E-002   6.6646435951367392E-002   6.6569866929021268E-002   6.6341455151208248E-002   6.5964820601176033E-002   6.5445810030423032E-002   6.4792239409144414E-002   6.4013570836848291E-002   6.3120552232107649E-002   6.2124846874268821E-002   6.1038675762367371E-002   5.9874490133522321E-002   5.8644685467762060E-002   5.7361362717459841E-002   5.6036137858156164E-002   5.4679997416487214E-002   5.3303195419233430E-002   5.1915186088167427E-002   5.0524586341421422E-002   4.9139162480038523E-002   4.7765836079835401E-002   4.6410704864596898E-002   4.5079075063028475E-002   4.3775502370149204E-002   4.2503839119461401E-002   4.1267285638168692E-002   4.0068444036372490E-002   3.8909372909440958E-002   3.7791641641506321E-002   3.6716383206922422E-002   3.5684344582974224E-002   3.4695934108700491E-002   3.3751265342656045E-002   3.2850197175765240E-002   3.1992370133940636E-002   3.1177238951631658E-002   3.0404101608496079E-002   2.9672125097215105E-002   2.8980368234316420E-002   2.8327801842870620E-002   2.7713326632114569E-002   2.7135789080477202E-002   2.6593995600593470E-002   2.6086725232197568E-002   2.5612741074729901E-002   2.5170800638483759E-002   2.4759665262684100E-002   2.4378108721850936E-002   2.4024925118463152E-002   2.3698936140266316E-002   2.3398997744313851E-002   2.3124006316639259E-002   2.2872904345930110E-002   2.2644685641314572E-002   2.2438400118002692E-002   2.2253158169703236E-002   2.2088134643154532E-002   2.1942572427488368E-002   2.1815785669249729E-002   2.1707162622510774E-002   2.1616168142467675E-002   2.1542345830046550E-002   2.1485319834253169E-002   2.1444796318196437E-002   2.1420564593840456E-002   2.1412497929566728E-002
   2.1369730825616221E-002   2.1393035682244540E-002   2.1432014620178918E-002   2.1486868179747591E-002   2.1557875966494128E-002   2.1645395497541874E-002   2.1749860710241840E-002   2.1871780127352993E-002   2.2011734671992977E-002   2.2170375124671998E-002   2.2348419213835426E-002   2.2546648330417352E-002   2.2765903855845274E-002   2.3007083091605155E-002   2.3271134776717103E-002   2.3559054177099786E-002   2.3871877727603835E-002   2.4210677203232875E-002   2.4576553390482005E-002   2.4970629222520680E-002   2.5394042332823608E-002   2.5847936970495384E-002   2.6333455206638660E-002   2.6851727344426760E-002   2.7403861425908123E-002   2.7990931706028024E-002   2.8613965939236069E-002   2.9273931297127399E-002   2.9971718708205395E-002   3.0708125385163668E-002   3.1483835284046302E-002   3.2299397227150042E-002   3.3155200422310613E-002   3.4051447130574432E-002   3.4988122277620951E-002   3.5964959876530658E-002   3.6981406234062209E-002   3.8036580050729796E-002   3.9129229694936672E-002   4.0257688128289344E-002   4.1419826175246470E-002   4.2613005056151086E-002   4.3834029329704344E-002   4.5079101613509719E-002   4.6343780669685683E-002   4.7622944664332624E-002   4.8910761649372150E-002   5.0200669590850178E-002   5.1485368593399097E-002   5.2756828346415346E-002   5.4006314217954196E-002   5.5224435784874466E-002   5.6401221806727568E-002   5.7526225579608410E-002   5.8588664070812951E-002   5.9577593061654097E-002   6.0482118579032719E-002   6.1291642126746010E-002   6.1996133717876947E-002   6.2586422713044154E-002   6.3054492428557901E-002   6.3393761017358247E-002   6.3599328997870144E-002   6.3668173777670076E-002   6.3599274156532687E-002   6.3393653176929313E-002   6.3054335182109775E-002   6.2586221228476180E-002   6.1995894490301219E-002   6.1291372676981315E-002   6.0481827118789883E-002   5.9577288146686599E-002   5.8588354261951116E-002   5.7525919128706832E-002   5.6400926380859528E-002   5.5224158238290667E-002   5.4006060417837419E-002   5.2756603055452621E-002   5.1485175409560317E-002   5.0200510942311934E-002   4.8910638840120070E-002   4.7622857963629535E-002   4.6343729436485862E-002   4.5079084445308969E-002   4.3834044224515992E-002   4.2613049576460130E-002   4.1419897603927079E-002   4.0257783608414734E-002   3.9129346347876071E-002   3.8036715069566150E-002   3.6981556951841320E-002   3.5965123810905539E-002   3.4988297154928447E-002   3.4051630893230454E-002   3.3155391223686166E-002   3.2299593417906593E-002   3.1484035393410936E-002   3.0708328099955929E-002   2.9971922851711880E-002   2.9274135809248453E-002   2.8614169858755954E-002   2.7991134155411618E-002   2.7404061598703545E-002   2.6851924495140910E-002   2.6333648642828836E-002   2.5848126046762163E-002   2.5394226446375918E-002   2.4970807809996592E-002   2.4576725925735711E-002   2.4210843195831451E-002   2.3872036721812005E-002   2.3559205751164967E-002   2.3271278542299736E-002   2.3007218693230535E-002   2.2766030970283145E-002   2.2546766665924207E-002   2.2348528509221498E-002   2.2170475148180078E-002   2.2011825219998560E-002   2.1871861022914382E-002   2.1749931801544220E-002   2.1645456656290508E-002   2.1557927086318769E-002   2.1486909174682777E-002   2.1432045423283586E-002   2.1393056244419343E-002   2.1369741114669098E-002   2.1361979395732270E-002
   2.1318424483606099E-002   2.1340807407244502E-002   2.1378242982827998E-002   2.1430921673190537E-002   2.1499108962905755E-002   2.1583144191423782E-002   2.1683439043994019E-002   2.1800475694091711E-002   2.1934804589951784E-002   2.2087041876800013E-002   2.2257866445420629E-002   2.2448016596748006E-002   2.2658286311128664E-002   2.2889521109655447E-002   2.3142613493388316E-002   2.3418497944184446E-002   2.3718145468079183E-002   2.4042557658485317E-002   2.4392760251688347E-002   2.4769796140974219E-002   2.5174717807987863E-002   2.5608579120343481E-002   2.6072426432869604E-002   2.6567288916004232E-002   2.7094168018689406E-002   2.7654025954749629E-002   2.8247773081534134E-002   2.8876254018290120E-002   2.9540232330541247E-002   3.0240373587525689E-002   3.0977226585076647E-002   3.1751202519547848E-002   3.2562551903552547E-002   3.3411339035971988E-002   3.4297413881640142E-002   3.5220381284703561E-002   3.6179567537243260E-002   3.7173984452942267E-002   3.8202291253640948E-002   3.9262754761077268E-002   4.0353208590889755E-002   4.1471012263093972E-002   4.2613011364172511E-002   4.3775500113257711E-002   4.4954187894199166E-002   4.6144171516276006E-002   4.7339915162569288E-002   4.8535240181941317E-002   4.9723327080800545E-002   5.0896732267626851E-002   5.2047422272922403E-002   5.3166828262592197E-002   5.4245923609740405E-002   5.5275326990690897E-002   5.6245432815324972E-002   5.7146569686883794E-002   5.7969185945254027E-002   5.8704059181381649E-002   5.9342524017947651E-002   5.9876709650832319E-002   6.0299775977169873E-002   6.0606135038064404E-002   6.0791643459557253E-002   6.0853752015362916E-002   6.0791600611222255E-002   6.0606050843374393E-002   6.0299653366080279E-002   5.9876552838620568E-002   5.9342338304056746E-002   5.8703850703640453E-002   5.7968961405676686E-002   5.7146336066016067E-002   5.6245197091407552E-002   5.5275095878058664E-002   5.4245703328292219E-002   5.3166624347254193E-002   5.2047239429079031E-002   5.0896574275653236E-002   4.9723196750129858E-002   4.8535139352536762E-002   4.7339844749270957E-002   4.6144131589361662E-002   4.4954177787802578E-002   4.3775518552215807E-002   4.2613056599567420E-002   4.1471082207266224E-002   4.0353300943953639E-002   3.9262867122787100E-002   3.8202421216582197E-002   3.7174129675180134E-002   3.6179725794504854E-002   3.5220550503720888E-002   3.4297592157344417E-002   3.3411524635795352E-002   3.2562743262217808E-002   3.1751398227509824E-002   3.0977425373336205E-002   3.0240574310982499E-002   2.9540433951475011E-002   2.8876455591030293E-002   2.8247973738932900E-002   2.7654224896728773E-002   2.7094364502886138E-002   2.6567482250382014E-002   2.6072615970069133E-002   2.5608764253508075E-002   2.5174897967789635E-002   2.4769970793579787E-002   2.4392928897425743E-002   2.4042719831001515E-002   2.3718300733806708E-002   2.3418645901964324E-002   2.3142753774124628E-002   2.2889653375903957E-002   2.2658410256548328E-002   2.2448131945369359E-002   2.2257972950709002E-002   2.2087139320513424E-002   2.1934892780812863E-002   2.1800554466309331E-002   2.1683508255683291E-002   2.1583203722981868E-002   2.1499158715406353E-002   2.1430961566861022E-002   2.1378272955671001E-002   2.1340827413860414E-002   2.1318434494264796E-002   2.1310979600517886E-002
   2.1266834179643045E-002   2.1288293247264101E-002   2.1324182339163323E-002   2.1374681972242588E-002   2.1440043700041298E-002   2.1520588938539774E-002   2.1616707447135591E-002   2.1728855458130251E-002   2.1857553446879022E-002   2.2003383533688928E-002   2.2166986507568407E-002   2.2349058460985043E-002   2.2550347023799388E-002   2.2771647183415612E-002   2.3013796676802999E-002   2.3277670938256979E-002   2.3564177584425305E-002   2.3874250415052145E-002   2.4208842903904459E-002   2.4568921149249537E-002   2.4955456246857806E-002   2.5369416040629263E-002   2.5811756196432237E-002   2.6283410533501732E-002   2.6785280534769314E-002   2.7318223942936783E-002   2.7883042333337535E-002   2.8480467538342283E-002   2.9111146782368119E-002   2.9775626373063031E-002   3.0474333785182439E-002   3.1207557971899714E-002   3.1975427747242137E-002   3.2777888106904352E-002   3.3614674396919522E-002   3.4485284304371797E-002   3.5388947734543097E-002   3.6324594756260632E-002   3.7290821941484191E-002   3.8285857593777367E-002   3.9307526548294336E-002   4.0353215426307973E-002   4.1419839431886707E-002   4.2503811978779713E-002   4.3601018624697299E-002   4.4706796962797293E-002   4.5815924273215257E-002   4.6922614868705609E-002   4.8020529173894960E-002   4.9102796647527133E-002   5.0162054671362984E-002   5.1190505454026786E-002   5.2179992783728847E-002   5.3122100048834636E-002   5.4008270264399923E-002   5.4829947841544421E-002   5.5578740490326829E-002   5.6246597981874237E-002   5.6826002607030676E-002   5.7310164230232101E-002   5.7693211095807571E-002   5.7970366296335119E-002   5.8138099360486757E-002   5.8194243002577105E-002   5.8138066805782096E-002   5.7970302397699680E-002   5.7693118215059569E-002   5.7310045764973686E-002   5.6825862827828900E-002   5.6246441832838910E-002   5.5578573365978226E-002   5.4829775353647428E-002   5.4008098012119643E-002   5.3121933404321829E-002   5.2179836703324919E-002   5.1190364322945041E-002   5.0161932187168370E-002   4.9102695745150360E-002   4.8020451992380947E-002   4.6922562757498079E-002   4.5815897833621187E-002   4.4706796118483196E-002   4.3601042713781582E-002   4.2503859859417743E-002   4.1419909593257885E-002   4.0353306097586646E-002   3.9307635799412814E-002   3.8285983423393025E-002   3.7290962349331803E-002   3.6324747798792044E-002   3.5389111564251972E-002   3.4485457194352163E-002   3.3614854752959694E-002   3.2778074469780989E-002   3.1975618787909339E-002   3.1207752482047050E-002   3.0474530665256766E-002   2.9775824619397331E-002   2.9111345474604242E-002   2.8480665827922559E-002   2.7883239433498724E-002   2.7318419120378763E-002   2.6785473102987040E-002   2.6283599847651381E-002   2.5811941649536568E-002   2.5369597060899318E-002   2.4955632295904383E-002   2.4569091720969674E-002   2.4209007523847702E-002   2.3874408640094713E-002   2.3564329002604665E-002   2.3277815168643943E-002   2.3013933369312654E-002   2.2771776018482154E-002   2.2550467711863070E-002   2.2349170741761681E-002   2.2167090149092971E-002   2.2003478331143717E-002   2.1857639221233939E-002   2.1728932054636350E-002   2.1616774733723844E-002   2.1520646804183970E-002   2.1440092053147737E-002   2.1374720739129258E-002   2.1324211462688349E-002   2.1288312685657573E-002   2.1266843905588226E-002   2.1259696490756819E-002
   2.1215152522704998E-002   2.1235689334713037E-002   2.1270034720423901E-002   2.1318359421553613E-002   2.1380901305302749E-002   2.1457964188615897E-002   2.1549916316843831E-002   2.1657188489906366E-002   2.1780271827830093E-002   2.1919715166442894E-002   2.2076122073024649E-002   2.2250147470798780E-002   2.2442493860239963E-002   2.2653907124186978E-002   2.2885171902583760E-002   2.3137106521208158E-002   2.3410557456851618E-002   2.3706393318940068E-002   2.4025498324383991E-002   2.4368765238360898E-002   2.4737087748618238E-002   2.5131352234608693E-002   2.5552428885234891E-002   2.6001162110145533E-002   2.6478360179438967E-002   2.6984784015478380E-002   2.7521135048686397E-002   2.8088042037312907E-002   2.8686046740252311E-002   2.9315588323441381E-002   2.9976986376098472E-002   3.0670422415481562E-002   3.1395919770838991E-002   3.2153321762056819E-002   3.2942268129568950E-002   3.3762169732602564E-002   3.4612181615377657E-002   3.5491174646958605E-002   3.6397706069975500E-002   3.7329989444342640E-002   3.8285864640220803E-002   3.9262768713611854E-002   4.0257708680402043E-002   4.1267237381824341E-002   4.2287433797662803E-002   4.3313889305286568E-002   4.4341701495976889E-002   4.5365477238675803E-002   4.6379346717984243E-002   4.7376990157601273E-002   4.8351678856477683E-002   4.9296331989355999E-002   5.0203590325048592E-002   5.1065907558734455E-002   5.1875659303941342E-002   5.2625268922027353E-002   5.3307348281733266E-002   5.3914850274951985E-002   5.4441228549710917E-002   5.4880598589329879E-002   5.5227893141804561E-002   5.5479004281937513E-002   5.5630904256667807E-002   5.5681737856061529E-002   5.5630880409913951E-002   5.5478957551284125E-002   5.5227825405040884E-002   5.4880512546650523E-002   5.4441127592876642E-002   5.3914738326839746E-002   5.3307229616585232E-002   5.2625147977440521E-002   5.1875540495505551E-002   5.1065795107332279E-002   5.0203488105334738E-002   4.9296243406016731E-002   4.8351606752701434E-002   4.7376936757919638E-002   4.6379313605398764E-002   4.5365465363892341E-002   4.4341711214750001E-002   4.3313920438449352E-002   4.2287485707485882E-002   4.1267309057975633E-002   4.0257798828976545E-002   3.9262875843412301E-002   3.8285987141582288E-002   3.7330125657150749E-002   3.6397854338956599E-002   3.5491333363663204E-002   3.4612349247406943E-002   3.3762344841467708E-002   3.2942449379094775E-002   3.2153507919464870E-002   3.1396109702619544E-002   3.0670615079957882E-002   2.9977180814270990E-002   2.9315783649338539E-002   2.8686242131659396E-002   2.8088236727433886E-002   2.7521328319035188E-002   2.6984975190100530E-002   2.6478548620428519E-002   2.6001347214336102E-002   2.5552610081897152E-002   2.5131528983967703E-002   2.4737259541003677E-002   2.4368931593814109E-002   2.4025658792562510E-002   2.3706547479180058E-002   2.3410704918269472E-002   2.3137246922743656E-002   2.2885304912908282E-002   2.2654032441421137E-002   2.2442611211445425E-002   2.2250256611228727E-002   2.2076222785135709E-002   2.1919807258687873E-002   2.1780355133265469E-002   2.1657262864659806E-002   2.1549981638495891E-002   2.1458020354555272E-002   2.1380948231116803E-002   2.1318397039515141E-002   2.1270062978131433E-002   2.1235708193936213E-002   2.1215161958478498E-002   2.1208321503854377E-002
   2.1163564500666598E-002   2.1183184000680384E-002   2.1215994053470511E-002   2.1262155831403815E-002   2.1321893808982102E-002   2.1395494591156191E-002   2.1483305397046175E-002   2.1585732192055968E-002   2.1703237460134979E-002   2.1836337606849790E-002   2.1985599982970252E-002   2.2151639517415271E-002   2.2335114947593524E-002   2.2536724634345660E-002   2.2757201947761440E-002   2.2997310209008720E-002   2.3257837171858763E-002   2.3539589025704730E-002   2.3843383899423563E-002   2.4170044842305460E-002   2.4520392254358665E-002   2.4895235733500831E-002   2.5295365301417339E-002   2.5721541963203122E-002   2.6174487548393955E-002   2.6654873772842806E-002   2.7163310452482953E-002   2.7700332791942513E-002   2.8266387664120474E-002   2.8861818792431330E-002   2.9486850747093792E-002   3.0141571672602993E-002   3.0825914677788554E-002   3.1539637845306542E-002   3.2282302856832326E-002   3.3053252286244394E-002   3.3851585687840802E-002   3.4676134701328007E-002   3.5525437509864588E-002   3.6397713120066122E-002   3.7290836079943379E-002   3.8202312406738125E-002   3.9129257654394720E-002   4.0068378201651121E-002   4.1015956977589967E-002   4.1967844953127692E-002   4.2919459805894650E-002   4.3865793204158392E-002   4.4801428144499132E-002   4.5720567708230304E-002   4.6617076461007816E-002   4.7484535493461724E-002   4.8316311769954455E-002   4.9105641998961461E-002   4.9845730646928633E-002   5.0529860982647119E-002   5.1151517173766384E-002   5.1704514498694565E-002   5.2183133753425426E-002   5.2582255021273332E-002   5.2897485254373204E-002   5.3125273717185270E-002   5.3263009378021899E-002   5.3309094878871255E-002   5.3262992777238241E-002   5.3125241269378086E-002   5.2897438428982785E-002   5.2582195929874710E-002   5.2183065045705704E-002   5.1704439234863675E-002   5.1151438681631078E-002   5.0529782708212199E-002   4.9845656007335336E-002   4.9105574245890633E-002   4.8316253870421176E-002   4.7484490033342111E-002   4.6617045574810521E-002   4.5720553036694769E-002   4.4801430819704051E-002   4.3865813860083619E-002   4.2919498610915437E-002   4.1967901659829727E-002   4.1016030984649759E-002   4.0068468622356190E-002   3.9129363386665512E-002   3.8202432200189110E-002   3.7290968596478562E-002   3.6397856985612695E-002   3.5525591355974127E-002   3.4676297196399801E-002   3.3851755558559335E-002   3.3053428330424572E-002   3.2282483949220106E-002   3.1539822938011629E-002   3.0826102796972010E-002   3.0141761912860030E-002   2.9487042264715657E-002   2.8862010798446761E-002   2.8266579417744003E-002   2.7700523594817530E-002   2.7163499643913829E-002   2.6655060726065914E-002   2.6174671667837775E-002   2.5721722682626128E-002   2.5295542082779551E-002   2.4895408066413122E-002   2.4520559655955596E-002   2.4170206857397483E-002   2.3843540100798880E-002   2.3539739014468222E-002   2.3257980577713198E-002   2.2997446690401945E-002   2.2757331191841850E-002   2.2536846356686610E-002   2.2335228891665511E-002   2.2151745453801951E-002   2.1985697708340444E-002   2.1836426942711963E-002   2.1703318251412942E-002   2.1585804305534018E-002   2.1483368719738893E-002   2.1395549028661962E-002   2.1321939283880528E-002   2.1262192281755694E-002   2.1216021431475031E-002   2.1183202271538217E-002   2.1163573641689696E-002   2.1157038515922075E-002
   2.1112246543419779E-002   2.1130956822646332E-002   2.1162245182795102E-002   2.1206263463693691E-002   2.1263223083892537E-002   2.1333393878366583E-002   2.1417102594307600E-002   2.1514731038002183E-002   2.1626713864567944E-002   2.1753536001255711E-002   2.1895729694112080E-002   2.2053871167011484E-002   2.2228576881371049E-002   2.2420499384200619E-002   2.2630322731444059E-002   2.2858757472755464E-002   2.3106535182831525E-002   2.3374402523093283E-002   2.3663114815776168E-002   2.3973429110254858E-002   2.4306096718617082E-002   2.4661855194051119E-002   2.5041419721503418E-002   2.5445473885328192E-002   2.5874659773399398E-002   2.6329567371604745E-002   2.6810723197152737E-002   2.7318578114246792E-002   2.7853494272197427E-002   2.8415731105013727E-002   2.9005430334305870E-002   2.9622599925625367E-002   3.0267096964141215E-002   3.0938609440979169E-002   3.1636636978882061E-002   3.2360470577176836E-002   3.3109171523021633E-002   3.3881549699457635E-002   3.4676141620706293E-002   3.5491188639824332E-002   3.6324615900024858E-002   3.7174012733776594E-002   3.8036615346722806E-002   3.8909292748780210E-002   3.9788537003943275E-002   4.0670458954475817E-002   4.1550790625566512E-002   4.2424895524715636E-002   4.3287788007909743E-002   4.4134162783767084E-002   4.4958435458608309E-002   4.5754794780581157E-002   4.6517266910307435E-002   4.7239791621382220E-002   4.7916309813241818E-002   4.8540861106638307E-002   4.9107689606308617E-002   4.9611355191315036E-002   5.0046846984644934E-002   5.0409695030983026E-002   5.0696075757438092E-002   5.0902906589373333E-002   5.1027925211531808E-002   5.1069749443103364E-002   5.1027914531271368E-002   5.0902885808561178E-002   5.0696046005610944E-002   5.0409657929803613E-002   5.0046804566312678E-002   4.9611309798550454E-002   4.9107643780430178E-002   4.8540817470770742E-002   4.7916270957664209E-002   4.7239759997481777E-002   4.6517244738629268E-002   4.5754783977161560E-002   4.4958437582269486E-002   4.4134179005460183E-002   4.3287819101644052E-002   4.2424941878218783E-002   4.1550852267683798E-002   4.0670535595512806E-002   3.9788628084729563E-002   3.8909397494191873E-002   3.8036732819714009E-002   3.7174141886570276E-002   3.6324755619904760E-002   3.5491337787850880E-002   3.4676299062545352E-002   3.3881714328279217E-002   3.3109342275035598E-002   3.2360646440795941E-002   3.1636816998737119E-002   3.0938792718078124E-002   3.0267282653399105E-002   2.9622787231837061E-002   2.9005618507429051E-002   2.8415919435410778E-002   2.7853682086277771E-002   2.7318764770772032E-002   2.6810908084324118E-002   2.6329749904946746E-002   2.5874839394381573E-002   2.5445650060623711E-002   2.5041591942760771E-002   2.4662022978048367E-002   2.4306259607671327E-002   2.3973586672768880E-002   2.3663266646817026E-002   2.3374548244912408E-002   2.3106674445251670E-002   2.2858889953365984E-002   2.2630448135562638E-002   2.2420617444575790E-002   2.2228687357616038E-002   2.2053973844774984E-002   2.1895824384005707E-002   2.1753622537570003E-002   2.1626792103819247E-002   2.1514800857360350E-002   2.1417163889959932E-002   2.1333446563875959E-002   2.1263267088607922E-002   2.1206298731269065E-002   2.1162271669868431E-002   2.1130974497724352E-002   2.1112255386006740E-002   2.1106022910030855E-002
   2.1061365711521018E-002   2.1079177800617951E-002   2.1108963025821624E-002   2.1150864158120928E-002   2.1205079934192423E-002   2.1271863908494306E-002   2.1351522967704508E-002   2.1444415500607942E-002   2.1550949215348551E-002   2.1671578594941888E-002   2.1806801981092198E-002   2.1957158275660450E-002   2.2123223248557623E-002   2.2305605440348614E-002   2.2504941647390496E-002   2.2721891976828792E-002   2.2957134458161998E-002   2.3211359197279749E-002   2.3485262057805791E-002   2.3779537853162214E-002   2.4094873030959370E-002   2.4431937829073075E-002   2.4791377880099209E-002   2.5173805237828049E-002   2.5579788796079569E-002   2.6009844066902800E-002   2.6464422282107235E-002   2.6943898779856444E-002   2.7448560637298957E-002   2.7978593511841392E-002   2.8534067658829359E-002   2.9114923103477065E-002   2.9720953961476740E-002   3.0351791927566509E-002   3.1006888986209354E-002   3.1685499445054666E-002   3.2386661451260984E-002   3.3109178223650899E-002   3.3851599319719400E-002   3.4612202354207776E-002   3.5388975692388171E-002   3.6179602752008738E-002   3.6981448657247257E-002   3.7791550089028625E-002   3.8606609260840766E-002   3.9422993009467264E-002   4.0236738017569364E-002   4.1043563171875228E-002   4.1838889999514101E-002   4.2617872009080279E-002   4.3375433586365031E-002   4.4106318852331315E-002   4.4805150579308478E-002   4.5466498879681225E-002   4.6084958933103271E-002   4.6655236513790298E-002   4.7172239538203577E-002   4.7631173305880924E-002   4.8027636594135080E-002   4.8357715342142053E-002   4.8618070377713173E-002   4.8806015554312326E-002   4.8919582818296795E-002   4.8957571137219970E-002   4.8919576880816502E-002   4.8806004116469237E-002   4.8618054290646903E-002   4.8357695826432325E-002   4.8027615176807634E-002   4.7631151743272031E-002   4.7172219729783985E-002   4.6655220412457087E-002   4.6084948457418035E-002   4.5466495833093451E-002   4.4805156580612335E-002   4.4106335280549837E-002   4.3375461542036947E-002   4.2617912292650051E-002   4.1838943106299958E-002   4.1043629302009589E-002   4.0236817098450256E-002   3.9423084727684167E-002   3.8606713100270564E-002   3.7791665371831075E-002   3.6981574584790171E-002   3.6179738443258981E-002   3.5389120217939114E-002   3.4612354764795288E-002   3.3851758668731954E-002   3.3109343583703363E-002   3.2386831925338498E-002   3.1685674173025133E-002   3.1007067147653309E-002   3.0351972741901771E-002   2.9721136686289267E-002   2.9115107031841718E-002   2.8534252116244267E-002   2.7978777853233053E-002   2.7448744244400001E-002   2.6944081059125789E-002   2.6464602663257966E-002   2.6010022002026980E-002   2.5579963759308162E-002   2.5173976725434095E-002   2.4791545410937858E-002   2.4432100945248888E-002   2.4095031298615444E-002   2.3779690863294390E-002   2.3485409427016841E-002   2.3211500568401423E-002   2.2957269500686901E-002   2.2722020387108535E-002   2.2505063148571348E-002   2.2305719782030456E-002   2.2123330206176229E-002   2.1957257649606605E-002   2.1806893595593107E-002   2.1671662296740911E-002   2.1551024872227854E-002   2.1444482999804768E-002   2.1351582214275831E-002   2.1271914823686268E-002   2.1205122453870188E-002   2.1150898231312033E-002   2.1108988613421493E-002   2.1079194874300117E-002   2.1061374252887649E-002   2.1055440769028898E-002
   2.1011079012999208E-002   2.1028006664284657E-002   2.1056311864025887E-002   2.1096128600967330E-002   2.1147643335674014E-002   2.1211093871643459E-002   2.1286767894457430E-002   2.1375001172276614E-002   2.1476175409843121E-002   2.1590715747195604E-002   2.1719087893524808E-002   2.1861794885996967E-002   2.2019373462928916E-002   2.2192390040380847E-002   2.2381436280997449E-002   2.2587124243723070E-002   2.2810081102783295E-002   2.3050943424001141E-002   2.3310350986041062E-002   2.3588940133495162E-002   2.3887336647804378E-002   2.4206148120827636E-002   2.4545955814451820E-002   2.4907305988038579E-002   2.5290700673857636E-002   2.5696587879167492E-002   2.6125351192585401E-002   2.6577298772277463E-002   2.7052651694888404E-002   2.7551531647781419E-002   2.8073947954019164E-002   2.8619783930714203E-002   2.9188782598189227E-002   2.9780531781184855E-002   3.0394448675497680E-002   3.1029763995135254E-002   3.1685505867215503E-002   3.2360483704742954E-002   3.3053272360610869E-002   3.3762196948260680E-002   3.4485318802767409E-002   3.5220423146855750E-002   3.5965009114406712E-002   3.6716282863243098E-002   3.7471154572443613E-002   3.8226240159767680E-002   3.8977868564601899E-002   3.9722095414189355E-002   4.0454723819552833E-002   4.1171332927304335E-002   4.1867314680607587E-002   4.2537919014752824E-002   4.3178307430119439E-002   4.3783614550691741E-002   4.4349016896722347E-002   4.4869807687817578E-002   4.5341476066255708E-002   4.5759788715365735E-002   4.6120871476545783E-002   4.6421288278019592E-002   4.6658114517004620E-002   4.6829002019095851E-002   4.6932232859152406E-002   4.6966759676202702E-002   4.6932230640677322E-002   4.6828997904516369E-002   4.6658109133511705E-002   4.6421282523764595E-002   4.6120866472842352E-002   4.5759785748246323E-002   4.5341476521312936E-002   4.4869812982567640E-002   4.4349028414693216E-002   4.3783633581081158E-002   4.3178335116235721E-002   4.2537956313613720E-002   4.1867362335111798E-002   4.1171391451395194E-002   4.0454793495850086E-002   3.9722176302749553E-002   3.8977960520840911E-002   3.8226342859179266E-002   3.7471267539589341E-002   3.6716405502560265E-002   3.5965140740647869E-002   3.5220563013384242E-002   3.4485466126427770E-002   3.3762350930058423E-002   3.3053432201918378E-002   3.2360648619155580E-002   3.1685675088488519E-002   3.1029936781829533E-002   3.0394624313054886E-002   2.9780709582158029E-002   2.9188961901293751E-002   2.8619964099261101E-002   2.8074128374169581E-002   2.7551711726935747E-002   2.7052830860408762E-002   2.6577476470645789E-002   2.6125526889024094E-002   2.5696761057695350E-002   2.5290870837718370E-002   2.4907472660418931E-002   2.4546118539397373E-002   2.4206306464263944E-002   2.3887490198575768E-002   2.3589088504341986E-002   2.3310493814446661E-002   2.3051080372851664E-002   2.2810211860796074E-002   2.2587248525612415E-002   2.2381553827360026E-002   2.2192500617295774E-002   2.2019476861280411E-002   2.1861890920539119E-002   2.1719176401718349E-002   2.1590796587855590E-002   2.1476248461643210E-002   2.1375066332160672E-002   2.1286825076011952E-002   2.1211143003484936E-002   2.1147684359904235E-002   2.1096161471746526E-002   2.1056336546309083E-002   2.1028023132760872E-002   2.1011087251266235E-002   2.1005448195570431E-002
   2.0961532849218187E-002   2.0977592312012169E-002   2.1004444770563083E-002   2.1042215736992571E-002   2.1091079827750065E-002   2.1151259657951015E-002   2.1223024410754330E-002   2.1306688075354307E-002   2.1402607346089030E-002   2.1511179174279107E-002   2.1632837963717608E-002   2.1768052400234314E-002   2.1917321905443189E-002   2.2081172704629969E-002   2.2260153498714637E-002   2.2454830730291711E-002   2.2665783433863721E-002   2.2893597660492246E-002   2.3138860467149788E-002   2.3402153461026642E-002   2.3684045888904073E-002   2.3985087261445315E-002   2.4305799501906582E-002   2.4646668608399432E-002   2.5008135818567326E-002   2.5390588265565828E-002   2.5794349114836114E-002   2.6219667172718786E-002   2.6666705960972502E-002   2.7135532256376025E-002   2.7626104102577754E-002   2.8138258313118482E-002   2.8671697501097538E-002   2.9225976693337083E-002   2.9800489616146678E-002   3.0394454776773903E-002   3.1006901509921060E-002   3.1636656212416694E-002   3.2282329050702954E-002   3.2942301493857636E-002   3.3614715097070633E-002   3.4297462033458723E-002   3.4988177941428757E-002   3.5684237715183767E-002   3.6382754911430865E-002   3.7080585469559196E-002   3.7774336439201632E-002   3.8460380372303080E-002   3.9134875961554239E-002   3.9793795389490530E-002   4.0432958690443506E-002   4.1048075220538535E-002   4.1634792081072958E-002   4.2188749052743439E-002   4.2705639280605071E-002   4.3181274614624815E-002   4.3611654174924151E-002   4.3993034395362431E-002   4.4321998528728701E-002   4.4595523398267639E-002   4.4811041079781344E-002   4.4966493218380636E-002   4.5060375838642475E-002   4.5091772799865801E-002   4.5060376469271954E-002   4.4966494711424644E-002   4.4811043885716717E-002   4.4595528161018513E-002   4.4322006050070480E-002   4.3993045591470582E-002   4.3611670028042844E-002   4.3181296123054540E-002   4.2705667410169582E-002   4.2188784692609067E-002   4.1634836006296749E-002   4.1048128063069858E-002   4.0433020919564466E-002   3.9793867301922164E-002   3.9134957680747776E-002   3.8460471855834975E-002   3.7774437492743465E-002   3.7080695765623436E-002   3.6382874011007690E-002   3.5684365090468226E-002   3.4988312998062272E-002   3.4297604131032326E-002   3.3614863567012647E-002   3.2942455654210390E-002   3.2282488217642513E-002   3.1636819708657511E-002   3.1007068670358816E-002   3.0394624951849216E-002   2.9800662173466927E-002   2.9226151018085459E-002   2.8671872995705054E-002   2.8138434396593189E-002   2.7626280209791881E-002   2.7135707837518418E-002   2.6666880481290022E-002   2.6219840112600486E-002   2.5794519970240536E-002   2.5390756548753817E-002   2.5008301059078569E-002   2.4646830354197791E-002   2.4305957320614597E-002   2.3985240741589541E-002   2.3684194641098298E-002   2.3402297119027936E-002   2.3138998688732319E-002   2.2893730128094439E-002   2.2665909854976008E-002   2.2454950837563936E-002   2.2260267049774251E-002   2.2081279481613803E-002   2.1917421714256809E-002   2.1768145069563087E-002   2.1632923343822656E-002   2.1511257135618644E-002   2.1402677777811203E-002   2.1306750883711381E-002   2.1223079517489939E-002   2.1151306998712073E-002   2.1091119350573322E-002   2.1042247400912421E-002   2.1004468544382818E-002   2.0977608173275188E-002   2.0961540783409317E-002   2.0956190760274159E-002
   2.0912862589044956E-002   2.0928072380818067E-002   2.0953503173362063E-002   2.0989272323126092E-002   2.1035543055468304E-002   2.1092523385984371E-002   2.1160464725032527E-002   2.1239660159362458E-002   2.1330442403757734E-002   2.1433181414793976E-002   2.1548281658211980E-002   2.1676179021011821E-002   2.1817337359186780E-002   2.1972244672020552E-002   2.2141408894046005E-002   2.2325353296078890E-002   2.2524611487161186E-002   2.2739722009739293E-002   2.2971222520928196E-002   2.3219643553245552E-002   2.3485501848724825E-002   2.3769293260837900E-002   2.4071485219206743E-002   2.4392508752728418E-002   2.4732750067593057E-002   2.5092541677913582E-002   2.5472153088553665E-002   2.5871781032563990E-002   2.6291539269839275E-002   2.6731447959712336E-002   2.7191422628832243E-002   2.7671262767546976E-002   2.8170640103905818E-002   2.8689086625112051E-002   2.9225982442536963E-002   2.9780543628851897E-002   3.0351810194778037E-002   3.0938634418325162E-002   3.1539669790572641E-002   3.2153360897739416E-002   3.2777934617404351E-002   3.3411393064338490E-002   3.4051508774728373E-002   3.4695822662105733E-002   3.5341645309011537E-002   3.5986062170006446E-002   3.6625943248860392E-002   3.7257957770837631E-002   3.7878594296007428E-002   3.8484186608755910E-002   3.9070945571031850E-002   3.9634996943128498E-002   4.0172424959020334E-002   4.0679321199015066E-002   4.1151838039142907E-002   4.1586245685684191E-002   4.1978991538930602E-002   4.2326760389746594E-002   4.2626533754681624E-002   4.2875646519732032E-002   4.3071839007436316E-002   4.3213302621201322E-002   4.3298717362932629E-002   4.3327279765409343E-002   4.3298720120284198E-002   4.3213308297597557E-002   4.3071847916685328E-002   4.2875659109303230E-002   4.2626550579717433E-002   4.2326782081397035E-002   4.1979018769219868E-002   4.1586279131276979E-002   4.1151878346338523E-002   4.0679368952071027E-002   4.0172480653524405E-002   3.9635060965642920E-002   3.9071018185676612E-002   3.8484267950834858E-002   3.7878684372261447E-002   3.7258056465478501E-002   3.6626050334226244E-002   3.5986177320503202E-002   3.5341768116964441E-002   3.4695952654227966E-002   3.4051645428095433E-002   3.3411535821003896E-002   3.2778082897071625E-002   3.2153514108181423E-002   3.1539827335737874E-002   3.0938795704269988E-002   3.0351974633706067E-002   2.9780710641624197E-002   2.9226151460045747E-002   2.8689257088896095E-002   2.8170811466340425E-002   2.7671434491877953E-002   2.7191594189252925E-002   2.6731618841614117E-002   2.6291708970305392E-002   2.5871949061126540E-002   2.5472318968196326E-002   2.5092704946276318E-002   2.4732910278319219E-002   2.4392665476886708E-002   2.4071638046718632E-002   2.3769441801843937E-002   2.3485645734828826E-002   2.3219782438583522E-002   2.2971356083018025E-002   2.2739849950077263E-002   2.2524733531542006E-002   2.2325469194626801E-002   2.2141518420955394E-002   2.1972347625014956E-002   2.1817433558715005E-002   2.1676268309208806E-002   2.1548363897659566E-002   2.1433256487122854E-002   2.1330510208136342E-002   2.1239720610921227E-002   2.1160517753272951E-002   2.1092568933221752E-002   2.1035581075354914E-002   2.0989302779298131E-002   2.0953526038249296E-002   2.0928087634649754E-002   2.0912870219079609E-002   2.0907803077297893E-002
   2.0865192269049204E-002   2.0879572944918955E-002   2.0903616551045459E-002   2.0937432620983774E-002   2.0981173458136125E-002   2.1035033087373974E-002   2.1099245899022137E-002   2.1174084979490734E-002   2.1259860121926381E-002   2.1356915509533000E-002   2.1465627063702381E-002   2.1586399448805769E-002   2.1719662725431337E-002   2.1865868644002667E-002   2.2025486571065723E-002   2.2198999041065665E-002   2.2386896927125692E-002   2.2589674225160093E-002   2.2807822446578301E-002   2.3041824615845842E-002   2.3292148870253708E-002   2.3559241660417580E-002   2.3843520551315264E-002   2.4145366625137180E-002   2.4465116488974127E-002   2.4803053892550296E-002   2.5159400964036266E-002   2.5534309075722413E-002   2.5927849356345203E-002   2.6340002873561263E-002   2.6770650518952926E-002   2.7219562639580367E-002   2.7686388475061399E-002   2.8170645478047152E-002   2.8671708619294030E-002   2.9188799806692530E-002   2.9720977580749566E-002   3.0267127286936913E-002   3.0825951967364380E-002   3.1395964259201950E-002   3.1975479633312133E-002   3.2562611351134044E-002   3.3155267557795590E-002   3.3751150960956086E-002   3.4347761563823846E-002   3.4942402922799973E-002   3.5532192381039135E-002   3.6114075685114107E-002   3.6684846319959413E-002   3.7241169795542602E-002   3.7779612986943240E-002   3.8296678469143967E-002   3.8788843602283005E-002   3.9252603917979620E-002   3.9684520140475493E-002   4.0081267957818363E-002   4.0439689450254127E-002   4.0756844899066551E-002   4.1030063553801392E-002   4.1256991843348641E-002   4.1435637489291452E-002   4.1564408027605977E-002   4.1642142371826077E-002   4.1668134255831157E-002   4.1642146669540053E-002   4.1564416731605026E-002   4.1435650809855736E-002   4.1257010079256938E-002   4.1030087073751831E-002   4.0756874119083263E-002   4.0439724808686926E-002   4.0081309889651869E-002   3.9684569052626448E-002   3.9252660167086728E-002   3.8788907476205177E-002   3.8296750173014843E-002   3.7779692634220444E-002   3.7241257404080914E-002   3.6684941812765728E-002   3.6114178895139223E-002   3.5532303059149464E-002   3.4942520747960136E-002   3.4347886154508435E-002   3.3751281886883026E-002   3.3155404351214952E-002   3.2562753517091279E-002   3.1975626658506527E-002   3.1396115619258050E-002   3.0826107132506334E-002   3.0267285726191088E-002   2.9721138764893684E-002   2.9188963210220038E-002   2.8671873721674988E-002   2.8170811764550038E-002   2.7686555437362689E-002   2.7219729776339883E-002   2.6770817336480447E-002   2.6340168886649928E-002   2.5928014089303633E-002   2.5534472063602470E-002   2.5159561754027292E-002   2.4803212045493361E-002   2.4465271580939505E-002   2.4145518249004287E-002   2.3843668318294490E-002   2.3559385201457124E-002   2.3292287837280556E-002   2.3041958682797466E-002   2.2807951310190488E-002   2.2589797605485611E-002   2.2387014567768326E-002   2.2199110709124167E-002   2.2025592056791936E-002   2.1865967760187503E-002   2.1719755306540939E-002   2.1586485349897738E-002   2.1465706159158417E-002   2.1356987691649242E-002   2.1259925299406148E-002   2.1174143075886210E-002   2.1099296851172004E-002   2.1035076843882772E-002   2.0981209977938901E-002   2.0937461872036062E-002   2.0903638509174361E-002   2.0879587592865970E-002   2.0865199595729959E-002   2.0860408505099841E-002
   2.0818634416068429E-002   2.0832208339024581E-002   2.0854902257582013E-002   2.0886818223729852E-002   2.0928098099563988E-002   2.0978922542038727E-002   2.1039509690103785E-002   2.1110113548924510E-002   2.1191022065057130E-002   2.1282554885819219E-002   2.1385060795678781E-002   2.1498914822297134E-002   2.1624515004908001E-002   2.1762278817997065E-002   2.1912639243755548E-002   2.2076040487504795E-002   2.2252933331209011E-002   2.2443770121290976E-002   2.2648999388222436E-002   2.2869060096763486E-002   2.3104375527269065E-002   2.3355346790176194E-002   2.3622345977661715E-002   2.3905708958573812E-002   2.4205727825179893E-002   2.4522643003166877E-002   2.4856635039852044E-002   2.5207816089939699E-002   2.5576221123671736E-002   2.5961798889205676E-002   2.6364402669898406E-002   2.6783780888300624E-002   2.7219567622515296E-002   2.7671273117559736E-002   2.8138274394845408E-002   2.8619806087069131E-002   2.9114951653705545E-002   2.9622635163623734E-002   3.0141613865466130E-002   3.0670471802215583E-002   3.1207614762217242E-002   3.1751266892658281E-002   3.2299469330470079E-002   3.2850081226695915E-002   3.3400783550155848E-002   3.3949086051236435E-002   3.4492337743483252E-002   3.5027741216471266E-002   3.5552371026006536E-002   3.6063196315956010E-002   3.6557107710107388E-002   3.7030948374169682E-002   3.7481548990782508E-002   3.7905766219442340E-002   3.8300524035584989E-002   3.8662857167334426E-002   3.8989955684636972E-002   3.9279209654532639E-002   3.9528252669272311E-002   3.9735002991327775E-002   3.9897701049867527E-002   4.0014942073076654E-002   4.0085702752190117E-002   4.0109361004276117E-002   4.0085708124912418E-002   4.0014952887683732E-002   3.9897717439876357E-002   3.9735025145361647E-002   3.9528280818073108E-002   3.9279244055200911E-002   3.8989996603244002E-002   3.8662904861123844E-002   3.8300578735947992E-002   3.7905828116719262E-002   3.7481618221730975E-002   3.7031025012672379E-002   3.6557191761398336E-002   3.6063287714353943E-002   3.5552469635884203E-002   3.5027846835982458E-002   3.4492450110428841E-002   3.3949204850382955E-002   3.3400908421322435E-002   3.2850211772987484E-002   3.2299605126142564E-002   3.1751407490235854E-002   3.1207759698625805E-002   3.0670620603832806E-002   3.0141766052105872E-002   2.9622790251561879E-002   2.9115109157912919E-002   2.8619965522846045E-002   2.8138435279054918E-002   2.7671434969639693E-002   2.7219729965418587E-002   2.6783943249475750E-002   2.6364564582383586E-002   2.5961959892873563E-002   2.5576380766630803E-002   2.5207973930073995E-002   2.4856790646463314E-002   2.4522795958671840E-002   2.4205877726809450E-002   2.3905855420019485E-002   2.3622488630616469E-002   2.3355485285720966E-002   2.3104509537062660E-002   2.2869189314000692E-002   2.2649123528333519E-002   2.2443888922364548E-002   2.2253046554129310E-002   2.2076147915803469E-002   2.1912740683186983E-002   2.1762374095854558E-002   2.1624603969105559E-002   2.1498997340248294E-002   2.1385136753009154E-002   2.1282624184953313E-002   2.1191084623722753E-002   2.1110169298619055E-002   2.1039558574566623E-002   2.0978964515772459E-002   2.0928133126444776E-002   2.0886846275743744E-002   2.0854923313719898E-002   2.0832222384363722E-002   2.0818641441063334E-002   2.0814118968773377E-002
   2.0773289987228188E-002   2.0786081101291039E-002   2.0807465470283580E-002   2.0837538011468402E-002   2.0876430633546390E-002   2.0924311256908971E-002   2.0981382547008237E-002   2.1047880355976881E-002   2.1124071866894769E-002   2.1210253434557590E-002   2.1306748116277720E-002   2.1413902886155026E-002   2.1532085526406612E-002   2.1661681189743258E-002   2.1803088627424985E-002   2.1956716078511324E-002   2.2122976816932517E-002   2.2302284354332458E-002   2.2495047298160140E-002   2.2701663866204164E-002   2.2922516060672499E-002   2.3157963507026605E-002   2.3408336965111538E-002   2.3673931522727624E-002   2.3954999484740266E-002   2.4251742974225762E-002   2.4564306266145843E-002   2.4892767878812040E-002   2.5237132454165482E-002   2.5597322464919602E-002   2.5973169795186307E-002   2.6364407251645256E-002   2.6770660074935185E-002   2.7191437536030094E-002   2.7626124720126717E-002   2.8073974621106938E-002   2.8534100692865480E-002   2.9005470029380413E-002   2.9486897372715561E-002   2.9977040176177954E-002   3.0474394977204416E-002   3.0977295359395599E-002   3.1483911803238021E-002   3.1992253737916435E-002   3.2500174109478003E-002   3.3005376770688911E-002   3.3505426972619011E-002   3.3997765195112772E-002   3.4479724491333519E-002   3.4948551439896808E-002   3.5401430697266256E-002   3.5835513024906819E-002   3.6247946533427666E-002   3.6635910744293732E-002   3.6996652924709779E-002   3.7327526010248621E-002   3.7626027300863750E-002   3.7889837007715449E-002   3.8116855649265487E-002   3.8305239253101503E-002   3.8453431321169476E-002   3.8560190564511855E-002   3.8624613510343041E-002   3.8646151227152863E-002   3.8624619596876755E-002   3.8560202778148416E-002   3.8453449739758623E-002   3.8305263985454155E-002   3.8116886826293404E-002   3.7889874771705460E-002   3.7626071793682998E-002   3.7327577361324742E-002   3.6996711239602166E-002   3.6635976094575085E-002   3.6248018948442443E-002   3.5835592485783455E-002   3.5401517133353759E-002   3.4948644727595193E-002   3.4479824455110594E-002   3.3997871610361441E-002   3.3505539569919418E-002   3.3005495241000798E-002   3.2500298109798299E-002   3.1992382896987248E-002   3.1484045726969521E-002   3.0977433635764530E-002   3.0474537180488755E-002   2.9977185870480913E-002   2.9487046114809706E-002   2.9005621370959789E-002   2.8534254182328897E-002   2.8074129805010103E-002   2.7626281144437857E-002   2.7191594747307483E-002   2.6770817621520476E-002   2.6364564684938051E-002   2.5973326671036731E-002   2.5597478345149721E-002   2.5237286908208433E-002   2.4892920485441151E-002   2.4564456615254238E-002   2.4251890668610041E-002   2.3955144141838938E-002   2.3674072776265220E-002   2.3408474466602311E-002   2.3158096927096361E-002   2.2922645090163327E-002   2.2701788217034075E-002   2.2495166703917258E-002   2.2302398570591901E-002   2.2123085621292230E-002   2.1956819270351615E-002   2.1803186027404400E-002   2.1661772639050711E-002   2.1532170885796276E-002   2.1413982034796043E-002   2.1306820950455087E-002   2.1210319866263733E-002   2.1124131822353131E-002   2.1047933774139466E-002   2.0981429378068378E-002   2.0924351460869028E-002   2.0876464178877372E-002   2.0837564873895261E-002   2.0807485631725957E-002   2.0786094548984765E-002   2.0773296713048152E-002   2.0769034899103613E-002
   2.0729248421417948E-002   2.0741282029742229E-002   2.0761399254633248E-002   2.0789688228191171E-002   2.0826271397002608E-002   2.0871304579809215E-002   2.0924975749591589E-002   2.0987503535646105E-002   2.1059135440588597E-002   2.1140145766766344E-002   2.1230833246322519E-002   2.1331518369154222E-002   2.1442540403249940E-002   2.1564254102392395E-002   2.1697026096971338E-002   2.1841230964664619E-002   2.1997246979009347E-002   2.2165451535388705E-002   2.2346216255695710E-002   2.2539901774896051E-002   2.2746852214896668E-002   2.2967389353543619E-002   2.3201806499241445E-002   2.3450362084645633E-002   2.3713272996187054E-002   2.3990707659926981E-002   2.4282778908523272E-002   2.4589536659054428E-002   2.4910960437268020E-002   2.5246951790691217E-002   2.5597326641180692E-002   2.5961807637123017E-002   2.6340016576840493E-002   2.6731466987992194E-002   2.7135556963000039E-002   2.7551562367780124E-002   2.7978630560173284E-002   2.8415774775095156E-002   2.8861869354964560E-002   2.9315646025527716E-002   2.9775691437568141E-002   3.0240446212648868E-002   3.0708205744155666E-002   3.1177123011444787E-002   3.1645213662665393E-002   3.2110363608655795E-002   3.2570339344216048E-002   3.3022801172431518E-002   3.3465319451540951E-002   3.3895393911870762E-002   3.4310476003312003E-002   3.4707994133499155E-002   3.5085381546211616E-002   3.5440106472656573E-002   3.5769704070353674E-002   3.6071809551341726E-002   3.6344191799962990E-002   3.6584786697352566E-002   3.6791729311514275E-002   3.6963384084267456E-002   3.7098372153849951E-002   3.7195594997180739E-002   3.7254253659097021E-002   3.7273862955160816E-002   3.7254260185210906E-002   3.7195608069710416E-002   3.7098391811209455E-002   3.6963410378779565E-002   3.6791762303528319E-002   3.6584826448143759E-002   3.6344238363954541E-002   3.6071862968220701E-002   3.5769764357629026E-002   3.5440173619138420E-002   3.5085455506783603E-002   3.4708074825424290E-002   3.4310563304171239E-002   3.3895487659097799E-002   3.3465419443399223E-002   3.3022907170189714E-002   3.2570451075223231E-002   3.2110480769996383E-002   3.1645335925087059E-002   3.1177250023290838E-002   3.0708337135091166E-002   3.0240581597036516E-002   2.9775830417417833E-002   2.9315788193004934E-002   2.8862014294492498E-002   2.8415922065120367E-002   2.7978779774684284E-002   2.7551713077674095E-002   2.7135708737386299E-002   2.6731619395506816E-002   2.6340169187026637E-002   2.5961960021909977E-002   2.5597478376473720E-002   2.5247102458065454E-002   2.4911109625744630E-002   2.4589683966925881E-002   2.4282923945187104E-002   2.3990850047683598E-002   2.3713412371956268E-002   2.3450498101558200E-002   2.3201938828065510E-002   2.2967517683910858E-002   2.2746976256299279E-002   2.2540021257432392E-002   2.2346330930550100E-002   2.2165561175038276E-002   2.1997351377158858E-002   2.1841329935917374E-002   2.1697119476251671E-002   2.1564341744141503E-002   2.1442622180422463E-002   2.1331594172047708E-002   2.1230902981275276E-002   2.1140209354761720E-002   2.1059192815804848E-002   2.0987554643991203E-002   2.0925020547261312E-002   2.0871343031905073E-002   2.0826303476243636E-002   2.0789713913750223E-002   2.0761418531124867E-002   2.0741294886384928E-002   2.0729254851389548E-002   2.0725245282409623E-002
   2.0686587795294632E-002   2.0697890345030511E-002   2.0716784738477070E-002   2.0743352672333210E-002   2.0777707622197873E-002   2.0819993939131316E-002   2.0870385682356246E-002   2.0929085184124268E-002   2.0996321342219730E-002   2.1072347635206577E-002   2.1157439855369858E-002   2.1251893554382006E-002   2.1356021197051107E-002   2.1470149019094432E-002   2.1594613585731653E-002   2.1729758049009153E-002   2.1875928103147580E-002   2.2033467638843524E-002   2.2202714099347442E-002   2.2383993543277938E-002   2.2577615421516994E-002   2.2783867078165935E-002   2.3003007988443805E-002   2.3235263749605769E-002   2.3480819844493305E-002   2.3739815201263129E-002   2.4012335577261561E-002   2.4298406800020583E-002   2.4597987904077096E-002   2.4910964208901605E-002   2.5237140390820152E-002   2.5576233610578918E-002   2.5927866768272648E-002   2.6291561968838903E-002   2.6666734294249279E-002   2.7052685992851388E-002   2.7448601211846457E-002   2.7853541415274886E-002   2.8266441646572639E-002   2.8686107810972507E-002   2.9111215167728920E-002   2.9540308234074525E-002   2.9971802310488557E-002   3.0403986838629382E-002   3.0835030797441165E-002   3.1262990327815599E-002   3.1685818750284589E-002   3.2101379102391157E-002   3.2507459271991029E-002   3.2901789739793214E-002   3.3282063869763276E-002   3.3645960601278092E-002   3.3991169304749845E-002   3.4315416466336887E-002   3.4616493771636982E-002   3.4892287067841352E-002   3.5140805604017070E-002   3.5360210885334656E-002   3.5548844434204585E-002   3.5705253733749290E-002   3.5828215640015162E-002   3.5916756590543622E-002   3.5970169008336557E-002   3.5988023399928938E-002   3.5970175770377304E-002   3.5916770120917367E-002   3.5828235949892630E-002   3.5705280836469643E-002   3.5548878341491945E-002   3.5360251602747049E-002   3.5140853125986103E-002   3.4892341372678541E-002   3.4616554816865645E-002   3.4315484184659524E-002   3.3991243600887733E-002   3.3646041349831041E-002   3.3282150914143341E-002   3.2901882892197171E-002   3.2507558314300515E-002   3.2101483787833569E-002   3.1685928805654968E-002   3.1263105456050967E-002   3.0835150680350896E-002   3.0404111139614720E-002   2.9971930677124840E-002   2.9540440300475292E-002   2.9111350556655848E-002   2.8686246135694326E-002   2.8266582512506890E-002   2.7853684421466161E-002   2.7448745952344554E-002   2.7052832058052718E-002   2.6666881272257269E-002   2.6291709446886455E-002   2.5928014334234112E-002   2.5576380854582491E-002   2.5237286906956393E-002   2.4911109597010331E-002   2.4598131771584545E-002   2.4298548763791165E-002   2.4012475265424247E-002   2.3739952254970609E-002   2.3480953919572809E-002   2.3235394518062748E-002   2.3003135139783835E-002   2.2783990320505286E-002   2.2577734482458322E-002   2.2384108170534264E-002   2.2202824061104492E-002   2.2033572723857683E-002   2.1876028120583733E-002   2.1729852828029545E-002   2.1594702974853060E-002   2.1470232885336640E-002   2.1356099424904462E-002   2.1251966044625602E-002   2.1157506523774808E-002   2.1072408411160485E-002   2.0996376167309292E-002   2.0929134010712582E-002   2.0870428472190342E-002   2.0820030662013451E-002   2.0777738254751571E-002   2.0743377196891968E-002   2.0716803142120106E-002   2.0697902618786280E-002   2.0686593933528709E-002   2.0682827814311182E-002
   2.0645375076120034E-002   2.0655973951636070E-002   2.0673691387331196E-002   2.0698602992195159E-002   2.0730813758658984E-002   2.0770457199107483E-002   2.0817694230552665E-002   2.0872711803936052E-002   2.0935721274061639E-002   2.1006956505876934E-002   2.1086671712742575E-002   2.1175139022483077E-002   2.1272645767409244E-002   2.1379491495159345E-002   2.1495984698129945E-002   2.1622439260461590E-002   2.1759170623009950E-002   2.1906491668466543E-002   2.2064708330790897E-002   2.2234114935373136E-002   2.2414989278861354E-002   2.2607587460363433E-002   2.2812138478777853E-002   2.3028838614341088E-002   2.3257845616131322E-002   2.3499272721282879E-002   2.3753182536103586E-002   2.4019580814221581E-002   2.4298410172408115E-002   2.4589543790927204E-002   2.4892779152254452E-002   2.5207831879883853E-002   2.5534329747782740E-002   2.5871806940904300E-002   2.6219698658012290E-002   2.6577336159818173E-002   2.6943942377874473E-002   2.7318628212470070E-002   2.7700389660434411E-002   2.8088105925599346E-002   2.8480538674825726E-002   2.8876332609931929E-002   2.9274017529367029E-002   2.9672012051751379E-002   3.0068629165127682E-002   3.0462083749657014E-002   3.0850502196460378E-002   3.1231934210555583E-002   3.1604366841007162E-002   3.1965740726679834E-002   3.2313968482195782E-002   3.2646955077385895E-002   3.2962619986967423E-002   3.3258920808340794E-002   3.3533877967842879E-002   3.3785600063529951E-002   3.4012309329831313E-002   3.4212366660421038E-002   3.4384295594284284E-002   3.4526804659450766E-002   3.4638807481548725E-002   3.4719440101322087E-002   3.4768075006303259E-002   3.4784331465229766E-002   3.4768081856381104E-002   3.4719453798351035E-002   3.4638828018396239E-002   3.4526832023296594E-002   3.4384329764279908E-002   3.4212407604887876E-002   3.4012357003228050E-002   3.3785654403429413E-002   3.3533938892145877E-002   3.3258988212921343E-002   3.2962693743894406E-002   3.2647035033808419E-002   3.2314054459918327E-002   3.1965832522396667E-002   3.1604464227118371E-002   3.1232036936453673E-002   3.0850609990158380E-002   3.0462196319626548E-002   3.0068746202226760E-002   2.9672133231143084E-002   2.9274142512358273E-002   2.8876461045691658E-002   2.8480670201970634E-002   2.8088240173659174E-002   2.7700526251226758E-002   2.7318766761424709E-002   2.6944082495350494E-002   2.6577477452454184E-002   2.6219840730141820E-002   2.5871949396057959E-002   2.5534472190285835E-002   2.5207973916546104E-002   2.4892920394136903E-002   2.4589683855162185E-002   2.4298548684040879E-002   2.4019717408037638E-002   2.3753316858403310E-002   2.3499404431564817E-002   2.3257974388647129E-002   2.3028964139488038E-002   2.2812260464299270E-002   2.2607705632332404E-002   2.2415103382429025E-002   2.2234224735269210E-002   2.2064813611570429E-002   2.1906592234503725E-002   2.1759266298246042E-002   2.1622529887920145E-002   2.1496070139218018E-002   2.1379571628778286E-002   2.1272720488902608E-002   2.1175208242452413E-002   2.1086735355764014E-002   2.1007014509152728E-002   2.0935773586041088E-002   2.0872758382939831E-002   2.0817735043433091E-002   2.0770492219975449E-002   2.0730842967705724E-002   2.0698626374634099E-002   2.0673708932481900E-002   2.0655985652168918E-002   2.0645380927476521E-002   2.0641849149794854E-002
   2.0605666463133512E-002   2.0615589788997451E-002   2.0632177371946454E-002   2.0655499076877623E-002   2.0685651894782213E-002   2.0722759119875010E-002   2.0766969287080946E-002   2.0818454866777362E-002   2.0877410713307142E-002   2.0944052263570524E-002   2.1018613481997156E-002   2.1101344548416754E-002   2.1192509285804181E-002   2.1292382325587514E-002   2.1401246009185144E-002   2.1519387025685975E-002   2.1647092787107549E-002   2.1784647544459371E-002   2.1932328249899494E-002   2.2090400172598185E-002   2.2259112278509120E-002   2.2438692387096549E-002   2.2629342121178987E-002   2.2831231669437277E-002   2.3044494384815411E-002   2.3269221246044733E-002   2.3505455213883954E-002   2.3753185518438368E-002   2.4012341919157954E-002   2.4282788984878775E-002   2.4564320447627231E-002   2.4856653690906231E-002   2.5159424440860612E-002   2.5472181737077944E-002   2.5794383268770850E-002   2.6125391171590861E-002   2.6464468390133881E-002   2.6810775720996664E-002   2.7163369660589971E-002   2.7521201190225535E-002   2.7883115637550734E-002   2.8247853757354419E-002   2.8614054175153281E-002   2.8980257332768881E-002   2.9344911065297002E-002   2.9706377922501841E-002   3.0062944323951138E-002   3.0412831605619549E-002   3.0754208976064738E-002   3.1085208352912411E-002   3.1403940996086871E-002   3.1708515794371700E-002   3.1997058998432533E-002   3.2267735128864765E-002   3.2518768725074275E-002   3.2748466543102504E-002   3.2955239761247694E-002   3.3137625714815377E-002   3.3294308658548745E-002   3.3424139049692034E-002   3.3526150857910227E-002   3.3599576441154737E-002   3.3643858578677126E-002   3.3658659322267331E-002   3.3643865411848266E-002   3.3599590098237236E-002   3.3526171319864406E-002   3.3424166286705796E-002   3.3294342628663168E-002   3.3137666362291575E-002   3.2955287014818375E-002   3.2748520314256485E-002   3.2518828906513191E-002   3.2267801593248956E-002   3.1997131597501449E-002   3.1708594358487156E-002   3.1404025334209329E-002   3.1085298252985751E-002   3.0754304205757050E-002   3.0412931913348561E-002   3.0063049440114068E-002   2.9706487560830625E-002   2.9345024924269117E-002   2.8980375097019499E-002   2.8614175516853149E-002   2.8247978337537429E-002   2.7883243107392486E-002   2.7521331192288351E-002   2.7163501830058917E-002   2.6810909686935329E-002   2.6464603776787932E-002   2.6125527599762829E-002   2.5794520357281924E-002   2.5472319104323359E-002   2.5159561706455207E-002   2.4856790477407551E-002   2.4564456382315077E-002   2.4282923701563628E-002   2.4012475059985994E-002   2.3753316735657923E-002   2.3505584171537523E-002   2.3269347621551289E-002   2.3044617870410081E-002   2.2831351973438788E-002   2.2629458969059674E-002   2.2438805522334793E-002   2.2259221463209768E-002   2.2090505187872370E-002   2.1932428896001353E-002   2.1784743640683203E-002   2.1647184171454729E-002   2.1519473554316264E-002   2.1401327555672013E-002   2.1292458780001012E-002   2.1192580553648477E-002   2.1101410549451874E-002   2.1018674148976135E-002   2.0944107540924049E-002   2.0877460555807640E-002   2.0818499238213883E-002   2.0767008158974691E-002   2.0722792470263453E-002   2.0685679707097337E-002   2.0655521338941125E-002   2.0632194075101706E-002   2.0615600927394909E-002   2.0605672033183014E-002   2.0602365241350049E-002
   2.0567507808713067E-002   2.0576784263619030E-002   2.0592290018827775E-002   2.0614089532933172E-002   2.0642272268698175E-002   2.0676951911102050E-002   2.0718265358004844E-002   2.0766371480740342E-002   2.0821449651643693E-002   2.0883698035383563E-002   2.0953331641026099E-002   2.1030580132030491E-002   2.1115685391882438E-002   2.1208898843826554E-002   2.1310478524173070E-002   2.1420685909934564E-002   2.1539782503098757E-002   2.1668026175663071E-002   2.1805667281643615E-002   2.1952944544621301E-002   2.2110080731996110E-002   2.2277278129983907E-002   2.2454713836507111E-002   2.2642534892504125E-002   2.2840853275820323E-002   2.3049740785760178E-002   2.3269223850596394E-002   2.3499278294875043E-002   2.3739824108256907E-002   2.3990720262928571E-002   2.4251759632331702E-002   2.4522664070116329E-002   2.4803079714825128E-002   2.5092572592831930E-002   2.5390624599417839E-002   2.5696629945442719E-002   2.6009892164656788E-002   2.6329621784007481E-002   2.6654934765944171E-002   2.6984851837215620E-002   2.7318298822397322E-002   2.7654108101689751E-002   2.7991021310635595E-002   2.8327693393521702E-002   2.8662698111582518E-002   2.8994535091006215E-002   2.9321638473612334E-002   2.9642387204595829E-002   2.9955116956894560E-002   3.0258133650882292E-002   3.0549728481984628E-002   3.0828194318676772E-002   3.1091843280809790E-002   3.1339025255392887E-002   3.1568147056230789E-002   3.1777691887791580E-002   3.1966238735050133E-002   3.2132481272406178E-002   3.2275245868427678E-002   3.2393508260970538E-002   3.2486408490400097E-002   3.2553263707650965E-002   3.2593578518322633E-002   3.2607052582651355E-002   3.2593585261912077E-002   3.2553277181730039E-002   3.2486428668483065E-002   3.2393535102642479E-002   3.2275279318598527E-002   3.2132521260436107E-002   3.1966285173831897E-002   3.1777744672877611E-002   3.1568206065086500E-002   3.1339090346843228E-002   3.1091914294726380E-002   3.0828271075930194E-002   3.0549810784663647E-002   3.0258221282761465E-002   2.9955209684116076E-002   2.9642484776521708E-002   2.9321740623799733E-002   2.8994641538261225E-002   2.8662808561055339E-002   2.8327807537816781E-002   2.7991138830922593E-002   2.7654228668813056E-002   2.7318422097992005E-002   2.6984977474844983E-002   2.6655062412277917E-002   2.6329751080059957E-002   2.6010022747101871E-002   2.5696761448016827E-002   2.5390756654415387E-002   2.5092704832689966E-002   2.4803211773785947E-002   2.4522795585949855E-002   2.4251890248093249E-002   2.3990849628723197E-002   2.3739951882978456E-002   2.3499404147886722E-002   2.3269347463319705E-002   2.3049861853140560E-002   2.2840971507640549E-002   2.2642650014519938E-002   2.2454825591384106E-002   2.2277386278019503E-002   2.2110185051615803E-002   2.1953044832643969E-002   2.1805763353316236E-002   2.1668117864470562E-002   2.1539869660359964E-002   2.1420768404200097E-002   2.1310556240444836E-002   2.1208971682622365E-002   2.1115753268171913E-002   2.1030642974070399E-002   2.0953389389124527E-002   2.0883750640622770E-002   2.0821497074591303E-002   2.0766413690177496E-002   2.0718302329698686E-002   2.0676983626647841E-002   2.0642298714454183E-002   2.0614110699068881E-002   2.0592305898503232E-002   2.0576794852310284E-002   2.0567513103695746E-002   2.0564421756497333E-002
   2.0530935110279959E-002   2.0539593752907096E-002   2.0554066334119474E-002   2.0574412236665732E-002   2.0600713857698301E-002   2.0633075867704995E-002   2.0671624254280006E-002   2.0716505148436652E-002   2.0767883430931562E-002   2.0825941115998649E-002   2.0890875510004712E-002   2.0962897142858549E-002   2.1042227470550186E-002   2.1129096347981373E-002   2.1223739272283978E-002   2.1326394398117270E-002   2.1437299327991911E-002   2.1556687682488966E-002   2.1684785457323351E-002   2.1821807176538921E-002   2.1967951853710525E-002   2.2123398775860618E-002   2.2288303127868843E-002   2.2462791478458841E-002   2.2646957152386089E-002   2.2840855517227292E-002   2.3044499217191147E-002   2.3257853390642562E-002   2.3480830912568525E-002   2.3713287708024285E-002   2.3955018187689140E-002   2.4205750862027291E-002   2.4465144196168284E-002   2.4732782773445847E-002   2.5008173841477424E-002   2.5290744320598978E-002   2.5579838360198635E-002   2.5874715533761750E-002   2.6174549767914911E-002   2.6478429104025508E-002   2.6785356392490703E-002   2.7094251019183176E-002   2.7403951760016892E-002   2.7713220852645354E-002   2.8020749363326568E-002   2.8325163911478959E-002   2.8625034794039318E-002   2.8918885526239523E-002   2.9205203784914553E-002   2.9482453705311260E-002   2.9749089443293318E-002   3.0003569872891170E-002   3.0244374245730423E-002   3.0470018595699106E-002   3.0679072631236669E-002   3.0870176820948485E-002   3.1042059348003376E-002   3.1193552586990043E-002   3.1323608745378310E-002   3.1431314311854586E-002   3.1515902966469646E-002   3.1576766633034839E-002   3.1613464392142056E-002   3.1625729022490306E-002   3.1613470997147987E-002   3.1576779827664485E-002   3.1515922719820337E-002   3.1431340577243332E-002   3.1323641459991655E-002   3.1193591671485946E-002   3.1042104706113714E-002   3.0870228339131358E-002   3.0679130178423462E-002   3.0470082023172231E-002   3.0244443387155904E-002   3.0003644544516882E-002   2.9749169444310782E-002   2.9482538818367817E-002   2.9205293776754807E-002   2.8918980148450613E-002   2.8625133783874331E-002   2.8325266992735788E-002   2.8020856247265177E-002   2.7713331238933832E-002   2.7404065337704075E-002   2.7094367467702607E-002   2.6785475382705998E-002   2.6478550299330071E-002   2.6174672825399765E-002   2.5874840105463339E-002   2.5579964094434738E-002   2.5290870863395615E-002   2.5008300838083433E-002   2.4732909869925403E-002   2.4465271041055451E-002   2.4205877108021377E-002   2.3955143493365222E-002   2.3713411739530160E-002   2.3480953345277753E-002   2.3257973910732720E-002   2.3044617523117268E-002   2.2840971321062394E-002   2.2647070181003544E-002   2.2462901474535096E-002   2.2288409850689042E-002   2.2123502001914697E-002   2.1968051377072129E-002   2.1821902809024709E-002   2.1684877028435391E-002   2.1556775039147703E-002   2.1437382334071921E-002   2.1326472933802052E-002   2.1223813233259677E-002   2.1129165644492222E-002   2.1042292026340812E-002   2.0962956894029681E-002   2.0890930403809894E-002   2.0825991109609584E-002   2.0767928490199327E-002   2.0716545246675076E-002   2.0671659371096003E-002   2.0633105987898862E-002   2.0600738970254821E-002   2.0574432333854586E-002   2.0554081410721008E-002   2.0539603805576762E-002   2.0530940137062258E-002   2.0528054565731521E-002
   2.0495975063744551E-002   2.0504045171335646E-002   2.0517533591128203E-002   2.0536494951885000E-002   2.0561005035428195E-002   2.0591160076118484E-002   2.0627075857266981E-002   2.0668886602548217E-002   2.0716743660316624E-002   2.0770813978715795E-002   2.0831278369632149E-002   2.0898329559903832E-002   2.0972170028769145E-002   2.1053009631341563E-002   2.1141063008941686E-002   2.1236546788408518E-002   2.1339676574056891E-002   2.1450663737746276E-002   2.1569712014575467E-002   2.1697013914012981E-002   2.1832746958807030E-002   2.1977069766782775E-002   2.2130117993619261E-002   2.2292000157894405E-002   2.2462793373086085E-002   2.2642539014813518E-002   2.2831238355390863E-002   2.3028848201739619E-002   2.3235276576863674E-002   2.3450378489423534E-002   2.3673951840441788E-002   2.3905733520807267E-002   2.4145395757982243E-002   2.4392542775094738E-002   2.4646707830324840E-002   2.4907350709041955E-002   2.5173855745343490E-002   2.5445530453257852E-002   2.5721604850622234E-002   2.6001231560187139E-002   2.6283486772440988E-002   2.6567372152553250E-002   2.6851817769241202E-002   2.7135686115813889E-002   2.7417777282709353E-002   2.7696835326164022E-002   2.7971555858999995E-002   2.8240594866811845E-002   2.8502578726212056E-002   2.8756115371625788E-002   2.8999806524052107E-002   2.9232260860145288E-002   2.9452107964095912E-002   2.9658012869519246E-002   2.9848690965475703E-002   3.0022923011542225E-002   3.0179569983218482E-002   3.0317587452479377E-002   3.0436039200357243E-002   3.0534109760114485E-002   3.0611115601499046E-002   3.0666514688922741E-002   3.0699914178799068E-002   3.0711076062816482E-002   3.0699920613189758E-002   3.0666527541067575E-002   3.0611134838076651E-002   3.0534135331031120E-002   3.0436071038636846E-002   3.0317625474153807E-002   3.0179614087243581E-002   3.0022973079765328E-002   2.9848746862677300E-002   2.9658074443546196E-002   2.9452175046096957E-002   2.9232333264912293E-002   2.8999884050463658E-002   2.8756197803184481E-002   2.8502665831663214E-002   2.8240686400830401E-002   2.7971651562933294E-002   2.7696934928821085E-002   2.7417880501191497E-002   2.7135792656386094E-002   2.6851927328248135E-002   2.6567484417387380E-002   2.6283601422572359E-002   2.6001348268264862E-002   2.5721723283656461E-002   2.5445650273888190E-002   2.5173976613195714E-002   2.4907472282169895E-002   2.4646829766729036E-002   2.4392664734304199E-002   2.4145517402680734E-002   2.3905854518481644E-002   2.3674071865026750E-002   2.3450497222915142E-002   2.3235393710873353E-002   2.3028963438960357E-002   2.2831351410948844E-002   2.2642649617480502E-002   2.2462901266330916E-002   2.2292105100755567E-002   2.2130219761384642E-002   2.1977168151467195E-002   2.1832841769422653E-002   2.1697104976632658E-002   2.1569799172193430E-002   2.1450746849945156E-002   2.1339755516493933E-002   2.1236621452137564E-002   2.1141133299590487E-002   2.1053075468166395E-002   2.0972231343610634E-002   2.0898386296068959E-002   2.0831330480728032E-002   2.0770861427460791E-002   2.0716786417353732E-002   2.0668924645284737E-002   2.0627109168762963E-002   2.0591188644044734E-002   2.0561028851112707E-002   2.0536514009464355E-002   2.0517547886818407E-002   2.0504054702834385E-002   2.0495979829774410E-002   2.0493290291742832E-002
   2.0462645669264277E-002   2.0470156589524918E-002   2.0482709971752201E-002   2.0500356002941925E-002   2.0523164286100640E-002   2.0551223179663982E-002   2.0584638945731194E-002   2.0623534705523479E-002   2.0668049200367956E-002   2.0718335356547265E-002   2.0774558652559411E-002   2.0836895287722583E-002   2.0905530151653216E-002   2.0980654594956474E-002   2.1062464002507726E-002   2.1151155171979599E-002   2.1246923501785388E-002   2.1349959994367462E-002   2.1460448082755393E-002   2.1578560290547600E-002   2.1704454737923339E-002   2.1838271508958583E-002   2.1980128898386894E-002   2.2130119559001720E-002   2.2288306574125685E-002   2.2454719482960975E-002   2.2629350290168694E-002   2.2812149494689248E-002   2.3003022176593210E-002   2.3201824184623198E-002   2.3408358471025861E-002   2.3622371624243667E-002   2.3843550653989989E-002   2.4071520087100191E-002   2.4305839436243985E-002   2.4546001106978185E-002   2.4791428811556920E-002   2.5041476560200799E-002   2.5295428301919640E-002   2.5552498287204527E-002   2.5811832223639308E-002   2.6072509292386307E-002   2.6333545088223154E-002   2.6593895538003492E-002   2.6852461841777062E-002   2.7108096467094882E-002   2.7359610210105238E-002   2.7605780316914998E-002   2.7845359635514204E-002   2.8077086742702543E-002   2.8299696962484456E-002   2.8511934163102135E-002   2.8712563190240604E-002   2.8900382765127897E-002   2.9074238649554583E-002   2.9233036856604017E-002   2.9375756667459341E-002   2.9501463202284504E-002   2.9609319287930203E-002   2.9698596367896762E-002   2.9768684211062987E-002   2.9819099195243705E-002   2.9849490969330865E-002   2.9859647332841067E-002   2.9849497212976511E-002   2.9819111665301431E-002   2.9768702873069819E-002   2.9698621170173040E-002   2.9609350161609083E-002   2.9501500061369153E-002   2.9375799408919864E-002   2.9233085360525952E-002   2.9074292779348841E-002   2.8900442367809132E-002   2.8712628096777604E-002   2.8512004188839979E-002   2.8299771907635440E-002   2.8077166392900400E-002   2.7845443762425547E-002   2.7605868678902124E-002   2.7359702552936033E-002   2.7108192524698118E-002   2.6852561337044049E-002   2.6593998183639955E-002   2.6333650587657558E-002   2.6072617340742097E-002   2.5811942508778871E-002   2.5552610490851640E-002   2.5295542100864935E-002   2.5041591627591508E-002   2.4791544818268157E-002   2.4546117723058584E-002   2.4305956332423984E-002   2.4071636936347059E-002   2.3843667133089840E-002   2.3622487415387868E-002   2.3408473263377031E-002   2.3201937675834866E-002   2.3003134074257102E-002   2.2812259517684813E-002   2.2629458169891207E-002   2.2454824964406858E-002   2.2288409416816663E-002   2.2130219537733128E-002   2.1980225803789197E-002   2.1838365147865395E-002   2.1704544933543582E-002   2.1578646882443590E-002   2.1460530926632932E-002   2.1350038961687710E-002   2.1246998479211982E-002   2.1151226060677430E-002   2.1062530717312452E-002   2.0980717063435773E-002   2.0905588313082337E-002   2.0836949091997473E-002   2.0774608059071203E-002   2.0718380333041506E-002   2.0668089721811500E-002   2.0623570753000777E-002   2.0584670505390461E-002   2.0551250241731975E-002   2.0523186843983011E-002   2.0500374052424108E-002   2.0482723510313761E-002   2.0470165615778094E-002   2.0462650182525362E-002   2.0460146910749311E-002
   2.0430956880175707E-002   2.0437937896917301E-002   2.0449605252205006E-002   2.0466004993016276E-002   2.0487200965159980E-002   2.0513274191784853E-002   2.0544322072307306E-002   2.0580457400477203E-002   2.0621807200248012E-002   2.0668511378201176E-002   2.0720721191513993E-002   2.0778597530874486E-002   2.0842309018352274E-002   2.0912029921044666E-002   2.0987937882342989E-002   2.1070211473912599E-002   2.1159027572955395E-002   2.1254558571026014E-002   2.1356969422599438E-002   2.1466414543731823E-002   2.1583034573508353E-002   2.1706953013519645E-002   2.1838272763336629E-002   2.1977072572846288E-002   2.2123403435348816E-002   2.2277284948480625E-002   2.2438701673296337E-002   2.2607599525193194E-002   2.2783882233767799E-002   2.2967407912128573E-002   2.3157985779612277E-002   2.3355373085226207E-002   2.3559272282403818E-002   2.3769328508750538E-002   2.3985127427278281E-002   2.4206193488069454E-002   2.4431988671233862E-002   2.4661911773256266E-002   2.4895298299180156E-002   2.5131421022306678E-002   2.5369491270957448E-002   2.5608660998090251E-002   2.5848025683901668E-002   2.6086628113748702E-002   2.6323463063558494E-002   2.6557482912218263E-002   2.6787604185180634E-002   2.7012715015730264E-002   2.7231683490221054E-002   2.7443366821448517E-002   2.7646621270675249E-002   2.7840312714349929E-002   2.8023327727077694E-002   2.8194585028865973E-002   2.8353047123129551E-002   2.8497731933475347E-002   2.8627724232965744E-002   2.8742186650355731E-002   2.8840370034539455E-002   2.8921622961732382E-002   2.8985400180094399E-002   2.9031269803592604E-002   2.9058919090603888E-002   2.9068158672427322E-002   2.9058925131561768E-002   2.9031281868083448E-002   2.8985418233301485E-002   2.8921646951515199E-002   2.8840399891539990E-002   2.8742222288147268E-002   2.8627765548248803E-002   2.8497778806324887E-002   2.8353099417296506E-002   2.8194642592134781E-002   2.8023390391679753E-002   2.7840380297431678E-002   2.7646693574818321E-002   2.7443443635239290E-002   2.7231764588867117E-002   2.7012800161722431E-002   2.6787693129000666E-002   2.6557575393094352E-002   2.6323558810272315E-002   2.6086726845499373E-002   2.5848127111232799E-002   2.5608764823886378E-002   2.5369597191515159E-002   2.5131528728484055E-002   2.4895407477625475E-002   2.4662022107713628E-002   2.4432099843919638E-002   2.4206305181109711E-002   2.3985239324193511E-002   2.3769440295970660E-002   2.3559383650793540E-002   2.3355483731598729E-002   2.3158095408207978E-002   2.2967516236034661E-002   2.2783988976255474E-002   2.2607704420949677E-002   2.2438804469531157E-002   2.2277385405887872E-002   2.2123501328910129E-002   2.1977167692462649E-002   2.1838364914280831E-002   2.1707042016705039E-002   2.1583120265573477E-002   2.1466496776944344E-002   2.1357048064586499E-002   2.1254633504341505E-002   2.1159098694497704E-002   2.1070278694209011E-002   2.0988001124719102E-002   2.0912089120698769E-002   2.0842364121355744E-002   2.0778648493119993E-002   2.0720767977633288E-002   2.0668553960474019E-002   2.0621845557523069E-002   2.0580491517124693E-002   2.0544351937221903E-002   2.0513299797455826E-002   2.0487222306823774E-002   2.0466022067905036E-002   2.0449618058902663E-002   2.0437946434832821E-002   2.0430961149141294E-002   2.0428634396861687E-002
   2.0400911286159031E-002   2.0407391498943373E-002   2.0418221523649780E-002   2.0433443557884064E-002   2.0453116096123783E-002   2.0477313346257485E-002   2.0506124477805331E-002   2.0539652700821677E-002   2.0578014174475814E-002   2.0621336744428939E-002   2.0669758508393588E-002   2.0723426209693297E-002   2.0782493459250734E-002   2.0847118787234640E-002   2.0917463526599775E-002   2.0993689531966071E-002   2.1075956738707411E-002   2.1164420568756316E-002   2.1259229191475205E-002   2.1360520649990403E-002   2.1468419865621473E-002   2.1583035535452034E-002   2.1704456940662038E-002   2.1832750685957119E-002   2.1967957393265240E-002   2.2110088375801935E-002   2.2259122321605519E-002   2.2415002018685466E-002   2.2577631156977793E-002   2.2746871245326355E-002   2.2922538684666243E-002   2.3104402041427698E-002   2.3292179567847276E-002   2.3485537018298211E-002   2.3684085812848341E-002   2.3887381600919740E-002   2.4094923279036680E-002   2.4306152517065086E-002   2.4520453846902969E-002   2.4737155366096060E-002   2.4955530106128818E-002   2.5174798110977201E-002   2.5394129265707551E-002   2.5612646907287123E-002   2.5829432240192799E-002   2.6043529567776176E-002   2.6253952336650892E-002   2.6459689975691193E-002   2.6659715493759346E-002   2.6852993781327411E-002   2.7038490541169646E-002   2.7215181752847276E-002   2.7382063555475008E-002   2.7538162414032182E-002   2.7682545417105856E-002   2.7814330539297119E-002   2.7932696690428204E-002   2.8036893366922038E-002   2.8126249718924284E-002   2.8200182850359398E-002   2.8258205178395949E-002   2.8299930693733880E-002   2.8325079983442983E-002   2.8333483903241495E-002   2.8325085815322153E-002   2.8299942340116461E-002   2.8258222604578484E-002   2.8200206004407279E-002   2.8126278531817591E-002   2.8036927752751524E-002   2.7932736546642172E-002   2.7814375746999555E-002   2.7682595841405616E-002   2.7538217904442410E-002   2.7382123946361473E-002   2.7215246863924028E-002   2.7038560178040457E-002   2.6853067736071958E-002   2.6659793545563911E-002   2.6459771891524823E-002   2.6254037871989291E-002   2.6043618467376795E-002   2.5829524238925705E-002   2.5612741731026657E-002   2.5394226632289841E-002   2.5174897731227865E-002   2.4955631684963644E-002   2.4737258603695404E-002   2.4520558439957849E-002   2.4306258160089939E-002   2.4095029665740376E-002   2.3887488425623254E-002   2.3684192771934384E-002   2.3485643811675505E-002   2.3292285900410006E-002   2.3104507624489228E-002   2.2922643237345358E-002   2.2746974495864273E-002   2.2577732843964887E-002   2.2415101892177876E-002   2.2259220144113842E-002   2.2110183923136576E-002   2.1968050455225964E-002   2.1832841066857473E-002   2.1704544459682815E-002   2.1583120026821404E-002   2.1468501178623051E-002   2.1360598648803873E-002   2.1259303754857441E-002   2.1164491589573831E-002   2.1076024123333717E-002   2.0993753199559578E-002   2.0917523408279792E-002   2.0847174825174279E-002   2.0782545605706394E-002   2.0723474425990818E-002   2.0669802763891142E-002   2.0621377015476405E-002   2.0578050443389520E-002   2.0539684954892532E-002   2.0506152708357074E-002   2.0477337547770334E-002   2.0453136265437252E-002   2.0433459693491109E-002   2.0418233625092635E-002   2.0407399566319838E-002   2.0400915319746075E-002   2.0398755400593969E-002
   2.0372504821980886E-002   2.0378513039871256E-002   2.0388553938682354E-002   2.0402666145744847E-002   2.0420903193720422E-002   2.0443332973931402E-002   2.0470037032240578E-002   2.0501109706735493E-002   2.0536657106508212E-002   2.0576795930976277E-002   2.0621652129481329E-002   2.0671359401344746E-002   2.0726057537169017E-002   2.0785890602961401E-002   2.0851004969631506E-002   2.0921547191583286E-002   2.0997661739487097E-002   2.1079488593879064E-002   2.1167160707987877E-002   2.1260801350127378E-002   2.1360521338103840E-002   2.1466416180356777E-002   2.1578563140962442E-002   2.1697018248159554E-002   2.1821813268683040E-002   2.1952952672887306E-002   2.2090410618376147E-002   2.2234127982599699E-002   2.2384009477594422E-002   2.2539920882690041E-002   2.2701686433543856E-002   2.2869086408236917E-002   2.3041854953320229E-002   2.3219678194564549E-002   2.3402192678665848E-002   2.3588984193198118E-002   2.3779587012580389E-002   2.3973483617615563E-002   2.4170104935131102E-002   2.4368831142261582E-002   2.4568993076808442E-002   2.4769874290741793E-002   2.4970713778129393E-002   2.5170709401466082E-002   2.5369022031442964E-002   2.5564780404597382E-002   2.5757086691043311E-002   2.5945022750694921E-002   2.6127657041251716E-002   2.6304052124997181E-002   2.6473272704561377E-002   2.6634394100696492E-002   2.6786511068385841E-002   2.6928746831892787E-002   2.7060262205341901E-002   2.7180264653805172E-002   2.7288017141309007E-002   2.7382846607282525E-002   2.7464151912225336E-002   2.7531411097128051E-002   2.7584187809599380E-002   2.7622136762707462E-002   2.7645008109988121E-002   2.7652650641457461E-002   2.7645013730145853E-002   2.7622147985832578E-002   2.7584204601366319E-002   2.7531433406186193E-002   2.7464179670363652E-002   2.7382879729648153E-002   2.7288055526678793E-002   2.7180308184908939E-002   2.7060310749235955E-002   2.6928800240382078E-002   2.6786569178493192E-002   2.6634456735177666E-002   2.6473339672465186E-002   2.6304123222270642E-002   2.6127732051391163E-002   2.5945101445445047E-002   2.5757168831146929E-002   2.5564865740599556E-002   2.5369110304553463E-002   2.5170800344484136E-002   2.4970807116434023E-002   2.4769969743349940E-002   2.4569090357501260E-002   2.4368929960777184E-002   2.4170204998419431E-002   2.3973584631148282E-002   2.3779688681705873E-002   2.3589086224528957E-002   2.3402294781483781E-002   2.3219780082225742E-002   2.3041956344642327E-002   2.2869187028848291E-002   2.2701786017175162E-002   2.2540019172388563E-002   2.2384106226842504E-002   2.2234222956320111E-002   2.2090503593809187E-002   2.1953043440326836E-002   2.1821901632061422E-002   2.1697104025474510E-002   2.1578646164541911E-002   2.1466496296961169E-002   2.1360598408868219E-002   2.1260875250349160E-002   2.1167231326768478E-002   2.1079555833630567E-002   2.0997725515317152E-002   2.0921607430573363E-002   2.0851061610025184E-002   2.0785943593280162E-002   2.0726106835274025E-002   2.0671404973462985E-002   2.0621693949214592E-002   2.0576833978310984E-002   2.0536691366843298E-002   2.0501140169944643E-002   2.0470063691783977E-002   2.0443355826030813E-002   2.0420922236610014E-002   2.0402681379008712E-002   2.0388565362688099E-002   2.0378520655307469E-002   2.0372508629504800E-002   2.0370505952916625E-002
   2.0345727493526249E-002   2.0351292142910565E-002   2.0360591475001882E-002   2.0373660814121956E-002   2.0390549103916005E-002   2.0411318396078182E-002   2.0436043192060039E-002   2.0464809637241649E-002   2.0497714567117690E-002   2.0534864405232448E-002   2.0576373912905659E-002   2.0622364791240015E-002   2.0672964136504431E-002   2.0728302750755316E-002   2.0788513310499669E-002   2.0853728397323891E-002   2.0924078395713523E-002   2.0999689264770232E-002   2.1080680192189033E-002   2.1167161140682979E-002   2.1259230299022540E-002   2.1356971451977680E-002   2.1460451285693224E-002   2.1569716647370951E-002   2.1684791780549308E-002   2.1805675559735688E-002   2.1932338750625412E-002   2.2064721324601456E-002   2.2202729858611939E-002   2.2346235053826959E-002   2.2495069408636648E-002   2.2649025083517963E-002   2.2807851997011477E-002   2.2971256193447462E-002   2.3138898524070840E-002   2.3310393683756005E-002   2.3485309645484384E-002   2.3663167534080126E-002   2.3843441979254851E-002   2.4025561985687116E-002   2.4208912354540892E-002   2.4392835686398738E-002   2.4576634989948564E-002   2.4759576913837882E-002   2.4940895610846430E-002   2.5119797233918259E-002   2.5295465052682559E-002   2.5467065166986779E-002   2.5633752780845245E-002   2.5794678986329027E-002   2.5948997992624515E-002   2.6095874721179441E-002   2.6234492674012590E-002   2.6364061969413814E-002   2.6483827427957587E-002   2.6593076582554394E-002   2.6691147479697513E-002   2.6777436135597736E-002   2.6851403510913467E-002   2.6912581871536702E-002   2.6960580410500673E-002   2.6995090017488118E-002   2.7015887097425129E-002   2.7022836357866776E-002   2.7015892505782790E-002   2.6995100817271907E-002   2.6960596567905767E-002   2.6912603336001002E-002   2.6851430215290645E-002   2.6777467996386084E-002   2.6691184397323185E-002   2.6593118441707312E-002   2.6483874097978425E-002   2.6364113304730329E-002   2.6234548514624041E-002   2.6095934893188281E-002   2.5949062308815087E-002   2.5794747246793776E-002   2.5633824773659872E-002   2.5467140668936201E-002   2.5295543830040432E-002   2.5119879043282892E-002   2.4940980200035951E-002   2.4759664022847079E-002   2.4576724351968837E-002   2.4392927028901230E-002   2.4209005400421153E-002   2.4025656454467508E-002   2.3843537588338511E-002   2.3663264000048079E-002   2.3485406685424860E-002   2.3310491016612860E-002   2.3138995871996183E-002   2.2971353283141989E-002   2.2807948561034991E-002   2.2649120861552074E-002   2.2495164148681690E-002   2.2346328513315656E-002   2.2202821805423541E-002   2.2064811537961571E-002   2.1932427021878718E-002   2.1805761692981075E-002   2.1684875593129659E-002   2.1569797970212443E-002   2.1460529963491987E-002   2.1357047343234584E-002   2.1259303275929651E-002   2.1167231088867991E-002   2.1080747010326410E-002   2.0999752864070034E-002   2.0924138699300866E-002   2.0853785339523381E-002   2.0788566836040509E-002   2.0728352813913532E-002   2.0673010700199147E-002   2.0622407826100815E-002   2.0576413396327927E-002   2.0534900320437064E-002   2.0497746902230773E-002   2.0464838384409156E-002   2.0436068346610849E-002   2.0411339955748276E-002   2.0390567068144884E-002   2.0373675183431229E-002   2.0360602250464432E-002   2.0351299325717442E-002   2.0345731084656878E-002   2.0343876186609475E-002
   2.0320564113258322E-002   2.0325713159584258E-002   2.0334317708072661E-002   2.0346410035345871E-002   2.0362034851963688E-002   2.0381248825021812E-002   2.0404119963694338E-002   2.0430726867398833E-002   2.0461157836365169E-002   2.0495509844592984E-002   2.0533887375502810E-002   2.0576401121036397E-002   2.0623166545554357E-002   2.0674302316624083E-002   2.0729928605694749E-002   2.0790165262724414E-002   2.0855129870057797E-002   2.0924935682251240E-002   2.0999689460098586E-002   2.1079489208819503E-002   2.1164421832219088E-002   2.1254560716597863E-002   2.1349963260266152E-002   2.1450668366673722E-002   2.1556693921378229E-002   2.1668034275316023E-002   2.1784657759073379E-002   2.1906504255050314E-002   2.2033482856524136E-002   2.2165469644613970E-002   2.2302305615974891E-002   2.2443794795661831E-002   2.2589702570944243E-002   2.2739754282863709E-002   2.2893634112942908E-002   2.3050984302604743E-002   2.3211404742467880E-002   2.3374452967667450E-002   2.3539644593620779E-002   2.3706454224130039E-002   2.3874316860300358E-002   2.4042629834373656E-002   2.4210755287167710E-002   2.4378023201318832E-002   2.4543734994934601E-002   2.4707167671585310E-002   2.4867578512859059E-002   2.5024210289086607E-002   2.5176296952477629E-002   2.5323069765028815E-002   2.5463763801458327E-002   2.5597624755436858E-002   2.5723915965920201E-002   2.5841925569872328E-002   2.5950973678551276E-002   2.6050419467258494E-002   2.6139668063444452E-002   2.6218177115686501E-002   2.6285462926599862E-002   2.6341106036401288E-002   2.6384756150693332E-002   2.6416136316021941E-002   2.6435046259694416E-002   2.6441364825908753E-002   2.6435051457998595E-002   2.6416146695995246E-002   2.6384771679125188E-002   2.6341126663624245E-002   2.6285488586666454E-002   2.6218207726603226E-002   2.6139703527461384E-002   2.6050459671213062E-002   2.5951018494264684E-002   2.5841974854597313E-002   2.5723969562839157E-002   2.5597682494209868E-002   2.5463825498821150E-002   2.5323135225441475E-002   2.5176365968824780E-002   2.5024282643431400E-002   2.4867653977252265E-002   2.4707246008931642E-002   2.4543815959917618E-002   2.4378106541385242E-002   2.4210840743570671E-002   2.4042717143273364E-002   2.3874405753918398E-002   2.3706544431952165E-002   2.3539735843640618E-002   2.3374544987661724E-002   2.3211497261291722E-002   2.3051077051493972E-002   2.2893726826808708E-002   2.2739846701564072E-002   2.2589794440515974E-002   2.2443885869496603E-002   2.2302395655923304E-002   2.2165558422002216E-002   2.2033570153069088E-002   2.1906589863660550E-002   2.1784741484525496E-002   2.1668115934797807E-002   2.1556773344892834E-002   2.1450745397301362E-002   2.1350037754282628E-002   2.1254632543451734E-002   2.1164490874371882E-002   2.1079555361455640E-002   2.0999752630713995E-002   2.0924995790131375E-002   2.0855186845657524E-002   2.0790219046963421E-002   2.0729979149183134E-002   2.0674349578833490E-002   2.0623210493950207E-002   2.0576441730186960E-002   2.0533924626180484E-002   2.0495543722882779E-002   2.0461188332794644E-002   2.0430753976102892E-002   2.0404143681627324E-002   2.0381269151228228E-002   2.0362051786917700E-002   2.0346423580368551E-002   2.0334327864834582E-002   2.0325719929699941E-002   2.0320567497977563E-002   2.0318851067095141E-002
   2.0296995037722667E-002   2.0301755920872612E-002   2.0309711585095019E-002   2.0320891502677695E-002   2.0335336490197756E-002   2.0353098263364813E-002   2.0374238864269537E-002   2.0398829960889497E-002   2.0426952018832122E-002   2.0458693345515408E-002   2.0494149007315228E-002   2.0533419620656187E-002   2.0576610018601574E-002   2.0623827795216137E-002   2.0675181730839376E-002   2.0730780102420705E-002   2.0790728884232564E-002   2.0855129845590650E-002   2.0924078553667600E-002   2.0997662291078096E-002   2.1075957899628302E-002   2.1159029563444384E-002   2.1246926546605139E-002   2.1339680902379414E-002   2.1437305173184571E-002   2.1539790102408266E-002   2.1647102381240152E-002   2.1759182455607606E-002   2.1875942420161641E-002   2.1997264027974986E-002   2.2122996846149032E-002   2.2252956588833143E-002   2.2386923660186932E-002   2.2524641940509915E-002   2.2665817849064795E-002   2.2810119716969165E-002   2.2957177502860589E-002   2.3106582882785005E-002   2.3257889743849524E-002   2.3410615108551705E-002   2.3564240513284668E-002   2.3718213860266905E-002   2.3871951757014467E-002   2.4024842351438411E-002   2.4176248663711670E-002   2.4325512408239078E-002   2.4471958290449462E-002   2.4614898753820377E-002   2.4753639142700415E-002   2.4887483236314633E-002   2.5015739099077509E-002   2.5137725182287865E-002   2.5252776602771702E-002   2.5360251515425234E-002   2.5459537489255842E-002   2.5550057790780716E-002   2.5631277474853543E-002   2.5702709181435440E-002   2.5763918537730825E-002   2.5814529068613670E-002   2.5854226524422239E-002   2.5882762543944515E-002   2.5899957581587807E-002   2.5905703041055918E-002   2.5899962572978989E-002   2.5882772510407038E-002   2.5854241433376723E-002   2.5814548871341447E-002   2.5763943169553410E-002   2.5702738561952210E-002   2.5631311508236540E-002   2.5550096366125295E-002   2.5459580480986031E-002   2.5360298783752833E-002   2.5252827994208416E-002   2.5137780530210211E-002   2.5015798224344556E-002   2.4887545947939082E-002   2.4753705238573787E-002   2.4614968021493280E-002   2.4472030507967788E-002   2.4325587345036842E-002   2.4176326081560440E-002   2.4024922005452608E-002   2.3872033396710488E-002   2.3718297230672810E-002   2.3564325356095504E-002   2.3410701163323794E-002   2.3257976749225442E-002   2.3106670577739172E-002   2.2957265627953905E-002   2.2810208015599801E-002   2.2665906068701173E-002   2.2524729833891269E-002   2.2387010986476493E-002   2.2253043114709103E-002   2.2123082346818989E-002   2.1997348288100373E-002   2.1876025234680026E-002   2.1759263630442300E-002   2.1647181733888441E-002   2.1539867462401673E-002   2.1437380382416851E-002   2.1339753815300278E-002   2.1246997030280126E-002   2.1159097497483580E-002   2.1076023175988879E-002   2.0997724813747631E-002   2.0924138238237067E-002   2.0855186618727643E-002   2.0790782683066486E-002   2.0730830873852947E-002   2.0675229430792121E-002   2.0623872387834034E-002   2.0576651475420666E-002   2.0533457919754493E-002   2.0494184132459056E-002   2.0458725285315067E-002   2.0426980765920002E-002   2.0398855511132741E-002   2.0374261216028526E-002   2.0353117416807804E-002   2.0335352446680870E-002   2.0320904264198372E-002   2.0309721153825882E-002   2.0301762298781615E-002   2.0296998226284124E-002   2.0295411125406580E-002
   2.0274996900225637E-002   2.0279396483160832E-002   2.0286748193152668E-002   2.0297078929711335E-002   2.0310425937917698E-002   2.0326836393798925E-002   2.0346366871049071E-002   2.0369082689096419E-002   2.0395057142667792E-002   2.0424370613233881E-002   2.0457109563052134E-002   2.0493365412966272E-002   2.0533233305683254E-002   2.0576810756938169E-002   2.0624196197779703E-002   2.0675487412167570E-002   2.0730779875168196E-002   2.0790164998264395E-002   2.0853728289652530E-002   2.0921547438878408E-002   2.0993690336748697E-002   2.1070213043132387E-002   2.1151157717017820E-002   2.1236550524993198E-002   2.1326399546146142E-002   2.1420692693202733E-002   2.1519395671516367E-002   2.1622449999237722E-002   2.1729771113611174E-002   2.1841246589811219E-002   2.1956734500011694E-002   2.2076061941426462E-002   2.2199023762825884E-002   2.2325381519468637E-002   2.2454862686443137E-002   2.2587160160032448E-002   2.2721932075848137E-002   2.2858801971066888E-002   2.2997359316095960E-002   2.3137160438339771E-002   2.3277729857395239E-002   2.3418562046933083E-002   2.3559123633702383E-002   2.3698856038520878E-002   2.3837178557798707E-002   2.3973491877130729E-002   2.4107182000853787E-002   2.4237624573307505E-002   2.4364189559002804E-002   2.4486246240172062E-002   2.4603168481465341E-002   2.4714340203116154E-002   2.4819160996002940E-002   2.4917051804968570E-002   2.5007460600825537E-002   2.5089867956955843E-002   2.5163792443574747E-002   2.5228795751790895E-002   2.5284487460732374E-002   2.5330529364323076E-002   2.5366639279812624E-002   2.5392594267830058E-002   2.5408233203401864E-002   2.5413458648822610E-002   2.5408237992185556E-002   2.5392603829402408E-002   2.5366653582244724E-002   2.5330548359874111E-002   2.5284511086031927E-002   2.5228823928080776E-002   2.5163825077009518E-002   2.5089904938961020E-002   2.5007501808512737E-002   2.4917097101606733E-002   2.4819210231545152E-002   2.4714393214781770E-002   2.4603225094377304E-002   2.4486306268049551E-002   2.4364252804909361E-002   2.4237690830454826E-002   2.4107251053460944E-002   2.3973563501338328E-002   2.3837252522636649E-002   2.3698932106927497E-002   2.3559201563591699E-002   2.3418641592305483E-002   2.3277810769485593E-002   2.3137242466795493E-002   2.2997442210176071E-002   2.2858885480851777E-002   2.2722015953448544E-002   2.2587244160785162E-002   2.2454946570080271E-002   2.2325465051246891E-002   2.2199106714602169E-002   2.2076144092666613E-002   2.1956815638719551E-002   2.1841326513366566E-002   2.1729849629505995E-002   2.1622526925702167E-002   2.1519470838027344E-002   2.1420765940870137E-002   2.1326470727973799E-002   2.1236619506013663E-002   2.1151224374302408E-002   2.1070277265679775E-002   2.0993752025257450E-002   2.0921606505410553E-002   2.0853784657196960E-002   2.0790218600210141E-002   2.0730830654698936E-002   2.0675535321589427E-002   2.0624241197795129E-002   2.0576852815879090E-002   2.0533272398716725E-002   2.0493401521285821E-002   2.0457142673067759E-002   2.0424400715773058E-002   2.0395084232199434E-002   2.0369106762988795E-002   2.0346387928872018E-002   2.0326854436679673E-002   2.0310440967958702E-002   2.0297090949477514E-002   2.0286757205234377E-002   2.0279402489817883E-002   2.0274999903116608E-002   2.0273533186451642E-002
   2.0254543332354234E-002   2.0258607862571963E-002   2.0265399514976162E-002   2.0274942836295738E-002   2.0287271806350440E-002   2.0302429452181237E-002   2.0320467351927367E-002   2.0341445028580006E-002   2.0365429233907235E-002   2.0392493123088322E-002   2.0422715320928913E-002   2.0456178880962850E-002   2.0492970139289666E-002   2.0533177465656156E-002   2.0576889915070624E-002   2.0624195784141899E-002   2.0675181077361722E-002   2.0729927889696253E-002   2.0788512713113806E-002   2.0851004676043391E-002   2.0917463726219519E-002   2.0987938768908476E-002   2.1062465774110771E-002   2.1141065867972351E-002   2.1223743425288960E-002   2.1310484181624918E-002   2.1401253385160392E-002   2.1495994009895318E-002   2.1594625053238975E-002   2.1697039942263002E-002   2.1803105073953406E-002   2.1912658515621450E-002   2.2025508892181588E-002   2.2141434487232433E-002   2.2260182584738795E-002   2.2381469077563981E-002   2.2504978368096312E-002   2.2630363584709219E-002   2.2757247135748889E-002   2.2885221620120872E-002   2.3013851110317642E-002   2.3142672819871601E-002   2.3271199162724087E-002   2.3398920206876971E-002   2.3525306518965051E-002   2.3649812390102654E-002   2.3771879426589277E-002   2.3890940481908061E-002   2.4006423899047055E-002   2.4117758024675341E-002   2.4224375949301234E-002   2.4325720420437284E-002   2.4421248869225771E-002   2.4510438485177397E-002   2.4592791268884903E-002   2.4667838989022819E-002   2.4735147967842687E-002   2.4794323618895529E-002   2.4845014661989347E-002   2.4886916943494878E-002   2.4919776795059054E-002   2.4943393870517565E-002   2.4957623409189816E-002   2.4962377883598976E-002   2.4957628000732576E-002   2.4943403037938461E-002   2.4919790507091078E-002   2.4886935153392919E-002   2.4845037307716072E-002   2.4794350623368298E-002   2.4735179239240845E-002   2.4667874421154593E-002   2.4592830741613250E-002   2.4510481864904111E-002   2.4421296009433303E-002   2.4325771162287822E-002   2.4224430122292626E-002   2.4117815447353447E-002   2.4006484379774044E-002   2.3891003819685872E-002   2.3771945411937112E-002   2.3649880805986786E-002   2.3525377141778412E-002   2.3398992807465237E-002   2.3271273507453692E-002   2.3142748671734114E-002   2.3013928230063686E-002   2.2885299767415410E-002   2.2757326070338733E-002   2.2630443067592366E-002   2.2505058162681897E-002   2.2381548950810948E-002   2.2260262308260940E-002   2.2141513838357371E-002   2.2025587654951301E-002   2.1912736481722532E-002   2.1803182043566030E-002   2.1697115724818437E-002   2.1594699468077048E-002   2.1496066886814498E-002   2.1401324564855096E-002   2.1310553516006279E-002   2.1223810777687282E-002   2.1141131113221422E-002   2.1062528798516035E-002   2.0987999470102978E-002   2.0917522012913137E-002   2.0851060467672607E-002   2.0788565939400410E-002   2.0729978490124774E-002   2.0675229000586218E-002   2.0624240987333422E-002   2.0576932363217341E-002   2.0533217130828174E-002   2.0493006999880912E-002   2.0456212920921993E-002   2.0422746528991235E-002   2.0392521492019890E-002   2.0365454759772160E-002   2.0341467710040969E-002   2.0320487189588721E-002   2.0302446447983263E-002   2.0287285963022407E-002   2.0274954156874497E-002   2.0265408002396079E-002   2.0258613519331049E-002   2.0254546160260341E-002   2.0253191086270262E-002
   2.0235605668553775E-002   2.0239360751828382E-002   2.0245635166344332E-002   2.0254451314830231E-002   2.0265840202328279E-002   2.0279841077252916E-002   2.0296500970048686E-002   2.0315874129685548E-002   2.0338021358407454E-002   2.0363009245399598E-002   2.0390909300371768E-002   2.0421796988479103E-002   2.0455750668524838E-002   2.0492850437018324E-002   2.0533176881399860E-002   2.0576809746593164E-002   2.0623826520006446E-002   2.0674300941170648E-002   2.0728301443372385E-002   2.0785889535901089E-002   2.0847118136872619E-002   2.0912029868000431E-002   2.0980655324142432E-002   2.1053011331935968E-002   2.1129099213320998E-002   2.1208903071215965E-002   2.1292388116022774E-002   2.1379499052965236E-002   2.1470158551475240E-002   2.1564265818897695E-002   2.1661695301651379E-002   2.1762295537620172E-002   2.1865888183918731E-002   2.1972267244238789E-002   2.2081198519697538E-002   2.2192419306439688E-002   2.2305638362152318E-002   2.2420536162102035E-002   2.2536765463266422E-002   2.2653952192580526E-002   2.2771696672235237E-002   2.2889575191338558E-002   2.3007141929084395E-002   2.3123931229882062E-002   2.3239460225715724E-002   2.3353231795376697E-002   2.3464737844215204E-002   2.3573462881785839E-002   2.3678887868329709E-002   2.3780494294586126E-002   2.3877768453118040E-002   2.3970205853346273E-002   2.4057315727008470E-002   2.4138625565986584E-002   2.4213685630576555E-002   2.4282073363491009E-002   2.4343397643355844E-002   2.4397302811320704E-002   2.4443472405750781E-002   2.4481632542855986E-002   2.4511554885545274E-002   2.4533059148715397E-002   2.4546015096484852E-002   2.4550343995402266E-002   2.4546019497180088E-002   2.4533067934775395E-002   2.4511568026372711E-002   2.4481649992713784E-002   2.4443494103952357E-002   2.4397328682482799E-002   2.4343427597713508E-002   2.4282107297273984E-002   2.4213723426446399E-002   2.4138667093533871E-002   2.4057360843309276E-002   2.3970254403577279E-002   2.3877820271229307E-002   2.3780549204030655E-002   2.3678945682848476E-002   2.3573523406246719E-002   2.3464800875503705E-002   2.3353297123335750E-002   2.3239527634131032E-002   2.3124000497508655E-002   2.3007212830708997E-002   2.2889647498871478E-002   2.2771770155824236E-002   2.2654026621738373E-002   2.2536840608002640E-002   2.2420611794048778E-002   2.2305714255673438E-002   2.2192495239711871E-002   2.2081274275751940E-002   2.1972342611951860E-002   2.1865962958941092E-002   2.1762369523233096E-002   2.1661768309541182E-002   2.1564337669839492E-002   2.1470229075918751E-002   2.1379568091516823E-002   2.1292455519819415E-002   2.1208968702188667E-002   2.1129162944346767E-002   2.1053073046879263E-002   2.0980714917788669E-002   2.0912087245885808E-002   2.0847173215015884E-002   2.0785942240444392E-002   2.0728351710139415E-002   2.0674348715151308E-002   2.0623871754778103E-002   2.0576852403689155E-002   2.0533216929636219E-002   2.0492887851790039E-002   2.0455785431082892E-002   2.0421829085199426E-002   2.0390938722026922E-002   2.0363035986443664E-002   2.0338045416283968E-002   2.0315895504167784E-002   2.0296519662620856E-002   2.0279857090540070E-002   2.0265853539581973E-002   2.0254461979476088E-002   2.0245643161596862E-002   2.0239366080377463E-002   2.0235608332326412E-002   2.0234356372525100E-002
   2.0218153628530317E-002   2.0221624214347395E-002   2.0227423109727308E-002   2.0235570771394960E-002   2.0246095504964572E-002   2.0259033131065696E-002   2.0274426556364647E-002   2.0292325249810006E-002   2.0312784624618326E-002   2.0335865326769224E-002   2.0361632431107508E-002   2.0390154546562001E-002   2.0421502832493322E-002   2.0455749928780968E-002   2.0492968802956958E-002   2.0533231518490545E-002   2.0576607929224680E-002   2.0623164305956763E-002   2.0672961902237736E-002   2.0726055467625962E-002   2.0782491717863890E-002   2.0842307772732289E-002   2.0905529573660948E-002   2.0972170294516951E-002   2.1042228760328251E-002   2.1115687890006972E-002   2.1192513180385265E-002   2.1272651250037009E-002   2.1356028462400107E-002   2.1442549648602559E-002   2.1532096951097524E-002   2.1624528809692956E-002   2.1719679111784511E-002   2.1817356528532290E-002   2.1917344058327359E-002   2.2019398798140903E-002   2.2123251962207026E-002   2.2228609165931699E-002   2.2335150990923511E-002   2.2442533844588060E-002   2.2550391124808382E-002   2.2658334696845847E-002   2.2765956685750082E-002   2.2872831583282894E-002   2.2978518663676825E-002   2.3082564697514994E-002   2.3184506947704422E-002   2.3283876426007506E-002   2.3380201383000690E-002   2.3473010998768681E-002   2.3561839236254916E-002   2.3646228814125664E-002   2.3725735251424934E-002   2.3799930932363392E-002   2.3868409136455323E-002   2.3930787977043139E-002   2.3986714190159599E-002   2.4035866715781312E-002   2.4077960014896760E-002   2.4112747068485742E-002   2.4140022008478920E-002   2.4159622335985630E-002   2.4171430688450204E-002   2.4175376124781187E-002   2.4171434905716094E-002   2.4159630755523423E-002   2.4140034600365855E-002   2.4112763788000584E-002   2.4077980802714807E-002   2.4035891498233770E-002   2.3986742879556638E-002   2.3930820472060028E-002   2.3868445322580856E-002   2.3799970682409684E-002   2.3725778426097650E-002   2.3646275262653504E-002   2.3561888797077050E-002   2.3473063500278470E-002   2.3380256644343816E-002   2.3283934257932046E-002   2.3184567153459953E-002   2.3082627073797102E-002   2.2978583001612686E-002   2.2872897669452764E-002   2.2766024303238670E-002   2.2658403626316621E-002   2.2550461145593097E-002   2.2442604735782839E-002   2.2335222532482196E-002   2.2228681139746593E-002   2.2123324153166646E-002   2.2019470995154253E-002   2.1917416055304114E-002   2.1817428125308552E-002   2.1719750114984233E-002   2.1624599033515750E-002   2.1532166218024552E-002   2.1442617790013128E-002   2.1356095319093073E-002   2.1272716672652143E-002   2.1192577029721590E-002   2.1115750037236310E-002   2.1042289087103993E-002   2.0972228692979548E-002   2.0905585946343071E-002   2.0842362032368174E-002   2.0782543787108563E-002   2.0726105278691231E-002   2.0673009396452953E-002   2.0623209433263057E-002   2.0576650647612202E-002   2.0533271793388552E-002   2.0493006606587105E-002   2.0455785239484159E-002   2.0421535634040529E-002   2.0390184827459319E-002   2.0361660183905384E-002   2.0335890547385462E-002   2.0312807311683924E-002   2.0292345404046359E-002   2.0274444179999955E-002   2.0259048227297797E-002   2.0246108077476611E-002   2.0235580823929608E-002   2.0227430645724385E-002   2.0221629236649063E-002   2.0218156139157086E-002   2.0216998983013049E-002
   2.0202155972787364E-002   2.0205366350829680E-002   2.0210730339345936E-002   2.0218266636774951E-002   2.0228001110238251E-002   2.0239966484850391E-002   2.0254201944660689E-002   2.0270752645629907E-002   2.0289669141239763E-002   2.0311006721587650E-002   2.0334824667142093E-002   2.0361185418733888E-002   2.0390153665839336E-002   2.0421795355779954E-002   2.0456176627120435E-002   2.0493362671293727E-002   2.0533416527318021E-002   2.0576397815390814E-002   2.0622361416144857E-002   2.0671356103420080E-002   2.0723423139534156E-002   2.0778594843207758E-002   2.0836893141502680E-002   2.0898328118342392E-002   2.0962896573384147E-002   2.1030580606175131E-002   2.1101346241626736E-002   2.1175142113852741E-002   2.1251898226309806E-002   2.1331524806921534E-002   2.1413911277429209E-002   2.1498925356561251E-002   2.1586412316718612E-002   2.1676194413702735E-002   2.1768070508538493E-002   2.1861815899637708E-002   2.1957182382385771E-002   2.2053898551693239E-002   2.2151670361119494E-002   2.2250181949836457E-002   2.2349096745952708E-002   2.2448058851567636E-002   2.2546694711384832E-002   2.2644615062810111E-002   2.2741417161229242E-002   2.2836687269655494E-002   2.2930003397222540E-002   2.3020938266154256E-002   2.3109062481963778E-002   2.3193947876827936E-002   2.3275170991468776E-002   2.3352316656579934E-002   2.3424981630995621E-002   2.3492778250548355E-002   2.3555338039028671E-002   2.3612315230966005E-002   2.3663390155199738E-002   2.3708272428485441E-002   2.3746703909740170E-002   2.3778461367996516E-002   2.3803358820698107E-002   2.3821249503581891E-002   2.3832027438971597E-002   2.3835628575732223E-002   2.3832031481256830E-002   2.3821257573495326E-002   2.3803370888992554E-002   2.3778477390968254E-002   2.3746723829428926E-002   2.3708296172940287E-002   2.3663417638810243E-002   2.3612346354857830E-002   2.3555372691522636E-002   2.3492816307681880E-002   2.3425022957105128E-002   2.3352361104942744E-002   2.3275218405002504E-002   2.3193998088845275E-002   2.3109115316980018E-002   2.3020993540744383E-002   2.2930060920924242E-002   2.2836746845913733E-002   2.2741478588377370E-002   2.2644678135081725E-002   2.2546759219949867E-002   2.2448124585585413E-002   2.2349163493633941E-002   2.2250249499505607E-002   2.2151738502268356E-002   2.2053967076016184E-002   2.1957251084786873E-002   2.1861884579199947E-002   2.1768138969445277E-002   2.1676262466102447E-002   2.1586479777523260E-002   2.1498992050171153E-002   2.1413977036376469E-002   2.1331589472426235E-002   2.1251961648743822E-002   2.1175204153107717E-002   2.1101406767383753E-002   2.1030639498075369E-002   2.0962953721100994E-002   2.0898383421557070E-002   2.0836946509786559E-002   2.0778646195816049E-002   2.0723472405116593E-002   2.0671403219655368E-002   2.0622406329306432E-002   2.0576440479852298E-002   2.0533456905007186E-002   2.0493400731104339E-002   2.0456212344291427E-002   2.0421828711251696E-002   2.0390184645596481E-002   2.0361214013144412E-002   2.0334850870301562E-002   2.0311030530677648E-002   2.0289690555908790E-002   2.0270771667404607E-002   2.0254218576394666E-002   2.0239980730217214E-002   2.0228012973274614E-002   2.0218276121479240E-002   2.0210737449336730E-002   2.0205371089067975E-002   2.0202158341365576E-002   2.0201087897524114E-002
   2.0187581127132776E-002   2.0190554934135633E-002   2.0195523533374959E-002   2.0202504043011681E-002   2.0211520139003205E-002   2.0222601765702838E-002   2.0235784764265689E-002   2.0251110419325643E-002   2.0268624924607011E-002   2.0288378768388588E-002   2.0310426040054685E-002   2.0334823659353757E-002   2.0361630530445894E-002   2.0390906623359635E-002   2.0422711986097727E-002   2.0457105691331960E-002   2.0494144722406137E-002   2.0533882804220509E-002   2.0576369185494419E-002   2.0621647379887559E-002   2.0669753874493785E-002   2.0720716815291307E-002   2.0774554680223514E-002   2.0831274951677772E-002   2.0890872801204829E-002   2.0953329800356413E-002   2.1018612672489334E-002   2.1086672101264522E-002   2.1157441612332073E-002   2.1230836545310595E-002   2.1306753133611883E-002   2.1385067709902349E-002   2.1465636055001951E-002   2.1548292907773107E-002   2.1632851653020712E-002   2.1719104203586831E-002   2.1806821091660402E-002   2.1895751782817056E-002   2.1985625224445911E-002   2.2076150638003333E-002   2.2167018561959642E-002   2.2257902149382214E-002   2.2348458720845524E-002   2.2438331569802655E-002   2.2527152013732201E-002   2.2614541680338700E-002   2.2700115013895156E-002   2.2783481982546264E-002   2.2864250963124617E-002   2.2942031775864638E-002   2.3016438837433009E-002   2.3087094397039688E-002   2.3153631817162332E-002   2.3215698857720828E-002   2.3272960920484878E-002   2.3325104209182924E-002   2.3371838760289421E-002   2.3412901299863207E-002   2.3448057883134914E-002   2.3477106275811357E-002   2.3499878039266127E-002   2.3516240285874783E-002   2.3526097075656394E-002   2.3529390430998273E-002   2.3526100952439160E-002   2.3516248025117963E-002   2.3499889612393556E-002   2.3477121640129890E-002   2.3448076982039229E-002   2.3412924063107941E-002   2.3371865104327892E-002   2.3325134037571457E-002   2.3272994124351461E-002   2.3215735316296678E-002   2.3153671398374695E-002   2.3087136958163772E-002   2.3016484225800660E-002   2.2942079829627048E-002   2.2864301512065720E-002   2.2783534848943118E-002   2.2700170013420971E-002   2.2614598623003558E-002   2.2527210704855870E-002   2.2438391811013307E-002   2.2348520311097433E-002   2.2257964885984957E-002   2.2167082241610753E-002   2.2076215057815873E-002   2.1985690182962057E-002   2.1895817080998616E-002   2.1806886533846999E-002   2.1719169598412646E-002   2.1632916814280926E-002   2.1548357655231522E-002   2.1465700215132007E-002   2.1385131116554337E-002   2.1306815628600231E-002   2.1230897978916037E-002   2.1157501843714697E-002   2.1086730998784872E-002   2.1018670113936069E-002   2.0953385673080267E-002   2.0890927002159974E-002   2.0831327387372825E-002   2.0774605266585786E-002   2.0720765477448819E-002   2.0669800546480700E-002   2.0621692004279556E-002   2.0576411712981246E-002   2.0533923193123565E-002   2.0494182938149488E-002   2.0457141705875450E-002   2.0422745777341079E-002   2.0390938174526554E-002   2.0361659829457000E-002   2.0334850698197189E-002   2.0310450814162870E-002   2.0288401276029260E-002   2.0268645166296315E-002   2.0251128397270515E-002   2.0235800481842221E-002   2.0222615226976819E-002   2.0211531348298291E-002   2.0202513004530086E-002   2.0195530250874907E-002   2.0190559410669044E-002   2.0187583364846044E-002   2.0186591758897251E-002
   2.0174397772495120E-002   2.0177158008756611E-002   2.0181769669543916E-002   2.0188248461663203E-002   2.0196616104511945E-002   2.0206900060068367E-002   2.0219133186302911E-002   2.0233353314525391E-002   2.0249602751383385E-002   2.0267927706479959E-002   2.0288377646888296E-002   2.0311004580213662E-002   2.0335862268293575E-002   2.0363005374138522E-002   2.0392488545299545E-002   2.0424365437505372E-002   2.0458687683138552E-002   2.0495503809913326E-002   2.0534858115971305E-002   2.0576789508516890E-002   2.0621330314061048E-002   2.0668505069318450E-002   2.0718329302792358E-002   2.0770808318068424E-002   2.0825935990802600E-002   2.0883693592309231E-002   2.0944048653510228E-002   2.1006953883771023E-002   2.1072346159799082E-002   2.1140145600289748E-002   2.1210254742347223E-002   2.1282557835858439E-002   2.1356920271931423E-002   2.1433188161201738E-002   2.1511188077241047E-002   2.1590726979450102E-002   2.1671592328669786E-002   2.1753552407285558E-002   2.1836356853826153E-002   2.1919737419965120E-002   2.2003408955427961E-002   2.2087070623601327E-002   2.2170407347652681E-002   2.2253091483728654E-002   2.2334784714345354E-002   2.2415140151461468E-002   2.2493804634992960E-002   2.2570421208752099E-002   2.2644631752050396E-002   2.2716079741576585E-002   2.2784413114737993E-002   2.2849287202528941E-002   2.2910367697258970E-002   2.2967333618229221E-002   2.3019880236776057E-002   2.3067721921085343E-002   2.3110594860886017E-002   2.3148259632607460E-002   2.3180503566863114E-002   2.3207142882210735E-002   2.3228024552023691E-002   2.3243027874946011E-002   2.3252065723733079E-002   2.3255085452210368E-002   2.3252069445505584E-002   2.3243035304497471E-002   2.3228035661437049E-002   2.3207157629785279E-002   2.3180521897323638E-002   2.3148281477382102E-002   2.3110620138451724E-002   2.3067750537379833E-002   2.3019912085674679E-002   2.2967368582085028E-002   2.2910405647503806E-002   2.2849328000333086E-002   2.2784456611725453E-002   2.2716125780592782E-002   2.2644680167978343E-002   2.2570471829372853E-002   2.2493857281885413E-002   2.2415194640936116E-002   2.2334840858405938E-002   2.2253149091055233E-002   2.2170466224598888E-002   2.2087130575198319E-002   2.2003469786386953E-002   2.1919798935670181E-002   2.1836418861308653E-002   2.1753614716171602E-002   2.1671654752091978E-002   2.1590789334915150E-002   2.1511250187445149E-002   2.1433249854786063E-002   2.1356981384170706E-002   2.1282618209276547E-002   2.1210314227254268E-002   2.1140204055236547E-002   2.1072403451945620E-002   2.1007009889166990E-002   2.0944103257286531E-002   2.0883746688780958E-002   2.0825987483484684E-002   2.0770858119606744E-002   2.0718377334813774E-002   2.0668551262204491E-002   2.0621374606650665E-002   2.0576831847744594E-002   2.0534898456447615E-002   2.0495542113454925E-002   2.0458723918256143E-002   2.0424399578857211E-002   2.0392520573119136E-002   2.0363035273644713E-002   2.0335890029091377E-002   2.0311030195693986E-002   2.0288401113634429E-002   2.0267949023688409E-002   2.0249621920306268E-002   2.0233370337941078E-002   2.0219148068021230E-002   2.0206912804475990E-002   2.0196626716163187E-002   2.0188256944920668E-002   2.0181776028273042E-002   2.0177162246077286E-002   2.0174399890593081E-002   2.0173479459623188E-002
   2.0162575396863662E-002   2.0165144451670759E-002   2.0169436600885202E-002   2.0175466300467154E-002   2.0183253536079408E-002   2.0192823570570333E-002   2.0204206619937937E-002   2.0217437458327509E-002   2.0232554952818855E-002   2.0249601529008843E-002   2.0268622568696965E-002   2.0289665741341431E-002   2.0312780271374401E-002   2.0338016143950890E-002   2.0365423252256737E-002   2.0395050490117386E-002   2.0426944794328109E-002   2.0461150141863907E-002   2.0497706507917796E-002   2.0536648791551020E-002   2.0578005716608210E-002   2.0621798716442166E-002   2.0668040811892760E-002   2.0716735492856242E-002   2.0767875614646939E-002   2.0821442321173476E-002   2.0877404007705071E-002   2.0935715336668149E-002   2.0996316320466172E-002   2.1059131485733271E-002   2.1124069133690724E-002   2.1191020711352451E-002   2.1259860308198493E-002   2.1330444292584131E-002   2.1402611101557521E-002   2.1476181196905565E-002   2.1550957199122738E-002   2.1626724209593017E-002   2.1703250329586365E-002   2.1780287382700495E-002   2.1857571845132432E-002   2.1934825985657862E-002   2.2011759214449290E-002   2.2088069636906797E-002   2.2163445805543320E-002   2.2237568659705990E-002   2.2310113639578001E-002   2.2380752957553766E-002   2.2449158006780070E-002   2.2515001883482291E-002   2.2577961996724738E-002   2.2637722736568375E-002   2.2693978169268516E-002   2.2746434726277499E-002   2.2794813852455801E-002   2.2838854578114444E-002   2.2878315979365120E-002   2.2912979491781303E-002   2.2942651043596652E-002   2.2967162976589659E-002   2.2986375725409763E-002   2.3000179229353140E-002   2.3008494054438056E-002   2.3011272207984355E-002   2.3008497632673621E-002   2.3000186372149230E-002   2.2986386405487724E-002   2.2967177153209638E-002   2.2942668662770671E-002   2.2913000486555937E-002   2.2878340270172760E-002   2.2838882073191603E-002   2.2794844448326725E-002   2.2746468308300918E-002   2.2694014612245027E-002   2.2637761905405548E-002   2.2578003747156586E-002   2.2515046062839338E-002   2.2449204454805704E-002   2.2380801507262120E-002   2.2310164118148030E-002   2.2237620889405972E-002   2.2163499604679421E-002   2.2088124820788885E-002   2.2011815596366807E-002   2.1934883377858046E-002   2.1857630059793000E-002   2.1780346232888624E-002   2.1703309630195709E-002   2.1626783778250482E-002   2.1551016857057008E-002   2.1476240769769370E-002   2.1402670420196439E-002   2.1330503193744858E-002   2.1259918635170481E-002   2.1191078314537436E-002   2.1124125871095616E-002   2.1059187223382788E-002   2.0996370932732683E-002   2.0935768706517234E-002   2.0877456026856377E-002   2.0821492890177561E-002   2.0767924642879822E-002   2.0716782898434420E-002   2.0668086521512415E-002   2.0621842665147078E-002   2.0578047847491801E-002   2.0536689055398533E-002   2.0497744862795209E-002   2.0461186552660663E-002   2.0426979232261111E-002   2.0395082932203878E-002   2.0365453680763895E-002   2.0338044545829905E-002   2.0312806637686823E-002   2.0289690066685406E-002   2.0268644850640716E-002   2.0249621767538414E-002   2.0232573149806924E-002   2.0217453617029476E-002   2.0204220744521176E-002   2.0192835665681919E-002   2.0183263606457138E-002   2.0175474350598105E-002   2.0169442634715522E-002   2.0165148472369755E-002   2.0162577406644688E-002   2.0161720690816658E-002
   2.0152084806608146E-002   2.0154484491821691E-002   2.0158493588838304E-002   2.0164125455576054E-002   2.0171398556007566E-002   2.0180336223247271E-002   2.0190966355626651E-002   2.0203321046340181E-002   2.0217436147448808E-002   2.0233350769273968E-002   2.0251106716509752E-002   2.0270747862727888E-002   2.0292319465353672E-002   2.0315867423652899E-002   2.0341437482791026E-002   2.0369074387605570E-002   2.0398820990368566E-002   2.0430717317503868E-002   2.0464799600957755E-002   2.0501099280693592E-002   2.0539641985581402E-002   2.0580446500770542E-002   2.0623523730454018E-002   2.0668875665741361E-002   2.0716494368136520E-002   2.0766360979849657E-002   2.0818444772837195E-002   2.0872702249042824E-002   2.0929076304782124E-002   2.0987495472553363E-002   2.1047873253746168E-002   2.1110107555736609E-002   2.1174080246683272E-002   2.1239656840955034E-002   2.1306686327512626E-002   2.1375001152718804E-002   2.1444417367957054E-002   2.1514734951089458E-002   2.1585738309180220E-002   2.1657196968055237E-002   2.1728866452169770E-002   2.1800489355930833E-002   2.1871796605090171E-002   2.1942508904116337E-002   2.2012338362605636E-002   2.2080990290844284E-002   2.2148165151636996E-002   2.2213560652525714E-002   2.2276873959597061E-002   2.2337804011283813E-002   2.2396053907972176E-002   2.2451333350902703E-002   2.2503361101867146E-002   2.2551867433622821E-002   2.2596596539830250E-002   2.2637308872723427E-002   2.2673783376686414E-002   2.2705819586467349E-002   2.2733239559926167E-002   2.2755889616986900E-002   2.2773641858831562E-002   2.2786395444297110E-002   2.2794077603868236E-002   2.2796644375529650E-002   2.2794081050970888E-002   2.2786402325130722E-002   2.2773652146725262E-002   2.2755903272115335E-002   2.2733256529525726E-002   2.2705839805122936E-002   2.2673806766687375E-002   2.2637335344486958E-002   2.2596625992390228E-002   2.2551899755181532E-002   2.2503396170407110E-002   2.2451371034855210E-002   2.2396094066938863E-002   2.2337846496806965E-002   2.2276918615974067E-002   2.2213607317662396E-002   2.2148213657934228E-002   2.2081040466111770E-002   2.2012390030996261E-002   2.1942561887074163E-002   2.1871850722304742E-002   2.1800544426290206E-002   2.1728922294704443E-002   2.1657253402865069E-002   2.1585795158336429E-002   2.1514792039503860E-002   2.1444474524210916E-002   2.1375058209844106E-002   2.1306743123718906E-002   2.1239713220295598E-002   2.1174136059655208E-002   2.1110162659809910E-002   2.1047927513817986E-002   2.0987548761324467E-002   2.0929128503053541E-002   2.0872753245931654E-002   2.0818494465911587E-002   2.0766409275183979E-002   2.0716541180288619E-002   2.0668920917654841E-002   2.0623567353289241E-002   2.0580488433668866E-002   2.0539682175367904E-002   2.0501137681524010E-002   2.0464836173916048E-002   2.0430752030157075E-002   2.0398853816285988E-002   2.0369105305849514E-002   2.0341466477386463E-002   2.0315894483043315E-002   2.0292344581850488E-002   2.0270771031960504E-002   2.0251127936883179E-002   2.0233370041440667E-002   2.0217453473801002E-002   2.0203336430528612E-002   2.0190979802111184E-002   2.0180347736884454E-002   2.0171408141679576E-002   2.0164133117865114E-002   2.0158499331749985E-002   2.0154488318560038E-002   2.0152086719404948E-002   2.0151286450820167E-002
   2.0142898594841002E-002   2.0145150185870344E-002   2.0148911791340610E-002   2.0154195816968590E-002   2.0161019407342298E-002   2.0169404222733962E-002   2.0179376152860560E-002   2.0190964968198000E-002   2.0204203909658491E-002   2.0219129217683408E-002   2.0235779602091050E-002   2.0254195654354174E-002   2.0274419204369235E-002   2.0296492624219849E-002   2.0320458081931354E-002   2.0346356748760553E-002   2.0374227964162651E-002   2.0404108363221006E-002   2.0436030972009599E-002   2.0470024277074939E-002   2.0506111275963919E-002   2.0544308516476456E-002   2.0584625133072829E-002   2.0627061889601863E-002   2.0671610238221144E-002   2.0718251405037170E-002   2.0766955513583898E-002   2.0817680757762729E-002   2.0870372636267225E-002   2.0924963260790942E-002   2.0981370750448498E-002   2.1039498724808731E-002   2.1099235907728147E-002   2.1160455853766181E-002   2.1223016808348212E-002   2.1286761712006622E-002   2.1351518357967142E-002   2.1417099711053402E-002   2.1483304394357663E-002   2.1549917348375393E-002   2.1616710665336207E-002   2.1683444599299880E-002   2.1749868750245479E-002   2.1815723417892105E-002   2.1880741118385637E-002   2.1944648254306292E-002   2.2007166925743490E-002   2.2068016867496903E-002   2.2126917494851139E-002   2.2183590037894562E-002   2.2237759742069877E-002   2.2289158110616613E-002   2.2337525162852572E-002   2.2382611680899240E-002   2.2424181416536262E-002   2.2462013229416228E-002   2.2495903127918663E-002   2.2525666184494444E-002   2.2551138298461223E-002   2.2572177780853873E-002   2.2588666738094891E-002   2.2600512233897176E-002   2.2607647211898771E-002   2.2610031164998184E-002   2.2607650541137135E-002   2.2600518879285183E-002   2.2588676673528540E-002   2.2572190967360364E-002   2.2551154684417773E-002   2.2525685705918230E-002   2.2495925708826442E-002   2.2462038782251604E-002   2.2424209842662336E-002   2.2382642871153845E-002   2.2337558998162869E-002   2.2289194462669429E-002   2.2237798474033631E-002   2.2183631005188269E-002   2.2126960545955410E-002   2.2068061844801447E-002   2.2007213666425229E-002   2.1944696591231719E-002   2.1880790881030687E-002   2.1815774433272504E-002   2.1749920843850200E-002   2.1683497596020247E-002   2.1616764390382893E-002   2.1549971628175769E-002   2.1483359057425745E-002   2.1417154588825080E-002   2.1351573285593513E-002   2.1286816529098654E-002   2.1223071359666553E-002   2.1160509989850407E-002   2.1099289485460509E-002   2.1039551607908238E-002   2.0981422809891938E-002   2.0925014375158413E-002   2.0870422692010591E-002   2.0817729649396405E-002   2.0767003143798275E-002   2.0718297684735931E-002   2.0671655086484556E-002   2.0627105233579069E-002   2.0584666907806786E-002   2.0544348664666048E-002   2.0506149747668231E-002   2.0470061029365355E-002   2.0436065968575747E-002   2.0404141573936954E-002   2.0374259364620072E-002   2.0346386319775634E-002   2.0320485809032476E-002   2.0296518497122901E-002   2.0274443216447498E-002   2.0254217802109484E-002   2.0235799884632727E-002   2.0219147636221287E-002   2.0204220467015942E-002   2.0190979668350529E-002   2.0179389000505182E-002   2.0169415222894081E-002   2.0161028565012382E-002   2.0154203136802426E-002   2.0148917277386446E-002   2.0145153841355630E-002   2.0142900422009023E-002   2.0142149511106121E-002
   2.0134991564853807E-002   2.0137115848244094E-002   2.0140664703916528E-002   2.0145649725032449E-002   2.0152086930439340E-002   2.0159996553343364E-002   2.0169402770347292E-002   2.0180333371477194E-002   2.0192819372024187E-002   2.0206894567266265E-002   2.0222595031415748E-002   2.0239958562462506E-002   2.0259024074955910E-002   2.0279830943189900E-002   2.0302418297726468E-002   2.0326824278711939E-002   2.0353085250004812E-002   2.0381234978739813E-002   2.0411303785593866E-002   2.0443317671688915E-002   2.0477297428754634E-002   2.0513257739870252E-002   2.0551206278796967E-002   2.0591142816586985E-002   2.0633058344796749E-002   2.0676934225225093E-002   2.0722741376623725E-002   2.0770439509271033E-002   2.0819976418641736E-002   2.0871287349627180E-002   2.0924294442845669E-002   2.0978906274513098E-002   2.1035017501105115E-002   2.1092508619619674E-002   2.1151245853631345E-002   2.1211081174507266E-002   2.1271852466123453E-002   2.1333383840177262E-002   2.1395486107738910E-002   2.1457957411029346E-002   2.1520584017563776E-002   2.1583141276777164E-002   2.1645394737071454E-002   2.1707101418921407E-002   2.1768011237278985E-002   2.1827868564063393E-002   2.1886413919056862E-002   2.1943385775091959E-002   2.1998522461064172E-002   2.2051564144086551E-002   2.2102254870074039E-002   2.2150344640258314E-002   2.2195591499640024E-002   2.2237763612234066E-002   2.2276641297197749E-002   2.2312018999588522E-002   2.2343707169606271E-002   2.2371534024753538E-002   2.2395347170403625E-002   2.2415015055796902E-002   2.2430428244473749E-002   2.2441500480568765E-002   2.2448169535193945E-002   2.2450397820276091E-002   2.2448172760621953E-002   2.2441506918593496E-002   2.2430437869506818E-002   2.2415027829640666E-002   2.2395363042472003E-002   2.2371552932364386E-002   2.2343729038343710E-002   2.2312043743733034E-002   2.2276668820221446E-002   2.2237793807358134E-002   2.2195624250450845E-002   2.2150379821378258E-002   2.2102292347882586E-002   2.2051603777486835E-002   2.1998564102289637E-002   2.1943429270547370E-002   2.1886459110187571E-002   2.1827915288246302E-002   2.1768059328728374E-002   2.1707150709602534E-002   2.1645445057614617E-002   2.1583192457384777E-002   2.1520635888902968E-002   2.1458009805102613E-002   2.1395538858725589E-002   2.1333436785238684E-002   2.1271905446165053E-002   2.1211134034891364E-002   2.1151298444834873E-002   2.1092560797831554E-002   2.1035069128758972E-002   2.0978957220751496E-002   2.0924344583913016E-002   2.0871336569189203E-002   2.0820024608030407E-002   2.0770486567654574E-002   2.0722787211102326E-002   2.0676978750853718E-002   2.0633101484537314E-002   2.0591184501192881E-002   2.0551246446633666E-002   2.0513296336676336E-002   2.0477334407348204E-002   2.0443352991624773E-002   2.0411337412777293E-002   2.0381266885003090E-002   2.0353115412652840E-002   2.0326852680043514E-002   2.0302444924537776E-002   2.0279855786266860E-002   2.0259047128561899E-002   2.0239979823827834E-002   2.0222614500235089E-002   2.0206912245209992E-002   2.0192835262269261E-002   2.0180347478262920E-002   2.0169415098560815E-002   2.0160007108139512E-002   2.0152095716898785E-002   2.0145656747861930E-002   2.0140669967194099E-002   2.0137119355212191E-002   2.0134993317762154E-002   2.0134284837511757E-002
   2.0128341106991271E-002   2.0130358433842272E-002   2.0133728552117616E-002   2.0138462376663589E-002   2.0144574986675882E-002   2.0152085424378800E-002   2.0161016436951069E-002   2.0171394162334523E-002   2.0183247759763424E-002   2.0196608986087827E-002   2.0211511719238347E-002   2.0227991430495286E-002   2.0246084607585129E-002   2.0265828131032684E-002   2.0287258606648002E-002   2.0310411657522037E-002   2.0335321179441614E-002   2.0362018564207454E-002   2.0390531895944294E-002   2.0420885126121051E-002   2.0453097233643490E-002   2.0487181377031548E-002   2.0523144046336029E-002   2.0560984223072776E-002   2.0600692557041372E-002   2.0642250569435399E-002   2.0685629892125999E-002   2.0730791553393212E-002   2.0777685320673915E-002   2.0826249111074092E-002   2.0876408480440811E-002   2.0928076201689742E-002   2.0981151942824353E-002   2.1035522054649550E-002   2.1091059477566364E-002   2.1147623776027902E-002   2.1205061308235018E-002   2.1263205537453471E-002   2.1321877489944938E-002   2.1380886362930035E-002   2.1440030284254175E-002   2.1499097223523514E-002   2.1557866052439693E-002   2.1616107749915278E-002   2.1673586745327381E-002   2.1730062391000955E-002   2.1785290552744759E-002   2.1839025305035505E-002   2.1891020715304521E-002   2.1941032699774272E-002   2.1988820931467146E-002   2.2034150779413855E-002   2.2076795256769456E-002   2.2116536954543457E-002   2.2153169937004905E-002   2.2186501574564615E-002   2.2216354290089179E-002   2.2242567195179527E-002   2.2264997593956507E-002   2.2283522333331116E-002   2.2298038980582129E-002   2.2308466811291127E-002   2.2314747593257057E-002   2.2316846154881328E-002   2.2314750729624373E-002   2.2308473071421461E-002   2.2298048339341580E-002   2.2283534753205110E-002   2.2265013025272055E-002   2.2242585576399385E-002   2.2216375548176112E-002   2.2186525625413404E-002   2.2153196685939319E-002   2.2116566296874952E-002   2.2076827078413803E-002   2.2034184957561570E-002   2.1988857335303001E-002   2.1941071191240807E-002   2.1891061149904002E-002   2.1839067532664395E-002   2.1785334418554382E-002   2.1730107736277732E-002   2.1673633408385708E-002   2.1616155566995945E-002   2.1557914858606531E-002   2.1499146853550959E-002   2.1440080573498419E-002   2.1380937148176491E-002   2.1321928610225027E-002   2.1263256834823923E-002   2.1205112628513354E-002   2.1147674969478131E-002   2.1091110399529545E-002   2.1035572566114446E-002   2.0981201910934128E-002   2.0928125500181364E-002   2.0876456990014655E-002   2.0826296719691970E-002   2.0777731923784667E-002   2.0730837054085873E-002   2.0685674201211167E-002   2.0642293605456496E-002   2.0600734246218090E-002   2.0561024499179681E-002   2.0523182850520096E-002   2.0487218657572890E-002   2.0453132945664053E-002   2.0420919231246545E-002   2.0390564361925018E-002   2.0362049364503833E-002   2.0335350292780680E-002   2.0310439067431008E-002   2.0287284300971344E-002   2.0265852101438973E-002   2.0246106849069901E-002   2.0228011940886061E-002   2.0211530498707681E-002   2.0196626036680137E-002   2.0183263084940940E-002   2.0171407766547488E-002   2.0161028325236831E-002   2.0152095601994220E-002   2.0144583458766900E-002   2.0138469147975405E-002   2.0133733626748539E-002   2.0130361815043723E-002   2.0128342797015992E-002   2.0127669965171541E-002
   2.0122927527620547E-002   2.0124857872054466E-002   2.0128082633968279E-002   2.0132612179534760E-002   2.0138460827960267E-002   2.0145646658330661E-002   2.0154191262053499E-002   2.0164119441541967E-002   2.0175458855986182E-002   2.0188239615290163E-002   2.0202493823521239E-002   2.0218255073526693E-002   2.0235557894721774E-002   2.0254437156445117E-002   2.0274927429711955E-002   2.0297062310670515E-002   2.0320873709580540E-002   2.0346391109679826E-002   2.0373640800880242E-002   2.0402645093831183E-002   2.0433421520497513E-002   2.0465982028010619E-002   2.0500332173154220E-002   2.0536470325428074E-002   2.0574386887179597E-002   2.0614063539790763E-002   2.0655472525340404E-002   2.0698575973514700E-002   2.0743325283795230E-002   2.0789660573099021E-002   2.0837510199063557E-002   2.0886790369047531E-002   2.0937404844642495E-002   2.0989244751050590E-002   2.1042188500070256E-002   2.1096101834639152E-002   2.1150838001908305E-002   2.1206238060663837E-002   2.1262131327576598E-002   2.1318335965253735E-002   2.1374659713401651E-002   2.1430900762604066E-002   2.1486848768292814E-002   2.1542286000468345E-002   2.1596988622641648E-002   2.1650728091352881E-002   2.1703272665512061E-002   2.1754389012743954E-002   2.1803843897944715E-002   2.1851405937416298E-002   2.1896847400279515E-002   2.1939946037421342E-002   2.1980486917047626E-002   2.2018264245026457E-002   2.2053083147653058E-002   2.2084761394272061E-002   2.2113131037376221E-002   2.2138039948376168E-002   2.2159353228204899E-002   2.2176954473278804E-002   2.2190746879067316E-002   2.2200654165600416E-002   2.2206621311632316E-002   2.2208615086837177E-002   2.2206624374287186E-002   2.2200660278497875E-002   2.2190756017457895E-002   2.2176966600225514E-002   2.2159368294806549E-002   2.2138057894062774E-002   2.2113151790274569E-002   2.2084784871638979E-002   2.2053109256373389E-002   2.2018292882172299E-002   2.1980517970494943E-002   2.1939979386519461E-002   2.1896882916568747E-002   2.1851443485388283E-002   2.1803883335839849E-002   2.1754430193379772E-002   2.1703315437136144E-002   2.1650772298513567E-002   2.1597034107069618E-002   2.1542332601961887E-002   2.1486896325599619E-002   2.1430949114292244E-002   2.1374708698712788E-002   2.1318385424930981E-002   2.1262181104660889E-002   2.1206288001251836E-002   2.1150887955865897E-002   2.1096151656264935E-002   2.1042238048703938E-002   2.0989293891621873E-002   2.0937453448156701E-002   2.0886838313004974E-002   2.0837557367810400E-002   2.0789706858108135E-002   2.0743370583876465E-002   2.0698620194954605E-002   2.0655515581972407E-002   2.0614105352997413E-002   2.0574427385829281E-002   2.0536509445749258E-002   2.0500369858550863E-002   2.0466018228823001E-002   2.0433456193713145E-002   2.0402678202750945E-002   2.0373672314745159E-002   2.0346421003264260E-002   2.0320901962757664E-002   2.0297088907956139E-002   2.0274952359792771E-002   2.0254460411697473E-002   2.0235579470726982E-002   2.0218274968588759E-002   2.0202512038192726E-002   2.0188256151911624E-002   2.0175473718244442E-002   2.0164132634052076E-002   2.0154202789968944E-002   2.0145656526985998E-002   2.0138469042549935E-002   2.0132618744831444E-002   2.0128087554083695E-002   2.0124861150245057E-002   2.0122929166139971E-002   2.0122285325805345E-002
   2.0118734329112896E-002   2.0120597351009139E-002   2.0123709611335781E-002   2.0128081053454674E-002   2.0133725410965888E-002   2.0140660020892105E-002   2.0148905584281944E-002   2.0158485874883773E-002   2.0169427396741046E-002   2.0181758991789877E-002   2.0195511398803993E-002   2.0210716765333977E-002   2.0227408114628739E-002   2.0245618769908564E-002   2.0265381738780341E-002   2.0286729061045467E-002   2.0309691123646112E-002   2.0334295947022449E-002   2.0360568447705840E-002   2.0388529682544357E-002   2.0418196080538679E-002   2.0449578668848875E-002   2.0482682300104558E-002   2.0517504888700841E-002   2.0554036664276569E-002   2.0592259451036255E-002   2.0632145981977892E-002   2.0673659257410826E-002   2.0716751957375990E-002   2.0761365917700253E-002   2.0807431679413669E-002   2.0854868121119238E-002   2.0903582183618260E-002   2.0953468695650082E-002   2.1004410308995046E-002   2.1056277550408994E-002   2.1108928996903531E-002   2.1162211579760490E-002   2.1215961021374984E-002   2.1270002407568586E-002   2.1324150896414561E-002   2.1378212562886953E-002   2.1431985376806729E-002   2.1485260309634581E-002   2.1537822563681398E-002   2.1589452915305736E-002   2.1639929161678340E-002   2.1689027658755144E-002   2.1736524936252000E-002   2.1782199373697277E-002   2.1825832920093470E-002   2.1867212838385702E-002   2.1906133454850991E-002   2.1942397892721656E-002   2.1975819768869226E-002   2.2006224832225404E-002   2.2033452522822135E-002   2.2057357430903240E-002   2.2077810636497715E-002   2.2094700911142750E-002   2.2107935765086989E-002   2.2117442325267703E-002   2.2123168031606175E-002   2.2125081141663061E-002   2.2123171036393035E-002   2.2117448322582299E-002   2.2107944730486440E-002   2.2094712808150632E-002   2.2077825416828060E-002   2.2057375034756816E-002   2.2033472879252888E-002   2.2006247859574488E-002   2.1975845375263522E-002   2.1942425976633227E-002   2.1906163905713281E-002   2.1867245537262058E-002   2.1825867740392867E-002   2.1782236181931858E-002   2.1736563592830535E-002   2.1689068018806240E-002   2.1639971075896904E-002   2.1589496230815828E-002   2.1537867124908586E-002   2.1485305959180606E-002   2.1432031956319351E-002   2.1378259913917726E-002   2.1324198861257568E-002   2.1270050830073123E-002   2.1216009747725632E-002   2.1162260459218280E-002   2.1108977882502239E-002   2.1056326299601330E-002   2.1004458784243819E-002   2.0953516764960215E-002   2.0903629721006182E-002   2.0854915007016785E-002   2.0807477801004576E-002   2.0761411169187900E-002   2.0716796240181939E-002   2.0673702480304409E-002   2.0632188061137903E-002   2.0592300310046458E-002   2.0554076234057445E-002   2.0517543107380659E-002   2.0482719112833381E-002   2.0449614027559678E-002   2.0418229943660174E-002   2.0388562014670535E-002   2.0360599219227577E-002   2.0334325133726718E-002   2.0309718706288570E-002   2.0286755024902320E-002   2.0265406073185339E-002   2.0245641467781090E-002   2.0227429171998820E-002   2.0210736180869913E-002   2.0195529173348159E-002   2.0181775127908010E-002   2.0169441898290043E-002   2.0158498746602815E-002   2.0148916831411300E-002   2.0140669648823710E-002   2.0133733424929339E-002   2.0128087458241930E-002   2.0123714411067337E-002   2.0120600548944094E-002   2.0118735927504811E-002   2.0118114526279339E-002
   2.0115748439981544E-002   2.0117563551198113E-002   2.0120595749373263E-002   2.0124854677971673E-002   2.0130353655251152E-002   2.0137109491967186E-002   2.0145142257795564E-002   2.0154474997128705E-002   2.0165133395099816E-002   2.0177145394916871E-002   2.0190540767849631E-002   2.0205350637510198E-002   2.0221606960402646E-002   2.0239341965091116E-002   2.0258587552747696E-002   2.0279374662290284E-002   2.0301732603803059E-002   2.0325688364444386E-002   2.0351265891583196E-002   2.0378485358458234E-002   2.0407362418216800E-002   2.0437907452751237E-002   2.0470124823301822E-002   2.0504012130321665E-002   2.0539559490590734E-002   2.0576748840007653E-002   2.0615553270866505E-002   2.0655936412726162E-002   2.0697851866187816E-002   2.0741242698998241E-002   2.0786041013878154E-002   2.0832167597324508E-002   2.0879531658341745E-002   2.0928030665610074E-002   2.0977550290992138E-002   2.1027964466507780E-002   2.1079135560968708E-002   2.1130914681361634E-002   2.1183142102805422E-002   2.1235647829493092E-002   2.1288252287476338E-002   2.1340767148474576E-002   2.1392996282113556E-002   2.1444736832144175E-002   2.1495780410289045E-002   2.1545914399443263E-002   2.1594923356051725E-002   2.1642590499634028E-002   2.1688699275668105E-002   2.1733034976413618E-002   2.1775386402794673E-002   2.1815547549205724E-002   2.1853319292090039E-002   2.1888511062398391E-002   2.1920942481594347E-002   2.1950444940753749E-002   2.1976863102525349E-002   2.2000056306285872E-002   2.2019899857737241E-002   2.2036286185448832E-002   2.2049125848428407E-002   2.2058348380688195E-002   2.2063902960926411E-002   2.2065758897830197E-002   2.2063905924080120E-002   2.2058354294847628E-002   2.2049134689373116E-002   2.2036297917036506E-002   2.2019914432128179E-002   2.2000073664239839E-002   2.1976883173768572E-002   2.1950467644413420E-002   2.1920967726697490E-002   2.1888538748431288E-002   2.1853349309614117E-002   2.1815579780525177E-002   2.1775420722670726E-002   2.1733071252819862E-002   2.1688737370580961E-002   2.1642630269852102E-002   2.1594964654037416E-002   2.1545957074179875E-002   2.1495824308146311E-002   2.1444781797745182E-002   2.1393042159195835E-002   2.1340813780738304E-002   2.1288299519412645E-002   2.1235695507185653E-002   2.1183190074698859E-002   2.1130962798990582E-002   2.1079183679641830E-002   2.1028012445941512E-002   2.0977597995889545E-002   2.0928077966180843E-002   2.0879578430759958E-002   2.0832213724121623E-002   2.0786086384269261E-002   2.0741287209140521E-002   2.0697895419370806E-002   2.0655978919494201E-002   2.0615594649074472E-002   2.0576789014811751E-002   2.0539598394376815E-002   2.0504049702574120E-002   2.0470161010416682E-002   2.0437942207797582E-002   2.0407395700651015E-002   2.0378517133796088E-002   2.0351296131034910E-002   2.0325717044518233E-002   2.0301759705883080E-002   2.0279400172193884E-002   2.0258611460268947E-002   2.0239364263535523E-002   2.0221627646119084E-002   2.0205369709425623E-002   2.0190558227012018E-002   2.0177161244051486E-002   2.0165147638183872E-002   2.0154487638988999E-002   2.0145153303733423E-002   2.0137118947414732E-002   2.0130361525462419E-002   2.0124860967751821E-002   2.0120600462848595E-002   2.0117566691629299E-002   2.0115750009621850E-002   2.0115144577582855E-002
   2.0113960394517287E-002   2.0115746827820705E-002   2.0118731103383657E-002   2.0122922685576097E-002   2.0128334644628848E-002   2.0134983477047456E-002   2.0142888875522482E-002   2.0152073448994248E-002   2.0162562393727729E-002   2.0174383116480114E-002   2.0187564811102839E-002   2.0202137990214336E-002   2.0218133973911433E-002   2.0235584337856220E-002   2.0254520323482000E-002   2.0274972213503793E-002   2.0296968676393853E-002   2.0320536083985992E-002   2.0345697806899026E-002   2.0372473493012178E-002   2.0400878334775906E-002   2.0430922331690970E-002   2.0462609554825630E-002   2.0495937420754715E-002   2.0530895982781790E-002   2.0567467247733746E-002   2.0605624526982152E-002   2.0645331830633329E-002   2.0686543314025505E-002   2.0729202785762620E-002   2.0773243286487553E-002   2.0818586747440269E-002   2.0865143737548362E-002   2.0912813307349357E-002   2.0961482937439366E-002   2.1011028598376804E-002   2.1061314928041620E-002   2.1112195531361358E-002   2.1163513406070700E-002   2.1215101496779749E-002   2.1266783378100920E-002   2.1318374065941264E-002   2.1369680954326998E-002   2.1420504873314102E-002   2.1470641261680305E-002   2.1519881446221217E-002   2.1568014017619250E-002   2.1614826291054847E-002   2.1660105838021651E-002   2.1703642074228643E-002   2.1745227887059845E-002   2.1784661284852423E-002   2.1821747049280044E-002   2.1856298371421050E-002   2.1888138451676645E-002   2.1917102043602903E-002   2.1943036921948020E-002   2.1965805255749499E-002   2.1985284868246305E-002   2.2001370366590681E-002   2.2013974125888236E-002   2.2023027113930376E-002   2.2028479545079124E-002   2.2030301354084781E-002   2.2028482483117225E-002   2.2023032977925325E-002   2.2013982891753218E-002   2.2001381998384084E-002   2.1985299318396576E-002   2.1965822465352329E-002   2.1943056821133740E-002   2.1917124551971326E-002   2.1888163478796140E-002   2.1856325817388059E-002   2.1821776805334769E-002   2.1784693234045988E-002   2.1745261904967686E-002   2.1703678029704559E-002   2.1660143593986502E-002   2.1614865705313568E-002   2.1568054943699597E-002   2.1519923734227359E-002   2.1470684759154295E-002   2.1420549426098084E-002   2.1369726407419042E-002   2.1318420264337754E-002   2.1266830167618586E-002   2.1215148724850540E-002   2.1163560922503141E-002   2.1112243189062324E-002   2.1061362583692875E-002   2.1011076113061279E-002   2.0961530177212570E-002   2.0912860143752099E-002   2.0865190048057546E-002   2.0818632415855229E-002   2.0773288203250171E-002   2.0729246848210165E-002   2.0686586426575913E-002   2.0645373904903341E-002   2.0605665481839428E-002   2.0567507009284839E-002   2.0530934484298369E-002   2.0495974602541163E-002   2.0462645364031553E-002   2.0430956722072794E-002   2.0400911266411987E-002   2.0372504931976385E-002   2.0345727724897907E-002   2.0320564457964978E-002   2.0296995488118055E-002   2.0274997449119078E-002   2.0254543973062044E-002   2.0235606394941305E-002   2.0218154435044544E-002   2.0202156854480159E-002   2.0187582079674939E-002   2.0174398792181476E-002   2.0162576480609484E-002   2.0152085951937276E-002   2.0142899799866054E-002   2.0134992828248887E-002   2.0128342427957750E-002   2.0122928905846278E-002   2.0118735764725493E-002   2.0115749933496224E-002   2.0113961946779852E-002   2.0113366073562053E-002
   2.0113364461436516E-002   2.0115141341364495E-002   2.0118109652625480E-002   2.0122278800028454E-002   2.0127661771320800E-002   2.0134274958505158E-002   2.0142137928912143E-002   2.0151273146687632E-002   2.0161705645550854E-002   2.0173462653905877E-002   2.0186573173647776E-002   2.0201067514298343E-002   2.0216976784436454E-002   2.0234332342755953E-002   2.0253165211488348E-002   2.0273505455367768E-002   2.0295381529787642E-002   2.0318819602299233E-002   2.0343842852125309E-002   2.0370470752901201E-002   2.0398718344402315E-002   2.0428595499562247E-002   2.0460106193618589E-002   2.0493247782732711E-002   2.0528010299902814E-002   2.0564375776413173E-002   2.0602317597422891E-002   2.0641799900581143E-002   2.0682777026748058E-002   2.0725193031988446E-002   2.0768981269975662E-002   2.0814064053783599E-002   2.0860352405745266E-002   2.0907745903608096E-002   2.0956132630611964E-002   2.1005389236351913E-002   2.1055381114362792E-002   2.1105962701278340E-002   2.1156977901178931E-002   2.1208260637358537E-002   2.1259635532225256E-002   2.1310918714417697E-002   2.1361918750491735E-002   2.1412437696732879E-002   2.1462272264805994E-002   2.1511215093097412E-002   2.1559056113767166E-002   2.1605584003746979E-002   2.1650587706229268E-002   2.1693858007630507E-002   2.1735189153616427E-002   2.1774380486581563E-002   2.1811238086015320E-002   2.1845576392490670E-002   2.1877219795605866E-002   2.1906004166114275E-002   2.1931778312707279E-002   2.1954405344477620E-002   2.1973763920986142E-002   2.1989749373076028E-002   2.2002274679110378E-002   2.2011271283128495E-002   2.2016689743493651E-002   2.2018500202903048E-002   2.2016692673107536E-002   2.2011277130295905E-002   2.2002283419786356E-002   2.1989760971381951E-002   2.1973778329434736E-002   2.1954422504270411E-002   2.1931798154102251E-002   2.1906026608860998E-002   2.1877244749444816E-002   2.1845603757712967E-002   2.1811267754078566E-002   2.1774412340777028E-002   2.1735223069782379E-002   2.1693893854906044E-002   2.1650625347842581E-002   2.1605623297831819E-002   2.1559096914200750E-002   2.1511257250353032E-002   2.1462315626813219E-002   2.1412482109738323E-002   2.1361964059913197E-002   2.1310964765684681E-002   2.1259682171598914E-002   2.1208307712724309E-002   2.1157025262805544E-002   2.1106010202537086E-002   2.1055428612401537E-002   2.1005436592718762E-002   2.0956179711824112E-002   2.0907792581662012E-002   2.0860398558565012E-002   2.0814109565604848E-002   2.0769026031663591E-002   2.0725236941288583E-002   2.0682819988469745E-002   2.0641841826714087E-002   2.0602358407187955E-002   2.0564415396249244E-002   2.0528048663392241E-002   2.0493284830468302E-002   2.0460141873015886E-002   2.0428629764621037E-002   2.0398751155421977E-002   2.0370502076154703E-002   2.0343872659497032E-002   2.0318847870891981E-002   2.0295408241504467E-002   2.0273530596474149E-002   2.0253188772160518E-002   2.0234354316621024E-002   2.0216997168109926E-002   2.0201086306924521E-002   2.0186590376448425E-002   2.0173478269742175E-002   2.0161719678503543E-002   2.0151285601659952E-002   2.0142148811259742E-002   2.0134284273696949E-002   2.0127669524634236E-002   2.0122284996282391E-002   2.0118114295953334E-002   2.0115144435030003E-002   2.0113366007693909E-002   2.0112773318924349E-002
