   4.7154231205466274E-002   4.7251901240512588E-002   4.7413863676397786E-002   4.7638887282774732E-002   4.7925250160381246E-002   4.8270741946345057E-002   4.8672667192699609E-002   4.9127850325979834E-002   4.9632642683760886E-002   5.0182932206266864E-002   5.0774156433311408E-002   5.1401319513248105E-002   5.2059013964745250E-002   5.2741447936889389E-002   5.3442478681128787E-002   5.4155652873247279E-002   5.4874254299619799E-002   5.5591359246298815E-002   5.6299899701761053E-002   5.6992734207676421E-002   5.7662725874061488E-002   5.8302826726984572E-002   5.8906167193903819E-002   5.9466149172533712E-002   5.9976540795268790E-002   6.0431570715478590E-002   6.0826019527119551E-002   6.1155305805808413E-002   6.1415564244544057E-002   6.1603713461532303E-002   6.1717511284406300E-002   6.1755595659249735E-002   6.1717509779992352E-002   6.1603710561421846E-002   6.1415560157961117E-002   6.1155300826821454E-002   6.0826014012962781E-002   6.0431565060807713E-002   5.9976535404606852E-002   5.9466144433228361E-002   5.8906163451746478E-002   5.8302824266265922E-002   5.7662724903308968E-002   5.6992734851707735E-002   5.6299902000065828E-002   5.5591363157198620E-002   5.4874259709210366E-002   5.4155659607832259E-002   5.3442486521726180E-002   5.2741456634421438E-002   5.2059023254684804E-002   5.1401329128750194E-002   5.0774166116165226E-002   5.0182941715317932E-002   4.9632651800740370E-002   4.9127858858913367E-002   4.8672674977236964E-002   4.8270748845452779E-002   4.7925256062878278E-002   4.7638892101179116E-002   4.7413867344504375E-002   4.7251903711053568E-002   4.7154232448128920E-002   4.7121592783297243E-002
   4.7251899625634274E-002   4.7350556983043551E-002   4.7514164130960386E-002   4.7741488397553059E-002   4.8030805376410739E-002   4.8379900649867483E-002   4.8786072558235548E-002   4.9246136432914679E-002   4.9756430803861496E-002   5.0312826179706581E-002   5.0910737077368401E-002   5.1545138041486666E-002   5.2210584435425866E-002   5.2901238797301450E-002   5.3610903528603558E-002   5.4333060612214913E-002   5.5060918934947516E-002   5.5787469613332537E-002   5.6505549489422609E-002   5.7207912678572469E-002   5.7887309720430005E-002   5.8536573518912303E-002   5.9148710872252486E-002   5.9716998009659308E-002   6.0235078189243611E-002   6.0697059097140973E-002   6.1097607545152116E-002   6.1432038817187118E-002   6.1696397983052716E-002   6.1887530595294157E-002   6.2003140416306897E-002   6.2041832184408723E-002   6.2003137904254733E-002   6.1887525714283999E-002   6.1696391009102451E-002   6.1432030139809801E-002   6.1097597640394651E-002   6.0697048495442683E-002   6.0235067440845197E-002   5.9716987650388076E-002   5.9148701392323901E-002   5.8536565336954387E-002   5.7887303164316513E-002   5.7207907973922993E-002   5.6505546755878738E-002   5.5787468868032611E-002   5.5060920102066452E-002   5.4333063537056796E-002   5.3610907994553030E-002   5.2901244543950073E-002   5.2210591176362384E-002   5.1545145480531844E-002   5.0910744922394301E-002   5.0312834153555350E-002   4.9756438652227064E-002   4.9246143929339938E-002   4.8786079506590183E-002   4.8379906884802648E-002   4.8030810762342550E-002   4.7741492826720966E-002   4.7514167521056493E-002   4.7350559274831491E-002   4.7251900780887653E-002   4.7218931994684916E-002
   4.7413860387035746E-002   4.7514162467128980E-002   4.7680509626676582E-002   4.7911667069430557E-002   4.8205906595271422E-002   4.8561007515251720E-002   4.8974258398097617E-002   4.9442460082401912E-002   4.9961930488761776E-002   5.0528511863156780E-002   5.1137581172194399E-002   5.1784064446197459E-002   5.2462455919863572E-002   5.3166842843857261E-002   5.3890936825341178E-002   5.4628112492678987E-002   5.5371454162207658E-002   5.6113811008135145E-002   5.6847860998370275E-002   5.7566183561313773E-002   5.8261340597535467E-002   5.8925965056679123E-002   5.9552855879449203E-002   6.0135077677248766E-002   6.0666063112079678E-002   6.1139715573890585E-002   6.1550509460485806E-002   6.1893585174731043E-002   6.2164835890278394E-002   6.2360983219275676E-002   6.2479639153062108E-002   6.2519352037376838E-002   6.2479634871674093E-002   6.2360974859500005E-002   6.2164823844563871E-002   6.1893569999043024E-002   6.1550491838215253E-002   6.1139696272641618E-002   6.0666042936878301E-002   6.0135057423864692E-002   5.9552836291314915E-002   5.8925946788362965E-002   5.8261324186951381E-002   5.7566169411925931E-002   5.6847849371684099E-002   5.6113802025863718E-002   5.5371447816754106E-002   5.4628108664046097E-002   5.3890935302300567E-002   5.3166843347181261E-002   5.2462458125610352E-002   5.1784068007391423E-002   5.1137585737693510E-002   5.0528517092979619E-002   4.9961936065602321E-002   4.9442465719445536E-002   4.8974263843541463E-002   4.8561012554118779E-002   4.8205911049195617E-002   4.7911670795096332E-002   4.7680512513543195E-002   4.7514164434977593E-002   4.7413861383767679E-002   4.7380344360808416E-002
   4.7638882249506027E-002   4.7741485008540037E-002   4.7911665351022370E-002   4.8148186093867916E-002   4.8449314539406464E-002   4.8812822248987628E-002   4.9235985343169357E-002   4.9715585784293047E-002   5.0247914207679205E-002   5.0828774977651016E-002   5.1453494249099924E-002   5.2116931907481054E-002   5.2813498331463003E-002   5.3537176963257035E-002   5.4281553671680138E-002   5.5039853842327284E-002   5.5804988019150036E-002   5.6569606745787003E-002   5.7326165009813468E-002   5.8066996379208091E-002   5.8784396542792695E-002   5.9470715535125514E-002   6.0118457456472416E-002   6.0720386010576777E-002   6.1269633702855382E-002   6.1759812100083022E-002   6.2185120184002296E-002   6.2540447571520080E-002   6.2821469257298757E-002   6.3024728588496351E-002   6.3147705423095141E-002   6.3188866854478026E-002   6.3147698489732826E-002   6.3024715013778182E-002   6.2821449606729404E-002   6.2540422648631147E-002   6.2185090980851163E-002   6.1759779737746955E-002   6.1269599366637770E-002   6.0720350884876331E-002   6.0118422664034575E-002   5.9470682084741974E-002   5.8784365288526437E-002   5.8066967993017658E-002   5.7326139968168530E-002   5.6569585329646573E-002   5.5804970325637783E-002   5.5039839805677580E-002   5.4281543090595033E-002   5.3537169531715084E-002   5.2813493670221832E-002   5.2116929593948494E-002   5.1453493843830155E-002   5.0828776046360623E-002   5.0247916338295076E-002   4.9715588599075912E-002   4.9235988506366166E-002   4.8812825470737835E-002   4.8449317576766432E-002   4.8148188749844847E-002   4.7911667472451624E-002   4.7741486483526947E-002   4.7638883005011796E-002   4.7604599147357235E-002
   4.7925243294417268E-002   4.8030800177707778E-002   4.8205903074981418E-002   4.8449312736591713E-002   4.8759292072273037E-002   4.9133604442004541E-002   4.9569512074036974E-002   5.0063775091554859E-002   5.0612651753072044E-002   5.1211900638201496E-002   5.1856785634543358E-002   5.2542084695482473E-002   5.3262103433047110E-002   5.4010694673507408E-002   5.4781285124171367E-002   5.5566910266126021E-002   5.6360258488936693E-002   5.7153725311250153E-002   5.7939478280666597E-002   5.8709532815814945E-002   5.9455838846370936E-002   6.0170377630812961E-002   6.0845267600569471E-002   6.1472877512712548E-002   6.2045944618442025E-002   6.2557695005847125E-002   6.3001962794612246E-002   6.3373304494422064E-002   6.3667104635793906E-002   6.3879668784603300E-002   6.4008300289474407E-002   6.4051357594139324E-002   6.4008289659337150E-002   6.3879647939034875E-002   6.3667074378987859E-002   6.3373265971659612E-002   6.3001917424554785E-002   6.2557644398852918E-002   6.2045890487184611E-002   6.1472821581734907E-002   6.0845211521159792E-002   6.0170322906784077E-002   5.9455786775067999E-002   5.8709484447111299E-002   5.7939434395008468E-002   5.7153686416158658E-002   5.6360224831935583E-002   5.5566881860970307E-002   5.4781261786585003E-002   5.4010676062422741E-002   5.3262089093538793E-002   5.2542074100122974E-002   5.1856778220663480E-002   5.1211895839396136E-002   5.0612649024135502E-002   5.0063773926772401E-002   4.9569512019341934E-002   4.9133605101908423E-002   4.8759293112692441E-002   4.8449313884756408E-002   4.8205904117547528E-002   4.8030800958059124E-002   4.7925243709952575E-002   4.7889975306578819E-002
   4.8270733129347695E-002   4.8379893522430807E-002   4.8561002067507540E-002   4.8812818506666772E-002   4.9133602488731491E-002   4.9521110028161321E-002   4.9972589592676891E-002   5.0484778329332125E-002   5.1053899078162067E-002   5.1675658969134619E-002   5.2345250546151627E-002   5.3057356502760486E-002   5.3806159237082332E-002   5.4585356525422506E-002   5.5388184661318382E-002   5.6207450395717777E-002   5.7035572932112852E-002   5.7864637067549539E-002   5.8686458319251657E-002   5.9492660533382508E-002   6.0274766037280963E-002   6.1024297873734597E-002   6.1732893055152518E-002   6.2392425113524171E-002   6.2995133524790706E-002   6.3533756891454865E-002   6.4001666125717005E-002   6.4392993349759162E-002   6.4702751889328558E-002   6.4926942648276045E-002   6.5062642367085213E-002   6.5108069812037914E-002   6.5062626800803311E-002   6.4926912091970365E-002   6.4702707461661971E-002   6.4392936646742588E-002   6.4001599129496059E-002   6.3533681859905253E-002   6.2995052870158816E-002   6.2392341278874254E-002   6.1732808397136373E-002   6.1024214559234416E-002   6.0274685959909285E-002   5.9492585253825260E-002   5.8686389031223363E-002   5.7864574588922406E-002   5.7035517718806411E-002   5.6207402574380456E-002   5.5388144075825645E-002   5.4585322791809734E-002   5.3806131801698298E-002   5.3057334699071000E-002   5.2345233646599397E-002   5.1675646229604653E-002   5.1053889773754163E-002   5.0484771781174907E-002   4.9972585186344079E-002   4.9521107224829088E-002   4.9133600830546242E-002   4.8812817617903868E-002   4.8561001653042661E-002   4.8379893364869177E-002   4.8270733085911517E-002   4.8234263842152479E-002
   4.8672656266099623E-002   4.8786063336653147E-002   4.8974250841640997E-002   4.9235979456393929E-002   4.9569507932895274E-002   4.9972587371820247E-002   5.0442454521702568E-002   5.0975824644022102E-002   5.1568884640455649E-002   5.2217287308371614E-002   5.2916147766574988E-002   5.3660043265731268E-002   5.4443017754335979E-002   5.5258592696933360E-002   5.6099785720869016E-002   5.6959138685732734E-002   5.7828756711748891E-002   5.8700359557892087E-002   5.9565346498261743E-002   6.0414875499576519E-002   6.1239957049141515E-002   6.2031562419311098E-002   6.2780745483106817E-002   6.3478776424950992E-002   6.4117284841014741E-002   6.4688408833760438E-002   6.5184945835684793E-002   6.5600500132204406E-002   6.5929621494854082E-002   6.6167929089295183E-002   6.6312214977729864E-002   6.6360522143515427E-002   6.6312193022249791E-002   6.6167885960087033E-002   6.5929558710888778E-002   6.5600419863986889E-002   6.5184850784863302E-002   6.4688302086945870E-002   6.4117169708392985E-002   6.3478656275014533E-002   6.2780623584619458E-002   6.2031441800504530E-002   6.1239840382251207E-002   6.0414765016347044E-002   5.9565243939231786E-002   5.8700266155386351E-002   5.7828673203843717E-002   5.6959065356287274E-002   5.6099722459219743E-002   5.5258539070140153E-002   5.4442973084937979E-002   5.3660006708714375E-002   5.2916118380487702E-002   5.2217264117032383E-002   5.1568866683252640E-002   5.0975811014230946E-002   5.0442444393408982E-002   4.9972580016866670E-002   4.9569502729763758E-002   4.9235975893128441E-002   4.8974248514861422E-002   4.8786061948494185E-002   4.8672655620586078E-002   4.8634771389644636E-002
   4.9127837080170628E-002   4.9246124893528247E-002   4.9442450166783003E-002   4.9715577464137281E-002   5.0063768425253785E-002   5.0484773494618551E-002   5.0975821970410229E-002   5.1533610939632796E-002   5.2154293843583312E-002   5.2833469613446628E-002   5.3566173522951149E-002   5.4346871112728866E-002   5.5169456735146123E-002   5.6027258432507755E-002   5.6913050978451570E-002   5.7819078965478859E-002   5.8737091796229580E-002   5.9658392320022305E-002   6.0573900638997549E-002   6.1474234280200594E-002   6.2349805480400387E-002   6.3190935746913243E-002   6.3987987127583218E-002   6.4731508738795934E-002   6.5412396068588882E-002   6.6022059425240767E-002   6.6552596710159950E-002   6.6996964570399414E-002   6.7349141081337466E-002   6.7604272592681161E-002   6.7758797394929127E-002   6.7810539529051431E-002   6.7758767382812710E-002   6.7604213603867147E-002   6.7349055129375071E-002   6.6996854536616759E-002   6.6552466188306347E-002   6.6021912532279042E-002   6.5412237234912213E-002   6.4731342492148097E-002   6.3987817884819276E-002   6.3190767626508132E-002   6.2349642146424265E-002   6.1474078825524574E-002   6.0573755512028128E-002   5.9658259295603921E-002   5.8736971987856663E-002   5.7818972872973544E-002   5.6912958563086376E-002   5.6027179210370967E-002   5.5169389879405208E-002   5.4346815556244314E-002   5.3566128054209849E-002   5.2833432960732049E-002   5.2154264744377427E-002   5.1533588194187831E-002   5.0975804480044656E-002   5.0484760286475645E-002   5.0063758665987501E-002   4.9715570465299862E-002   4.9442445384661089E-002   4.9246121925905252E-002   4.9127835662074425E-002   4.9088325417236164E-002
   4.9632626847777771E-002   4.9756416653504928E-002   4.9961917881655576E-002   5.0247903066618319E-002   5.0612642104508290E-002   5.1053891090956219E-002   5.1568878664316968E-002   5.2154290446021351E-002   5.2806252368181400E-002   5.3520313901947086E-002   5.4291432440575008E-002   5.5113960336308276E-002   5.5981636324019833E-002   5.6887583269148834E-002   5.7824314334690624E-002   5.8783749755630006E-002   5.9757246425998327E-002   6.0735642433301269E-002   6.1709318507908506E-002   6.2668278078911233E-002   6.3602247223845151E-002   6.4500795238804212E-002   6.5353475800762395E-002   6.6149987707854616E-002   6.6880352943559263E-002   6.7535108331702218E-002   6.8105505405264111E-002   6.8583711452672058E-002   6.8963003253498564E-002   6.9237944040523802E-002   6.9404533989800760E-002   6.9460325233263412E-002   6.9404494061797065E-002   6.9237865524307926E-002   6.8962888756608998E-002   6.8583564711488257E-002   6.8105331089112153E-002   6.7534911803625183E-002   6.6880139993997098E-002   6.6149764278749551E-002   6.5353247717558099E-002   6.4500567966517458E-002   6.3602025660985106E-002   6.2668066399669556E-002   6.1709120058971896E-002   6.0735459687165233E-002   5.9757080988192560E-002   5.8783602419259423E-002   5.7824185172583108E-002   5.6887471752001109E-002   5.5981541452387533E-002   5.5113880775030294E-002   5.4291366646009108E-002   5.3520260234854851E-002   5.2806209187826907E-002   5.2154256183665745E-002   5.1568851876516754E-002   5.1053870494739938E-002   5.0612626597562618E-002   5.0247891736102140E-002   4.9961910005279525E-002   4.9756411696192070E-002   4.9632624456681450E-002   4.9591281537895965E-002
   5.0182913438773825E-002   5.0312809045947239E-002   5.0528496139485436E-002   5.0828760517154556E-002   5.1211887416067317E-002   5.1675647128278837E-002   5.2217277204678995E-002   5.2833461859281873E-002   5.3520309405877715E-002   5.4273328810595468E-002   5.5087406717891405E-002   5.5956786589460662E-002   5.6875051867628798E-002   5.7835115317775430E-002   5.8829216900728225E-002   5.9848932662435246E-002   6.0885197196470418E-002   6.1928342230938405E-002   6.2968153810493366E-002   6.3993950373841160E-002   6.4994683737881906E-002   6.5959064538747988E-002   6.6875712971039142E-002   6.7733334620699595E-002   6.8520919727765542E-002   6.9227962315898769E-002   6.9844693351730297E-002   7.0362319640551826E-002   7.0773257852587854E-002   7.1071351333620150E-002   7.1252056631383898E-002   7.1312587312393649E-002   7.1252004785226405E-002   7.1071249336346246E-002   7.0773109005615703E-002   7.0362128680636057E-002   6.9844466209478720E-002   6.9227705820264288E-002   6.8520641275943900E-002   6.7733041834324617E-002   6.6875413359567273E-002   6.5958765189617963E-002   6.4994391050556155E-002   6.3993669851285642E-002   6.2967889917155434E-002   6.1928098321081239E-002   6.0884975511224210E-002   5.9848734388689893E-002   5.8829042280630649E-002   5.7834963794631988E-002   5.6874922252762278E-002   5.5956677235060932E-002   5.5087315682879542E-002   5.4273254009540549E-002   5.3520248734516974E-002   5.2833413293673963E-002   5.2217238874051615E-002   5.1675617363956240E-002   5.1211864780382692E-002   5.0828743817001941E-002   5.0528484429271221E-002   5.0312801624327823E-002   5.0182909842881311E-002   5.0139533504567735E-002
   5.0774134315877809E-002   5.0910716501307011E-002   5.1137561806223163E-002   5.1453475850760245E-002   5.1856768103175806E-002   5.2345233976166528E-002   5.2916132500307404E-002   5.3566160201586846E-002   5.4291422050788476E-002   5.5087400631033505E-002   5.5948924974631553E-002   5.6870140834436395E-002   5.7844484458005163E-002   5.8864662205407654E-002   5.9922638578700983E-002   6.1009635406400982E-002   6.2116145052795266E-002   6.3231960609166846E-002   6.4346226079370933E-002   6.5447509587351613E-002   6.6523902568516161E-002   6.7563147673854046E-002   6.8552797579036415E-002   6.9480405878565535E-002   7.0333749587236358E-002   7.1101080359687860E-002   7.1771398401745581E-002   7.2334739416603594E-002   7.2782461273264445E-002   7.3107514075130983E-002   7.3304675695261001E-002   7.3370735265700190E-002   7.3304609859269482E-002   7.3107384502040657E-002   7.2782272053758049E-002   7.2334496426595549E-002   7.1771109010779335E-002   7.1100753073888995E-002   7.0333393649687118E-002   6.9480030851356192E-002   6.8552412931078680E-002   6.7562762397165105E-002   6.6523524843298903E-002   6.5447146512797441E-002   6.4345883482596511E-002   6.3231642939077806E-002   6.2115855359243320E-002   6.1009375398387418E-002   5.9922408749410357E-002   5.8864462007362964E-002   5.7844312509221986E-002   5.6869995136339210E-002   5.5948803124487564E-002   5.5087300015225153E-002   5.4291340009671958E-002   5.3566094161240405E-002   5.2916080070556433E-002   5.2345193017483388E-002   5.1856736767215722E-002   5.1453452600427954E-002   5.1137545421417685E-002   5.0910706076079268E-002   5.0774129251880427E-002   5.0728526529881121E-002
   5.1401293546983903E-002   5.1545113474261869E-002   5.1784040807868796E-002   5.2116908829103359E-002   5.2542061970589256E-002   5.3057334149030196E-002   5.3660021586279354E-002   5.4346850755334915E-002   5.5113942347891347E-002   5.5956772462148800E-002   5.6870132538739897E-002   5.7848089907973056E-002   5.8883951130244409E-002   5.9970230594304300E-002   6.1098627076175992E-002   6.2260011161499478E-002   6.3444426619334360E-002   6.4641109020692242E-002   6.5838525151701827E-002   6.7024437084127239E-002   6.8185995084664205E-002   6.9309863738030095E-002   7.0382385504324976E-002   7.1389785129161804E-002   7.2318416552731815E-002   7.3155050966777768E-002   7.3887200381313134E-002   7.4503465733954360E-002   7.4993892848559007E-002   7.5350314455165116E-002   7.5566653272136325E-002   7.5639160976647218E-002   7.5566571394660123E-002   7.5350153247948221E-002   7.4993657279318407E-002   7.4503162944401222E-002   7.3886839340685226E-002   7.3154642048566337E-002   7.2317971061454406E-002   7.1389314804753107E-002   7.0381902030777793E-002   6.9309378281145750E-002   6.8185517881593757E-002   6.7023977104658183E-002   6.5838089847453957E-002   6.4640704173045196E-002   6.3444056289967868E-002   6.2259677741447444E-002   6.1098331421357843E-002   5.9969972228868136E-002   5.8883728494813388E-002   5.7847900628605863E-002   5.6869973694063367E-002   5.5956640830120336E-002   5.5113834619084645E-002   5.4346763705515604E-002   5.3659952206472475E-002   5.3057279735675929E-002   5.2542020181434335E-002   5.2116877712162953E-002   5.1784018811287198E-002   5.1545099444475904E-002   5.1401286721545585E-002   5.1353274625896318E-002
   5.2058983571355792E-002   5.2210555239559725E-002   5.2462427276620559E-002   5.2813469709526807E-002   5.3262074484926085E-002   5.3806129869902790E-002   5.4442988200397557E-002   5.5169427620370755E-002   5.5981608731250909E-002   5.6875027390567823E-002   5.7844465240524702E-002   5.8883939885018562E-002   5.9986656940765937E-002   6.1144966447183764E-002   6.2350326331871507E-002   6.3593275822230858E-002   6.4863421926052628E-002   6.6149442451839791E-002   6.7439109577111009E-002   6.8719338733256516E-002   6.9976268504801778E-002   7.1195378153706843E-002   7.2361649933567043E-002   7.3459783069592791E-002   7.4474464590054718E-002   7.5390698603929884E-002   7.6194189871504753E-002   7.6871769804409157E-002   7.7411844180578768E-002   7.7804833377900062E-002   7.8043569855177811E-002   7.8123616028290460E-002   7.8043469989991135E-002   7.7804636687259093E-002   7.7411556591887490E-002   7.6871399841036525E-002   7.6193748244326190E-002   7.5390197715869856E-002   7.4473917985907884E-002   7.3459204862272184E-002   7.2361054234879915E-002   7.1194778534650380E-002   6.9975677508234330E-002   6.8718767460415706E-002   6.7438567367601898E-002   6.6148936672967049E-002   6.4862957880878272E-002   6.3592856776751097E-002   6.2349953651518512E-002   6.1144639823351166E-002   5.9986374681045188E-002   5.8883699237516976E-002   5.7844262723324845E-002   5.6874859101533531E-002   5.5981470619854180E-002   5.5169315710645955E-002   5.4442898761277961E-002   5.3806059535147104E-002   5.3262020329107075E-002   5.2813429289029774E-002   5.2462398645472197E-002   5.2210536949523628E-002   5.2058974664476794E-002   5.2008382691016479E-002
   5.2741412465098635E-002   5.2901204253899874E-002   5.3166808369071054E-002   5.3537141823003974E-002   5.4010658339199616E-002   5.4585318754590328E-002   5.5258553613876021E-002   5.6027218606930412E-002   5.6887543789358445E-002   5.7835077853589052E-002   5.8864629054605142E-002   5.9970204705389142E-002   6.1144951410596601E-002   6.2381098387947767E-002   6.3669906352472425E-002   6.5001624570564395E-002   6.6365458937870908E-002   6.7749554440979590E-002   6.9140996271163116E-002   7.0525835255323577E-002   7.1889145110892755E-002   7.3215121071496733E-002   7.4487231172606305E-002   7.5688432191691871E-002   7.6801461008141128E-002   7.7809208105939637E-002   7.8695172487881049E-002   7.9443986397306612E-002   8.0041984851634732E-002   8.0477781117941100E-002   8.0742798062322180E-002   8.0831700512674798E-002   8.0742678416597685E-002   8.0477545407301385E-002   8.0041640054263549E-002   7.9443542539035933E-002   7.8694642157704400E-002   7.7808605876818551E-002   7.6800802804254345E-002   7.5687734638174284E-002   7.4486510955999605E-002   7.3214394332521748E-002   7.1888426888212467E-002   7.0525138999627840E-002   6.9140333450878041E-002   6.7748934261026739E-002   6.6364888188757562E-002   6.5001107616085074E-002   6.3669445251829812E-002   6.2380693134858445E-002   6.1144600260886951E-002   5.9969904557943363E-002   5.8864375849260603E-002   5.7834866953312657E-002   5.6887370321423270E-002   5.6027077747025908E-002   5.5258440806360186E-002   5.4585229870073866E-002   5.4010589776552057E-002   5.3537090566455330E-002   5.3166772012532511E-002   5.2901181004369587E-002   5.2741401135557878E-002   5.2688074073469177E-002
   5.3442437419197956E-002   5.3610862851186360E-002   5.3890895614191636E-002   5.4281510945782298E-002   5.4781240129643312E-002   5.5388136962541454E-002   5.6099735292080934E-002   5.6912998293606097E-002   5.7824260451747905E-002   5.8829163534814051E-002   5.9922588156900748E-002   6.1098582765297206E-002   6.2350292029568759E-002   6.3669886632007469E-002   6.5048496406283268E-002   6.6476148751332106E-002   6.7941714445620013E-002   6.9432863645606788E-002   7.0936036222277787E-002   7.2436432846162468E-002   7.3918036364743589E-002   7.5363676719956391E-002   7.6755156243039094E-002   7.8073454569185768E-002   7.9299032282144716E-002   8.0412248322028257E-002   8.1393897043847571E-002   8.2225856155499363E-002   8.2891817256976266E-002   8.3378048612420763E-002   8.3674119474445044E-002   8.3773503117498357E-002   8.3673978372416496E-002   8.3377770602546114E-002   8.2891410499236137E-002   8.2225332343540694E-002   8.1393270815491400E-002   8.0411536571020764E-002   7.9298253428570747E-002   7.8072627833306679E-002   7.6754300949774229E-002   7.5362811646703984E-002   7.3917179139213335E-002   7.2435599404083728E-002   7.0935240343385622E-002   6.9432116594063079E-002   6.7941024742639203E-002   6.6475522100865436E-002   6.5047935780328109E-002   6.3669392504225250E-002   6.2349862729084701E-002   6.1098214910721559E-002   5.9922277125851638E-002   5.8828903926598182E-002   5.7824046508818665E-002   5.6912824258568778E-002   5.6099595688876194E-002   5.5388026801020868E-002   5.4781155040828061E-002   5.4281447260212126E-002   5.3890850398073953E-002   5.3610833915060108E-002   5.3442423312180812E-002   5.3386224306644720E-002
   5.4155605067990872E-002   5.4333012967599605E-002   5.4628063585948766E-002   5.5039802398649904E-002   5.5566855259070805E-002   5.6207391149541479E-002   5.6959074978796660E-002   5.7819011132470545E-002   5.8783678784329350E-002   5.9848860278661965E-002   6.1009564138660669E-002   6.2259944374930341E-002   6.3593217710064237E-002   6.5001580090889077E-002   6.6476123498042480E-002   6.8006753757107574E-002   6.9582110096616384E-002   7.1189487968998807E-002   7.2814768558719670E-002   7.4442361761152653E-002   7.6055174287677066E-002   7.7634620577864827E-002   7.9160700469607714E-002   8.0612172608623148E-002   8.1966854449384091E-002   8.3202076374607428E-002   8.4295307218500551E-002   8.5224950272610192E-002   8.5971282514729824E-002   8.6517476521230860E-002   8.6850608486279526E-002   8.6962526438181281E-002   8.6850444192879447E-002   8.6517152867750080E-002   8.5970809070505957E-002   8.5224340683022010E-002   8.4294578453768254E-002   8.3201247879800835E-002   8.1965947283822491E-002   8.0611208636830439E-002   7.9159701630163309E-002   7.7633608225841103E-002   7.6054168592301713E-002   7.4441381145810559E-002   7.2813829189385101E-002   7.1188603318556781E-002   6.9581290625672490E-002   6.8006006750938694E-002   6.6475453084606603E-002   6.5000987441442226E-002   6.3592701399160068E-002   6.2259500856929946E-002   6.1009188287345952E-002   5.9848545936034094E-002   5.8783419272535851E-002   5.7818799695918667E-002   5.6958905138440222E-002   5.6207256965195178E-002   5.5566751506538982E-002   5.5039724675656605E-002   5.4628008364386138E-002   5.4332977610076050E-002   5.4155587824883847E-002   5.4096401634678007E-002
   5.4874199181907800E-002   5.5060863471165372E-002   5.5371396577955236E-002   5.5804926697560264E-002   5.6360192082133630E-002   5.7035500475294952E-002   5.7828677739374654E-002   5.8737006457896458E-002   5.9757155597327812E-002   6.0885102577750809E-002   6.2116049245448543E-002   6.3444333167725034E-002   6.4863335310151704E-002   6.6365384501410676E-002   6.7941658245369657E-002   6.9582078662091817E-002   7.1275202058876191E-002   7.3008101423183119E-002   7.4766243618700753E-002   7.6533367770918320E-002   7.8291378430454500E-002   8.0020276194934709E-002   8.1698158355758915E-002   8.3301330780474178E-002   8.4804577024669259E-002   8.6181628998038537E-002   8.7405873576932025E-002   8.8451310463316918E-002   8.9293747011917057E-002   8.9912172199098625E-002   9.0290191555845944E-002   9.0417335656353126E-002   9.0290001906667264E-002   8.9911798797435064E-002   8.9293201248253795E-002   8.8450608455445015E-002   8.7405035153236540E-002   8.6180676585083854E-002   8.4803534584171475E-002   8.3300222891874637E-002   8.1697009472844376E-002   8.0019110044140723E-002   7.8290217486907301E-002   7.6532232754138146E-002   7.4765152984558408E-002   7.3007070872910418E-002   7.1274244119946456E-002   6.9581202407444642E-002   6.7940869205078358E-002   6.6364684791398260E-002   6.4862723966991276E-002   6.3443806647478798E-002   6.2115602024911919E-002   6.0884727790767361E-002   5.9756845645442015E-002   5.8736753549509378E-002   5.7828474330043504E-002   5.7035339599758809E-002   5.6360067583269183E-002   5.5804833367454877E-002   5.5371330231533573E-002   5.5060820974007739E-002   5.4874178452089438E-002   5.4811914821928875E-002
   5.5591296062556174E-002   5.5787405494040362E-002   5.6113743780639838E-002   5.6569534403307684E-002   5.7153646135664121E-002   5.7864549755921348E-002   5.8700263352471929E-002   5.9658287139293560E-002   6.0735528998983004E-002   6.1928222182734492E-002   6.3231836595663157E-002   6.4640984751438216E-002   6.6149322692821241E-002   6.7749444934154870E-002   6.9432770933929605E-002   7.1189419112481458E-002   7.3008063600017117E-002   7.4875769558415392E-002   7.6777805991604969E-002   7.8697441247901137E-002   8.0615736282508510E-002   8.2511363710155800E-002   8.4360495055648924E-002   8.6136811412190012E-002   8.7811700188663772E-002   8.9354699884489297E-002   9.0734246248078604E-002   9.1918760857667134E-002   9.2878108384116267E-002   9.3585416197425289E-002   9.4019165623347500E-002   9.4165307815576665E-002   9.4018947422682228E-002   9.3584987036334860E-002   9.2877482194876224E-002   9.1917957160782340E-002   9.0733288686863478E-002   8.9353614672670459E-002   8.7810514714552590E-002   8.6135553154842115E-002   8.4359190850809174E-002   8.2510039291917303E-002   8.0614415960906363E-002   7.8696147583634482E-002   7.6776559386091306E-002   7.4874587758193584E-002   7.3006961183952251E-002   7.1188407065154988E-002   6.9431856403521452E-002   6.7748631237263018E-002   6.6148609578692674E-002   6.4640368890674565E-002   6.3231312225259725E-002   6.1927781825110585E-002   6.0735164176206828E-002   5.9657989019913371E-002   5.8700023290819393E-002   5.7864359706664828E-002   5.7153498945694207E-002   5.6569423996669782E-002   5.6113665259822441E-002   5.5787355183238921E-002   5.5591271516845731E-002   5.5525868564543127E-002
   5.6299827750467595E-002   5.6505475933725013E-002   5.6847783223130159E-002   5.7326080572720747E-002   5.7939385046649368E-002   5.8686354600128762E-002   5.9565231197734880E-002   6.0573773400657151E-002   6.1709179860802196E-002   6.2968005303036589E-002   6.4346070388123455E-002   6.5838366147138519E-002   6.7438952324609253E-002   6.9140846942987000E-002   7.0935901896638912E-002   7.2814656886452972E-002   7.4766162347911752E-002   7.6777762356345633E-002   7.8834832142143582E-002   8.0920473031700302E-002   8.3015180968642299E-002   8.5096522604469899E-002   8.7138872520385505E-002   8.9113281082587731E-002   9.0987547779382782E-002   9.2726565811203795E-002   9.4292988953994364E-002   9.5648279581978177E-002   9.6754256341512940E-002   9.7575337987185401E-002   9.8081636925179461E-002   9.8252749806940140E-002   9.8081385081137534E-002   9.7574843477404166E-002   9.6753536858208075E-002   9.5647359650330013E-002   9.4291897679442960E-002   9.2725334596942058E-002   9.0986208397209098E-002   8.9111864325979534E-002   8.7137407496054753E-002   8.5095036534450455E-002   8.3013699248441250E-002   8.0919019273262477E-002   7.8833428016368862E-002   7.6776427186699775E-002   7.4764912533229727E-002   7.2813505305545839E-002   7.0934857457470260E-002   6.9139914397304797E-002   6.7438132400001932E-002   6.5837655978263451E-002   6.4345464175887226E-002   6.2967495103256541E-002   6.1708756401785796E-002   6.0573426845799999E-002   5.9564951796019519E-002   5.8686133196271174E-002   5.7939213447788081E-002   5.7325951786862402E-002   5.6847691595275494E-002   5.6505417209497817E-002   5.6299799095723121E-002   5.6231226596023275E-002
   5.6992652879369408E-002   5.7207829004628639E-002   5.7566094444273803E-002   5.8066898899977279E-002   5.8709424379954786E-002   5.9492539024610248E-002   6.0414739441097910E-002   6.1474083001788880E-002   6.2668111884016053E-002   6.3993770696477895E-002   6.5447319123226683E-002   6.7024239874791169E-002   6.8719140176814922E-002   7.0525642013597289E-002   7.2436252617788480E-002   7.4442202894708306E-002   7.6533238703132347E-002   7.8697349769792452E-002   8.0920425408917682E-002   8.3185837035515395E-002   8.5473965820746539E-002   8.7761718730307192E-002   9.0022102246450672E-002   9.2223938021113658E-002   9.4331789764805940E-002   9.6306112707201533E-002   9.8103563630043647E-002   9.9677436140873196E-002  0.10097848646285863       0.10195697577978957       0.10256710146636601       0.10277465004132130       0.10256680771996557       0.10195640022073621       0.10097765267978792        9.9676376468862127E-002   9.8102315354980568E-002   9.6304714632771043E-002   9.4330279552049520E-002   9.2222350492641020E-002   9.0020468726711253E-002   8.7760067252535864E-002   8.5472321801705053E-002   8.3184223950419980E-002   8.0918865113011190E-002   7.8695862329874508E-002   7.6531841816824681E-002   7.4440911113335714E-002   7.2435076626244141E-002   7.0524588173955599E-002   6.8718210448996703E-002   6.7023432126227037E-002   6.5446627758751610E-002   6.3993187493426376E-002   6.2667626906276391E-002   6.1473685482394597E-002   6.0414418554266956E-002   5.9492284504010451E-002   5.8709226972275180E-002   5.8066750667093242E-002   5.7565988942036982E-002   5.7207761372381601E-002   5.6992619873572910E-002   5.6920882305140363E-002
   5.7662634692893504E-002   5.7887215390732924E-002   5.8261239506178245E-002   5.8784285259169372E-002   5.9455714280795754E-002   6.0274625609108602E-002   6.1239798865959108E-002   6.2349628526631673E-002   6.3602051552926642E-002   6.4994470656766973E-002   6.6523674796751281E-002   6.8185756863106822E-002   6.9976025622147428E-002   7.1888904811063262E-002   7.3917807096849697E-002   7.6054965264785113E-002   7.8291198975203730E-002   8.0615594956627790E-002   8.3015084507194609E-002   8.5473917916004782E-002   8.7973063428547771E-002   9.0489597636319197E-002   9.2996193692674742E-002   9.5460821782781244E-002   9.7846691543816811E-002  0.10011222022301471       0.10221044230985354       0.10408716685452382       0.10567813668670190       0.10690777757156458       0.10769415586268057       0.10796570579406381       0.10769380634877107       0.10690709389738029       0.10567715293191765       0.10408592881782401       0.10220899996976619       0.10011062280110307        9.7844984393661683E-002   9.5459044548909841E-002   9.2994379795770021E-002   9.0487775026692779E-002   8.7971256127986161E-002   8.5472147638065876E-002   8.3013371749583467E-002   8.0613959276609207E-002   7.8289658502827708E-002   7.6053535745550432E-002   7.3916500838885554E-002   7.1887729863851502E-002   6.9974985389415559E-002   6.8184850209813075E-002   6.6522896591731981E-002   6.4993812619904473E-002   6.3601503250954122E-002   6.2349178374894745E-002   6.1239435029406840E-002   6.0274336739737235E-002   5.9455490069647447E-002   5.8784116812426353E-002   5.8261119574706852E-002   5.7887138491354476E-002   5.7662597159940224E-002   5.7587736370899492E-002
   5.8302725391533056E-002   5.8536468184743805E-002   5.8925851570180120E-002   5.9470589928101149E-002   6.0170236291164775E-002   6.1024137729006535E-002   6.2031381135398037E-002   6.3190731940932512E-002   6.4500568700361860E-002   6.5958816447459698E-002   6.7562880793088920E-002   6.9309582555938179E-002   7.1195088933810907E-002   7.3214831768337235E-002   7.5363396712896810E-002   7.7634360180558207E-002   8.0020045910341189E-002   8.2511173220014486E-002   8.5096379502643968E-002   8.7761627023029101E-002   9.0489556031765381E-002   9.3258925339648302E-002   9.6044368628306023E-002   9.8816709823379395E-002  0.10154382483741681       0.10419119037562921       0.10671969111413367       0.10907700651114946       0.11118127017463617       0.11290435410991882       0.11406951989581456       0.11448490875273820       0.11406908858470355       0.11290350759765426       0.11118006713875268       0.10907552100304858       0.10671799386739793       0.10418934378094201       0.10154188231846427        9.8814715403856113E-002   9.6042356913123766E-002   9.3256922785067572E-002   9.0487583415234843E-002   8.7759702235970002E-002   8.5094519703140345E-002   8.2509395790257622E-002   8.0018368193069747E-002   7.7632798360260075E-002   7.5361964368968998E-002   7.3213538586610283E-002   7.1193939901769657E-002   6.9308577771369631E-002   6.7562015848336460E-002   6.5958083243531418E-002   6.4499956501602326E-002   6.3190228489329328E-002   6.2030973684052818E-002   6.1023813907387335E-002   6.0169984765686989E-002   5.9470400861667432E-002   5.8925716910312981E-002   5.8536381822469827E-002   5.8302683234871464E-002   5.8224780576990570E-002
   5.8906055614705896E-002   5.9148594414578141E-002   5.9552729834830308E-002   6.0118317303635670E-002   6.0845109188508037E-002   6.1732712802881999E-002   6.2780540599599741E-002   6.3987755851811573E-002   6.5353217656399523E-002   6.6875429022956664E-002   6.8552490669329225E-002   7.0382060434798180E-002   7.2361313550833931E-002   7.4486892303488386E-002   7.6754825424774437E-002   7.9160389424103653E-002   8.1697879170394061E-002   8.4360259051170089E-002   8.7138688798909833E-002   9.0021975902802143E-002   9.2996123624562721E-002   9.6044344802628800E-002   9.9148183000333498E-002  0.10229055119228998       0.10546097621438273       0.10866084312376646       0.11190051794117670       0.11517283238837679       0.11839135243214002       0.12131480210106976       0.12349967325743715       0.12431892568913298       0.12349910284072775       0.12131364960800363       0.11838975950206188       0.11517094970997048       0.11189845258931182       0.10865866722000592       0.10545874312048828       0.10228830271269458        9.9145950641319563E-002   9.6042150555971761E-002   9.2993982476023571E-002   9.0019899468952114E-002   8.7136688598609860E-002   8.4358348324830676E-002   8.1696072974883557E-002   7.9158703388519699E-002   7.6753273858672921E-002   7.4485486340270593E-002   7.2360059810499547E-002   7.0380960430636186E-002   6.8551540953872420E-002   6.6874621915633981E-002   6.5352542327043142E-002   6.3987199535064737E-002   6.2780089759900973E-002   6.1732354132857652E-002   6.0844830386002850E-002   6.0118107622732800E-002   5.9552580439523300E-002   5.9148498580656399E-002   5.8906008828967148E-002   5.8825186612429865E-002
   5.9466027503763057E-002   5.9716870573667924E-002   6.0134939208400011E-002   6.0720231431243027E-002   6.1472702128736401E-002   6.2392224830857004E-002   6.3478547992424444E-002   6.4731250018175743E-002   6.6149697966333854E-002   6.7733014832485200E-002   6.9480059011221409E-002   7.1389416377626400E-002   7.3459399988070093E-002   7.5688044663867624E-002   7.8073074554125738E-002   8.0611813606301930E-002   8.3301006976865544E-002   8.6136536481568854E-002   8.9113066624669765E-002   9.2223791560070101E-002   9.5460744118023633E-002   9.8816691299764225E-002  0.10229056629043676       0.10589943328422076       0.10969967772949249       0.11381403218805453       0.11844103166933953       0.12378753622521932       0.12985789238098724       0.13617311488078329       0.14156022791307374       0.14368720268091423       0.14155938641553489       0.13617118873871326       0.12985538949916134       0.12378485501783110       0.11843834139064070       0.11381137793585025       0.10969707041560393       0.10589688367507598       0.10228808728301286        9.8814292838729209E-002   9.5458431344420711E-002   9.2221567010856001E-002   8.9110933827292238E-002   8.6134502526128004E-002   8.3299083047154346E-002   8.0610013660444332E-002   7.8071412962282066E-002   7.5686533701463291E-002   7.3458047861698031E-002   7.1388226129953505E-002   6.9479028348139613E-002   6.7732136707702104E-002   6.6148961659169656E-002   6.4730642430750482E-002   6.3478054940583242E-002   6.2391832177083786E-002   6.1472396680373437E-002   6.0720001588726147E-002   6.0134775389852915E-002   5.9716765464187971E-002   5.9465976183578920E-002   5.9382398314490908E-002
   5.9976409458100538E-002   6.0234940209880204E-002   6.0665912678685381E-002   6.1269465191578200E-002   6.2045752801074508E-002   6.2994913802721431E-002   6.4117033512136740E-002   6.5412110629820053E-002   6.6880032425039093E-002   6.8520565045192827E-002   7.0333363886231515E-002   7.2318005504496935E-002   7.4474036583296571E-002   7.6801027172090849E-002   7.9298606274397998E-002   8.1966451954059771E-002   8.4804214929853114E-002   8.7811395434214443E-002   9.0987315852864598E-002   9.4331642712115915E-002   9.7846635070447843E-002  0.10154385357293266       0.10546106572713912       0.10969977240586795       0.11449755288742509       0.12033961355662416       0.12805520114131599       0.13868821518536439       0.15278773886606128       0.16941517150719237       0.18580370374216729       0.19248762189023708       0.18580238781597672       0.16941074132003828       0.15278256980957419       0.13868352248386603       0.12805120579200011       0.12033614923867052       0.11449442401924488       0.10969685937833497       0.10545831449651900       0.10154124196193644        9.7844150713934333E-002   9.4329275812681537E-002   9.0985059953032549E-002   8.7809249848698576E-002   8.4802185610359210E-002   8.1964550154912802E-002   7.9296845744141350E-002   7.6799420960415712E-002   7.4472594358561225E-002   7.2316731877657206E-002   7.0332257849792204E-002   6.8519620362370123E-002   6.6879238666981616E-002   6.5411454535282479E-002   6.4116500394624659E-002   6.2994488815009894E-002   6.2045421955532067E-002   6.1269216108291107E-002   6.0665735084110467E-002   6.0234826236408988E-002   5.9976353803435849E-002   5.9890225485558751E-002
   6.0431430411011546E-002   6.0696911313335551E-002   6.1139553977698741E-002   6.1759630545630058E-002   6.2557487753828384E-002   6.3533518860428476E-002   6.4688135891920129E-002   6.6021748727077181E-002   6.7534758696803282E-002   6.9227574636471639E-002   7.1100658009283627E-002   7.3154600166455586E-002   7.5390228686843419E-002   7.7808731612332566E-002   8.0411780860645085E-002   8.3201636209262464E-002   8.6181236358304839E-002   8.9354376037870886E-002   9.2726331915278723E-002   9.6305988269727874E-002  0.10011222045567487       0.10419132067431941       0.10866108761801159       0.11381433372086416       0.12033985098751208       0.12972692679471867       0.14479144910053149       0.16966562826920759       0.20734260898911522       0.25572034335418081       0.31190044273867645       0.33479514843347308       0.31189927341254819       0.25570657525385693       0.20732877246577067       0.16965518953292841       0.14478425815827198       0.12972183583722205       0.12033589615406642       0.11381096118879765       0.10865804152993537       0.10418849624960576       0.10010957195957323        9.6303489400931030E-002   9.2723965092688529E-002   8.9352132105280591E-002   8.6179115308544607E-002   8.3199645903618738E-002   8.0409933883900553E-002   7.7807041437188612E-002   7.5388706271043576E-002   7.3153251656706400E-002   7.1099483747263603E-002   6.9226569313208752E-002   6.7533912319285169E-002   6.6021048019736517E-002   6.4687565807060629E-002   6.3533063967111503E-002   6.2557133376909851E-002   6.1759363612757717E-002   6.1139363592314783E-002   6.0696789105387575E-002   6.0431370728519840E-002   6.0342937139472218E-002
   6.0825871237229941E-002   6.1097451000997269E-002   6.1550337846983612E-002   6.2184926871611472E-002   6.3001741569633493E-002   6.4001411458382701E-002   6.5184653196671924E-002   6.6552262941860521E-002   6.8105129146460108E-002   6.9844275502639802E-002   7.1770942600911158E-002   7.3886713448267000E-002   7.6193682153819206E-002   7.8694658045378715E-002   8.1393393616195381E-002   8.4294835964452530E-002   8.7405458645024955E-002   9.0733914314800809E-002   9.4292768861881857E-002   9.8103485972939108E-002  0.10221053785732073       0.10671998479847186       0.11190101164349708       0.11844166714877806       0.12805580803294353       0.14479175477602457       0.17734563513981416       0.24096976040194795       0.34847461544002273       0.48664340536045136       0.67658436897747887       0.74520582713190553       0.67658958341520459       0.48659522019856527       0.34843355437310075       0.24094266812686546       0.17733016421532130       0.14478303545812743       0.12805036163051453       0.11843766099032522       0.11189764858203673       0.10671696197217892       0.10220774408579468        9.8100872398734967E-002   9.4290306936615109E-002   9.0731587160244709E-002   8.7403260572297636E-002   8.4292771335467004E-002   8.1391473593771649E-002   7.8692896269020401E-002   7.6192090686282576E-002   7.3885299877100741E-002   7.1769708603296650E-002   6.9843216746660525E-002   6.8104236166854487E-002   6.6551522564955917E-002   6.5184050139103292E-002   6.4000929829034173E-002   6.3001366119454838E-002   6.2184643934358061E-002   6.1550135983570321E-002   6.1097321399834148E-002   6.0825807937364203E-002   6.0735351827176688E-002
   6.1155150780970891E-002   6.1431874849034153E-002   6.1893405019096022E-002   6.2540244167190909E-002   6.3373071203064221E-002   6.4392724239531685E-002   6.5600190317784857E-002   6.6996610617736665E-002   6.8583311848608330E-002   7.0361875314826197E-002   7.2334254287001382E-002   7.4502947226899291E-002   7.6871229288797013E-002   7.9443439468840249E-002   8.2225322736394074E-002   8.5224454562663213E-002   8.8450880899675746E-002   9.1918430384835798E-002   9.5648086579654193E-002   9.9677425961878480E-002  0.10408739228373824       0.10907752100400586       0.11517366060695645       0.12378859320303817       0.13868914961607023       0.16966568646366487       0.24096832603548873       0.40528686627690980       0.69172823565430142       0.86755341304090605       0.96001236791787514       0.98861098943458692       0.96000767709000279       0.86752270639034856       0.69165078523228940       0.40521719161824027       0.24093210089157607       0.16964880226337231       0.13868084246789783       0.12378363343355996       0.11516995093209488       0.10907432948816129       0.10408448488390362        9.9674722449388797E-002   9.5645549112070488E-002   9.1916036763641781E-002   8.8448621171179173E-002   8.5222330161956281E-002   8.2223343498794066E-002   7.9441619084094361E-002   7.6869580752209316E-002   7.4501479417885819E-002   7.2332970126542148E-002   7.0360771421003776E-002   6.8582379314400282E-002   6.6995836445424034E-002   6.5599559090004145E-002   6.4392219719294444E-002   6.3372677681900261E-002   6.2539947490221945E-002   6.1893193294227176E-002   6.1431738892786580E-002   6.1155084370822906E-002   6.1062922575921767E-002
   6.1415403978428582E-002   6.1696228192330081E-002   6.2164648967406151E-002   6.2821257773943637E-002   6.3666861590589416E-002   6.4702471004916079E-002   6.5929297578911791E-002   6.7348770461820612E-002   6.8962584289677692E-002   7.0772791509945032E-002   7.2781951732415015E-002   7.4993348099210044E-002   7.7411276538473434E-002   8.0041411342710436E-002   8.2891259858409561E-002   8.5970768351100041E-002   8.9293308793243556E-002   9.2877785615919042E-002   9.6754097971351885E-002  0.10097855509818654       0.10567851177417498       0.11118203874311432       0.11839255303290837       0.12985932811130596       0.15278850100073885       0.20734019981061283       0.34846480479788466       0.69171927504139208       0.92646298630221868        1.0281227694588084        1.0720119509695794        1.0845625500463971        1.0720074088400959        1.0281058596350208       0.92641741162369062       0.69160869989444607       0.34838218005253407       0.20730619986763568       0.15277495136363128       0.12985292343098909       0.11838845930239557       0.11117872048849223       0.10567553156623241       0.10097579138192525        9.6751506761208347E-002   9.2875343019438811E-002   8.9291002826437732E-002   8.5968598609856783E-002   8.2889235234340899E-002   8.0039545582477112E-002   7.7409583409299071E-002   7.4991837572006115E-002   7.2780627803033390E-002   7.0771651641392139E-002   6.8961620098653795E-002   6.7347969153908754E-002   6.5928643675761650E-002   6.4701948024186204E-002   6.3666453475725457E-002   6.2820949990032099E-002   6.2164429265219708E-002   6.1696087092920585E-002   6.1415335050510354E-002   6.1321813966632284E-002
   6.1603549653015739E-002   6.1887356807742426E-002   6.2360791558671323E-002   6.3024511334891953E-002   6.3879418645415811E-002   6.4926653065796175E-002   6.6167594618878833E-002   6.7603889363527236E-002   6.9237510301861940E-002   7.1070868074740903E-002   7.3106985688678558E-002   7.5349749393268509E-002   7.7804244739062861E-002   8.0477187115776255E-002   8.3377472941269529E-002   8.6516948782383973E-002   8.9911728814785208E-002   9.3585102599390152E-002   9.7575213111631420E-002  0.10195711919801104       0.10690829526655245       0.11290536321500531       0.12131632682829116       0.13617469236376437       0.16941462710672769       0.25571047101412364       0.48660624818843101       0.86753950641553201        1.0281202124604771        1.0904780477949536        1.1147037130047519        1.1211773820640720        1.1147005494263982        1.0904675005959137        1.0280900936242310       0.86745591645074061       0.48642266976577059       0.25564510692644016       0.16939301711657939       0.13616641083515657       0.12131184802376362       0.11290196841937768       0.10690528319273673       0.10195432403499527        9.7572589103310153E-002   9.3582627754857206E-002   8.9909391321846777E-002   8.6514747564817432E-002   8.3375416426307344E-002   8.0475289161524341E-002   7.7802519712875065E-002   7.5348208103487302E-002   7.3105632964072326E-002   7.1069702044894836E-002   6.9236523010859238E-002   6.7603068202088071E-002   6.6166924091524942E-002   6.4926116529911024E-002   6.3878999802265801E-002   6.3024195379016920E-002   6.2360565983671491E-002   6.1887211920521421E-002   6.1603478870415250E-002   6.1508968980480000E-002
   6.1717345788461386E-002   6.2002964629203718E-002   6.2479444980345474E-002   6.3147484937643480E-002   6.4008045987577325E-002   6.5062347482680360E-002   6.6311873872683280E-002   6.7758406038588584E-002   6.9404090531543103E-002   7.1251562054635523E-002   7.3304134521284481E-002   7.5566074261047056E-002   7.8042966640553130E-002   8.0742189673860446E-002   8.3673530781726818E-002   8.6850070778698746E-002   9.0289743801634265E-002   9.4018857412270604E-002   9.8081534436311610E-002  0.10256729688111929       0.10769477450495576       0.11407069540151876       0.12350138099580811       0.14156161843090756       0.18580083830961119       0.31187929927265384       0.67651043461695659       0.95999140338258449        1.0720079417026096        1.1147034433618617        1.1305798725953033        1.1346577441864527        1.1305775643255023        1.1146954790768582        1.0719825116757877       0.95990924905582542       0.67624898610755002       0.31178462035317411       0.18577228754625022       0.14155187423150473       0.12349665573895414       0.11406727763012654       0.10769175951540483       0.10256449094300388        9.8078894385520823E-002   9.4016364861001303E-002   9.0287388207010613E-002   8.6847851124266628E-002   8.3671455377831896E-002   8.0740272501734614E-002   7.8041222457069015E-002   7.5564514404229594E-002   7.3302764348214824E-002   7.1250380122184487E-002   6.9403089163463744E-002   6.7757572754318665E-002   6.6311193178382938E-002   6.5061802646559641E-002   6.4007620568869092E-002   6.3147163969367606E-002   6.2479215801231190E-002   6.2002817416568573E-002   6.1717273866989698E-002   6.1622163470793738E-002
   6.1755430428927206E-002   6.2041656504156495E-002   6.2519157705019562E-002   6.3188645826733530E-002   6.4051102242386776E-002   6.5107773238931424E-002   6.6360178579303736E-002   6.7810144821712659E-002   6.9459877436654868E-002   7.1312087360557580E-002   7.3370187700018893E-002   7.5638574670227457E-002   7.8123004839859539E-002   8.0831083821466226E-002   8.3772906275469849E-002   8.6961981374489156E-002   9.0416882230273998E-002   9.4164997026359040E-002   9.8252650329304650E-002  0.10277485837769139       0.10796635256417518       0.11448612238695501       0.12432060645090115       0.14368811303552062       0.19248227620615935       0.33476469788215080       0.74511614371019164       0.98858311083309325        1.0845564914575425        1.1211766937428573        1.1346577404941738        1.1380789649701322        1.1346557362431069        1.1211696552880381        1.0845336130284342       0.98851050750883285       0.74490370876341039       0.33467171914002630       0.19245302529004824       0.14367812171221095       0.12431584479798911       0.11448271007398604       0.10796334152510052       0.10277205079262432        9.8250005664129905E-002   9.4162498826632079E-002   9.0414520676664945E-002   8.6959755582727311E-002   8.3770824553349180E-002   8.0829160201353611E-002   7.8121254211921246E-002   7.5637008552326093E-002   7.3368811629643649E-002   7.1310900041841416E-002   6.9458871291184748E-002   6.7809307415694881E-002   6.6359494422339682E-002   6.5107225571451321E-002   6.4050674577428690E-002   6.3188323144041519E-002   6.2518927291886697E-002   6.2041508494692338E-002   6.1755358117016872E-002   6.1660046454711889E-002
   6.1717346802334698E-002   6.2002964477362525E-002   6.2479442782295815E-002   6.3147479673411236E-002   6.4008036452606540E-002   6.5062332255477570E-002   6.6311851301144503E-002   6.7758374251403103E-002   6.9404047480073561E-002   7.1251505587226024E-002   7.3304062485038179E-002   7.5565984615117196E-002   7.8042857550314856E-002   8.0742059539380712E-002   8.3673378142284885E-002   8.6849894037149600E-002   9.0289540738962948E-002   9.4018624509480023E-002   9.8081265996391914E-002  0.10256698338462225       0.10769439661220856       0.11407019700935529       0.12350055294104917       0.14155962364041805       0.18579434047344001       0.31185541093544816       0.67643256312900935       0.95996293127665078        1.0719969811926966        1.1146984451158775        1.1305769484926305        1.1346553797538588        1.1305746423224177        1.1146904818913219        1.0719715365236597       0.95988068172417051       0.67617066804955472       0.31176062831618900       0.18576577610978084       0.14154988119044506       0.12349583011229838       0.11406678043409781       0.10769138191052113       0.10256417728536647        9.8078625622078835E-002   9.4016131612701184E-002   9.0287184830977127E-002   8.6847674112484036E-002   8.3671302504430778E-002   8.0740142158198802E-002   7.8041113172898413E-002   7.5564424573362488E-002   7.3302692133534131E-002   7.1250323483096817E-002   6.9403045948984415E-002   6.7757540815422040E-002   6.6311170469112862E-002   6.5061787297948454E-002   6.4007610930652589E-002   6.3147158621375127E-002   6.2479213539783550E-002   6.2002817222225656E-002   6.1717274859549309E-002   6.1622164856368386E-002
   6.1603551790588892E-002   6.1887356655242462E-002   6.2360787385552660E-002   6.3024501135495375E-002   6.3879400049653312E-002   6.4926623274615444E-002   6.6167550376138445E-002   6.7603826976894224E-002   6.9237425723552876E-002   7.1070757046426167E-002   7.3106843941703470E-002   7.5349572874263124E-002   7.7804029802699071E-002   8.0476930595273735E-002   8.3377171983433099E-002   8.6516600334685487E-002   8.9911328697317328E-002   9.3584644180405158E-002   9.7574685591323068E-002  0.10195650468950489       0.10690755943775584       0.11290441576420494       0.12131485758709326       0.13617152977426408       0.16940532747295883       0.25567858393253756       0.48649908927315283       0.86747990689423604        1.0280931417667623        1.0904637564553707        1.1146940127144302        1.1211690980603513        1.1146908516729228        1.0904532089752328        1.0280630017226109       0.86739622488059365       0.48631532556030310       0.25561317668584155       0.16938371782505734       0.13616325483252828       0.12131038322884347       0.11290102285708652       0.10690454768141014       0.10195370910613946        9.7572060912677810E-002   9.3582168649840161E-002   8.9908990589869051E-002   8.6514398588016961E-002   8.3375115008865977E-002   8.0475032228315854E-002   7.7802304391997007E-002   7.5348031216766240E-002   7.3105490861834516E-002   7.1069590674659358E-002   6.9236438107971601E-002   6.7603005513517958E-002   6.6166879574814458E-002   6.4926086497345381E-002   6.3878981001311355E-002   6.3024185013205336E-002   6.2360561684621556E-002   6.1887211683610159E-002   6.1603480965661511E-002   6.1508971848057134E-002
   6.1415407449072312E-002   6.1696228328891323E-002   6.2164643248495410E-002   6.2821243274998037E-002   6.3666834852134369E-002   6.4702427936275828E-002   6.5929233414217372E-002   6.7348679786782717E-002   6.8962461155358826E-002   7.0772629640938181E-002   7.2781744818624011E-002   7.4993090130982043E-002   7.7410962104906320E-002   8.0041035768253499E-002   8.2890819016755365E-002   8.5970257990451937E-002   8.9292723260597104E-002   9.2877115983646355E-002   9.6753329616561676E-002  0.10097766411377312       0.10567745575357899       0.11118072216611027       0.11839069407427487       0.12985598174206761       0.15278048122447491       0.20731733753163570       0.34839911579573557       0.69160504073242757       0.92640077692939959        1.0280848335775894        1.0719815950505471        1.0845356702503905        1.0719770513114812        1.0280679087564333       0.92635513938985159       0.69149428541762015       0.34831643471970836       0.20728333483968153       0.15276694182401165       0.12984958588271234       0.11838660514958067       0.11117740562729608       0.10567447551533526       0.10097489958849547        9.6750737368317324E-002   9.2874672378356796E-002   8.9290416403690537E-002   8.5968087483103792E-002   8.2888793722937906E-002   8.0039169401616483E-002   7.7409268406809909E-002   7.4991579057333294E-002   7.2780420360256365E-002   7.0771489263069587E-002   6.8961496481078910E-002   6.7347878029692790E-002   6.5928579103851401E-002   6.4701904597047055E-002   6.3666426432722634E-002   6.2820935244215156E-002   6.2164423359561120E-002   6.1696087104335245E-002   6.1415338458409498E-002   6.1321818499559956E-002
   6.1155155874007848E-002   6.1431875678772577E-002   6.1893398358037754E-002   6.2540226267661730E-002   6.3373037625762990E-002   6.4392669726296245E-002   6.5600108729949744E-002   6.6996494963841885E-002   6.8583154422988707E-002   7.0361667958394949E-002   7.2333988759878662E-002   7.4502615647038445E-002   7.6870824542047342E-002   7.9442955440281071E-002   8.2224754165335964E-002   8.5223796310085462E-002   8.8450126469375431E-002   9.1917569673664601E-002   9.5647102961531477E-002   9.9676292477010167E-002  0.10408606427820853       0.10907591299385033       0.11517156408530363       0.12378540230358676       0.13868302772478480       0.16965127981927491       0.24093131916753632       0.40519652244468674       0.69158923635764225       0.86745205944483117       0.95991556680274426       0.98852610720549094       0.95991086280279869       0.86742129921895661       0.69151163139143623       0.40512678059398655       0.24089508588336150       0.16963440589659823       0.13867473218351600       0.12378045021542773       0.11516785801465070       0.10907272230860439       0.10408315621871325        9.9673587692149512E-002   9.5644564099894983E-002   9.1915174759304885E-002   8.8447865613925050E-002   8.5221670936355784E-002   8.2222774068310855E-002   7.9441134268363231E-002   7.6869175260209144E-002   7.4501147118342603E-002   7.2332703901148265E-002   7.0360563392096079E-002   6.8582221251214354E-002   6.6995720199623909E-002   6.5599476966214237E-002   6.4392164734733789E-002   6.3372643704557224E-002   6.2539929266630309E-002   6.1893186388147212E-002   6.1431739558379175E-002   6.1155089381577044E-002   6.1062929026366813E-002
   6.0825878294871752E-002   6.1097453008963104E-002   6.1550330977356092E-002   6.2184906673459488E-002   6.3001702761486825E-002   6.4001347771412781E-002   6.5184557293607032E-002   6.6552126439917134E-002   6.8104942770797011E-002   6.9844029386241915E-002   7.1770626723449193E-002   7.3886318167527915E-002   7.6193198729109402E-002   7.8694078989220970E-002   8.1392712654156735E-002   8.4294047359677646E-002   8.7404555689010288E-002   9.0732886925496942E-002   9.4291600425756031E-002   9.8102149554986556E-002  0.10220899076801412       0.10671815564227147       0.11189875875914131       0.11843864676379959       0.12805109519699290       0.14478286644124130       0.17732628764833389       0.24092545460936501       0.34837647840503994       0.48642955565785279       0.67628133496150655       0.74496011189071898       0.67628651522176109       0.48638128953627241       0.34833537972044443       0.24089835386683731       0.17731082411990062       0.14477415814509884       0.12804565749867733       0.11843464550490092       0.11189539740067664       0.10671513248039692       0.10220619563414726        9.8099534268102154E-002   9.4289136807558918E-002   9.0730558252638593E-002   8.7402356300661968E-002   8.4291981585052078E-002   8.1390791605004995E-002   7.8692316258878417E-002   7.6191606348915725E-002   7.3884903709900335E-002   7.1769391863904894E-002   6.9842969800252550E-002   6.8104049005208042E-002   6.6551385334463309E-002   6.5183953577377843E-002   6.4000865563610135E-002   6.3001326820870937E-002   6.2184623339241775E-002   6.1550128813975140E-002   6.1097323206921399E-002   6.0825814894331490E-002   6.0735360491156527E-002
   6.0431439796332496E-002   6.0696915025710285E-002   6.1139547709843166E-002   6.1759609281170996E-002   6.2557445528245020E-002   6.3533448576720580E-002   6.4688029218679333E-002   6.6021596110805270E-002   6.7534549519382051E-002   6.9227297538634436E-002   7.1100301377561362E-002   7.3154152741231132E-002   7.5389680192851055E-002   7.7808073246131843E-002   8.0411005407227953E-002   8.3200737527999738E-002   8.6180208012216777E-002   8.9353208972898585E-002   9.2725011324350709E-002   9.6304489972568172E-002  0.10011050683672459       0.10418933424387399       0.10865873385308446       0.11381142859999875       0.12033597389534077       0.12972105743274326       0.14478118390503908       0.16964573910925831       0.20730301868884632       0.25564508366534067       0.31179220561005699       0.33468923314606608       0.31179102504976453       0.25563130013357033       0.20728917927639665       0.16963530554956688       0.14477400125559634       0.12971597393708209       0.12033202386169894       0.11380805805957986       0.10865568763300880       0.10418650842386870       0.10010785638963871        9.6301989058340115E-002   9.2722642601449148E-002   8.9350963367720415E-002   8.6178085508603980E-002   8.3198745937499333E-002   8.0409157257460354E-002   7.7806381963315990E-002   7.5388156705850334E-002   7.3152803185335707E-002   7.1099126096725390E-002   6.9226291234915152E-002   6.7533702214960828E-002   6.6020894545969447E-002   6.4687458360015049E-002   6.3532993004894109E-002   6.2557090576774069E-002   6.1759341883683594E-002   6.1139356973601622E-002   6.0696792582905140E-002   6.0431379996165421E-002   6.0342948327370541E-002
   5.9976421520955038E-002   6.0234946151305813E-002   6.0665907842226120E-002   6.1269444144332462E-002   6.2045709068473121E-002   6.2994839659590351E-002   6.4116919859294796E-002   6.5411946990508549E-002   6.6879807095632460E-002   6.8520265425869711E-002   7.0332976995313282E-002   7.2317518641678832E-002   7.4473438051649785E-002   7.6800306901759249E-002   7.9297756126074051E-002   8.1965465441754828E-002   8.4803086123759877E-002   8.7810116920948575E-002   9.0985875858186085E-002   9.4330021781013892E-002   9.7844802845338863E-002  0.10154176569060032       0.10545865860240732       0.10969694789960130       0.11449413343711047       0.12033523108342073       0.12804906913130357       0.13867876254627731       0.15277228646909016       0.16939058571432142       0.18577134217492147       0.19245455307013193       0.18577002531529407       0.16938615560096687       0.15276712089768496       0.13867407507027846       0.12804507880427185       0.12033177025271519       0.11449100606355632       0.10969403459710553       0.10545590587541720       0.10153915194198909        9.7842316163785803E-002   9.4327652651143928E-002   9.0983617952431650E-002   8.7807969577061509E-002   8.4801055256559621E-002   8.1963562246192903E-002   7.9295994293500566E-002   7.6798699439749513E-002   7.4471994605505423E-002   7.2316243816681502E-002   7.0331869791200485E-002   6.8519319620827870E-002   6.6879012278948616E-002   6.5411289918876528E-002   6.4116385861901742E-002   6.2994413901702295E-002   6.2045377571643190E-002   6.1269194534907645E-002   6.0665729850613526E-002   6.0234831912186260E-002   5.9976365733220717E-002   5.9890239490845071E-002
   5.9466042547647979E-002   5.9716879225322227E-002   6.0134936595110822E-002   6.0720211856418044E-002   6.1472658786578739E-002   6.2392149576608408E-002   6.3478431197930923E-002   6.4731080548336095E-002   6.6149463313338944E-002   6.7732701437754950E-002   6.9479652785420995E-002   7.1388903393750425E-002   7.3458767270639977E-002   7.5687280933196946E-002   7.8072170720443049E-002   8.0610762765814373E-002   8.3299803670992295E-002   8.6135175075438067E-002   8.9111538865398937E-002   9.2222083677173258E-002   9.5458834136405726E-002   9.8814547319987178E-002  0.10228814592317971       0.10589668259608018       0.10969652446535950       0.11381036331022217       0.11843664381025393       0.12378206363683077       0.12985078412290657       0.13616389619860905       0.14154938362278519       0.14367609856265662       0.14154854277644849       0.13616197164078223       0.12984828371965959       0.12377938494607545       0.11843395527334005       0.11380770958313821       0.10969391643126104       0.10589413128667068       0.10228566462276441        9.8812146341123508E-002   9.5456518890564654E-002   9.2219856854102597E-002   8.9109404044252119E-002   8.6133139329313893E-002   8.3297878131549694E-002   8.0608961330776496E-002   7.8070507708692963E-002   7.5685768586387911E-002   7.3457413780572578E-002   7.1387711804426698E-002   6.9478620815351930E-002   6.7731822059452024E-002   6.6148725826807850E-002   6.4730471875214024E-002   6.3477937170645940E-002   6.2391756070596188E-002   6.1472352618560253E-002   6.0719981433136859E-002   6.0134772338617817E-002   5.9716773822957966E-002   5.9465991080788289E-002   5.9382415383442883E-002
   5.8906073867355940E-002   5.9148606176390277E-002   5.9552730146279313E-002   6.0118300354181330E-002   6.0845068017711529E-002   6.1732639054439549E-002   6.2780424357555306E-002   6.3987585594589835E-002   6.5352980366794503E-002   6.6875110487196632E-002   6.8552075981878416E-002   7.0381534694390638E-002   7.2360662686407631E-002   7.4486103909691265E-002   7.6753889425753175E-002   7.9159298339849332E-002   8.1696627758365101E-002   8.4358843167419581E-002   8.7137103491998852E-002   9.0020213022708837E-002   9.2994169554251785E-002   9.6042179185999152E-002   9.9145779340748488E-002  0.10228787965725825       0.10545800769181234       0.10865755173490196       0.11189687819724702       0.11516881077516269       0.11838690799284772       0.12130993592766649       0.12349454230078172       0.12431375960250916       0.12349397220634634       0.12130878403438916       0.11838531569927264       0.11516692836103924       0.11189481242235742       0.10865537461524065       0.10545577268481091       0.10228562878994669        9.9143544378231169E-002   9.6039982343229316E-002   9.2992025966411443E-002   9.0018134375596137E-002   8.7135101308164570E-002   8.4356930649385944E-002   8.1694819907656313E-002   7.9157610731675390E-002   7.6752336328926696E-002   7.4484696434827816E-002   7.2359407448263399E-002   7.0380433214971255E-002   6.8551124831524729E-002   6.6874302007470701E-002   6.5352303750140575E-002   6.3987028096135420E-002   6.2779972458693739E-002   6.1732279460791663E-002   6.0844788436390219E-002   6.0118090045418647E-002   5.9552580277844380E-002   5.9148510026196005E-002   5.8906026923267255E-002   5.8825206917448317E-002
   5.8302746981552536E-002   5.8536483344598864E-002   5.8925855373949461E-002   5.9470576591532112E-002   6.0170198865997199E-002   6.1024067846068647E-002   6.2031268824387080E-002   6.3190565561511772E-002   6.4500335022676464E-002   6.5958500917123325E-002   6.7562468002520012E-002   6.9309056917548004E-002   7.1194435509805670E-002   7.3214037159396714E-002   7.5362449852031013E-002   7.7633252834349881E-002   8.0018772679586778E-002   8.2509730881014043E-002   8.5094765660873956E-002   8.7759838269016482E-002   9.0487586070171780E-002   9.3256763835768766E-002   9.6042001654592521E-002   9.8814122620023884E-002  0.10154100695834939       0.10418814213567176       0.10671642891289057       0.10907356411828628       0.11117769510551968       0.11290070256161928       0.11406585014685204       0.11448124780462821       0.11406541872431901       0.11289985577640606       0.11117649151052662       0.10907207761617375       0.10671473015760333       0.10418629354660880       0.10153906208067214        9.8812125646913176E-002   9.6039987359231235E-002   9.3254758804700300E-002   9.0485611155885909E-002   8.7757911383669729E-002   8.5092903942059303E-002   8.2507951667316060E-002   8.0017093264351274E-002   7.7631689359895187E-002   7.5361015870206161E-002   7.3212742345288087E-002   7.1193284855277678E-002   6.9308050536003904E-002   6.7561601508553018E-002   6.5957766236385135E-002   6.4499721443280630E-002   6.3190060846242124E-002   6.2030860243156134E-002   6.1023743041003269E-002   6.0169946512411698E-002   5.9470386858155228E-002   5.8925720211832344E-002   5.8536396646722055E-002   5.8302704656899733E-002   5.8224804195632904E-002
   5.7662659634038535E-002   5.7887234102717670E-002   5.8261247203482233E-002   5.8784276309144845E-002   5.9455681897884430E-002   6.0274561592679167E-002   6.1239693407656039E-002   6.2349470119935503E-002   6.3601827041822823E-002   6.4994165459129324E-002   6.6523273328058408E-002   6.8185243164593803E-002   6.9975384163163998E-002   7.1888121390060469E-002   7.3916869715542788E-002   7.6053864807933802E-002   7.8289929511939915E-002   8.0614153509140571E-002   8.3013470226953212E-002   8.5472130773065008E-002   8.7971102739592563E-002   9.0487460982094911E-002   9.2993876915999696E-002   9.5458320690922291E-002   9.7844005533119463E-002  0.10010935722447423       0.10220742332435999       0.10408402736918837       0.10567492236582861       0.10690453367623516       0.10769091315524885       0.10796246897416126       0.10769056330006233       0.10690384930537607       0.10567393753058500       0.10408278785021745       0.10220597912416592       0.10010775764012486        9.7842296030938206E-002   9.5456541038733758E-002   9.2992060641660615E-002   9.0485636108843012E-002   8.7969293321662589E-002   8.5470358520467180E-002   8.3011755609192286E-002   8.0612516044310314E-002   7.8288387292232225E-002   7.6052433550934731E-002   7.3915561715678965E-002   7.1886944697683960E-002   6.9974342195042089E-002   6.8184334807047775E-002   6.6522493475481323E-002   6.4993505857554326E-002   6.3601277282086838E-002   6.2349018637860437E-002   6.1239328384400757E-002   6.0274271692252565E-002   5.9455456819662182E-002   5.8784107164699305E-002   5.8261126746903917E-002   5.7887156852587995E-002   5.7662621925544208E-002   5.7587763272104138E-002
   5.6992681063287899E-002   5.7207851277421506E-002   5.7566106250612245E-002   5.8066894865108645E-002   5.8709398010107182E-002   5.9492482445340680E-002   6.0414643196987756E-002   6.1473935947552676E-002   6.2667901201728368E-002   6.3993482073771757E-002   6.5446937120186774E-002   6.7023748490316337E-002   6.8718523597120829E-002   7.0524885487383129E-002   7.2435343359288071E-002   7.4441130876931813E-002   7.6531997183101330E-002   7.8695935401928457E-002   8.0918837866436166E-002   8.3184078178379028E-002   8.5472038611056705E-002   8.7759626265912341E-002   9.0019847396828959E-002   9.2221524119269593E-002   9.4329222545775374E-002   9.6303403140862678E-002   9.8100730547636544E-002   9.9674506906052979E-002  0.10097549399004876       0.10195395164201027       0.10256406770298818       0.10277161523950007       0.10256377355141452       0.10195337528094212       0.10097465902578334        9.9673445708204425E-002   9.8099480460853608E-002   9.6302003049852647E-002   9.4327710203197551E-002   9.2219934433914200E-002   9.0018211759676295E-002   8.7757972748941052E-002   8.5470392641320767E-002   8.3182463218610767E-002   8.0917275745996775E-002   7.8694446158448464E-002   7.6530598490187160E-002   7.4439837272445034E-002   7.2434165527255928E-002   7.0523829800807888E-002   6.8717592035941980E-002   6.7022938947513835E-002   6.5446244028138673E-002   6.3992897236427357E-002   6.2667414706637392E-002   6.1473537047357890E-002   6.0414321081153119E-002   5.9492226858677055E-002   5.8709199706947060E-002   5.8066745912222301E-002   5.7566000206751088E-002   5.7207783283494684E-002   5.6992647876507679E-002   5.6920912343355876E-002
   5.6299858947879790E-002   5.6505501629246814E-002   5.6847799162350540E-002   5.7326081723417681E-002   5.7939365310999608E-002   5.8686306559086618E-002   5.9565145908239324E-002   6.0573640272639208E-002   6.1708986645766177E-002   6.2967738227209524E-002   6.4345714458435579E-002   6.5837905645391687E-002   6.7438371482787349E-002   6.9140130761337362E-002   7.0935037029431519E-002   7.2813632485401639E-002   7.4764970730859914E-002   7.6776399371705911E-002   7.8833297139091263E-002   8.0918768427116997E-002   8.3013311516634408E-002   8.5094494597597284E-002   8.7136693238909074E-002   8.9110958800729612E-002   9.0985092480473484E-002   9.2723990436485271E-002   9.4290310576516226E-002   9.5645519558387002E-002   9.6751438594721031E-002   9.7572485444389123E-002   9.8078767683479062E-002   9.8249875833186950E-002   9.8078515457105497E-002   9.7571990185953278E-002   9.6750718027796889E-002   9.5644598254771132E-002   9.4289217701973876E-002   9.2722757462778194E-002   9.0983751247288747E-002   8.9109540159109255E-002   8.7135226335519858E-002   8.5093006673890428E-002   8.3011827968809779E-002   8.0917312854591902E-002   7.8831891194344680E-002   7.6775062361065391E-002   7.4763719042809415E-002   7.2812478998234884E-002   7.0933990660967658E-002   6.9139196282083953E-002   6.7437549645297246E-002   6.5837193612365549E-002   6.4345106458998880E-002   6.2967226343304886E-002   6.1708561628267655E-002   6.0573292303266482E-002   5.9564865250010646E-002   5.8686084066862605E-002   5.7939192798819150E-002   5.7325952203678469E-002   5.6847706982642389E-002   5.6505442536587444E-002   5.6299830108791700E-002   5.6231259513183904E-002
   5.5591329932108011E-002   5.5787434335570013E-002   5.6113763691589005E-002   5.6569540755863533E-002   5.7153633305481184E-002   5.7864510877484676E-002   5.8700190118946824E-002   5.9658169670516473E-002   6.0735355805969518E-002   6.1927980259010473E-002   6.3231511662888956E-002   6.4640561677291652E-002   6.6148786081681468E-002   6.7748779865966974E-002   6.9431963796162607E-002   7.1188458439590888E-002   7.3006940812326560E-002   7.4874479487512968E-002   7.6776347101031747E-002   7.8695815510333653E-002   8.0613948753180051E-002   8.2509421924006510E-002   8.4358408442957181E-002   8.6134590936688571E-002   8.7809358330636356E-002   8.9352250912400247E-002   9.0731706492355180E-002   9.1916148539018930E-002   9.2875442631326161E-002   9.3582715343118475E-002   9.4016445567723400E-002   9.4162581664972683E-002   9.4016227037737099E-002   9.3582285538959309E-002   9.2874815514923159E-002   9.1915343672044611E-002   9.0730747566890230E-002   8.9351164193025856E-002   8.7808171252252348E-002   8.6133331015013276E-002   8.4357102537036641E-002   8.2508095777504731E-002   8.0612626674568214E-002   7.8694520052262767E-002   7.6775098655766205E-002   7.4873295796140660E-002   7.3005836455266065E-002   7.1187444411374035E-002   6.9431047262899739E-002   6.7747964168399080E-002   6.6148070996913610E-002   6.4639943904873362E-002   6.3230985467563477E-002   6.1927538188062431E-002   6.0734989402460735E-002   5.9657870119766809E-002   5.8699948787987392E-002   5.7864319730091901E-002   5.7153485194713624E-002   5.6569429609687479E-002   5.6113684614811164E-002   5.5787383653643233E-002   5.5591305200716735E-002   5.5525903999135172E-002
   5.4874235285330690E-002   5.5060895059381852E-002   5.5371420131902716E-002   5.5804938033292673E-002   5.6360186099694655E-002   5.7035470929196787E-002   5.7828617045797837E-002   5.8736905558932587E-002   5.9757003907038163E-002   6.0884888037132892E-002   6.2115758511976010E-002   6.3443951958360251E-002   6.4862848903487313E-002   6.6364778384792267E-002   6.7940918868088590E-002   6.9581194229768634E-002   7.1274163282875516E-002   7.3006902129547635E-002   7.4764881130483934E-002   7.6531843009676762E-002   7.8289695734728049E-002   8.0018442915191987E-002   8.1696184337591557E-002   8.3299227867313697E-002   8.4802358678612716E-002   8.6179310050270935E-002   8.7403470006349640E-002   8.8448839028017492E-002   8.9291224605124689E-002   8.9909615009629532E-002   9.0287614397565455E-002   9.0414751946500768E-002   9.0287424471812913E-002   8.9909241066909465E-002   8.9290678058584358E-002   8.8448136025927479E-002   8.7402630411673593E-002   8.6178356323954347E-002   8.4801314812395057E-002   8.3298118463186258E-002   8.1695033863091335E-002   8.0017275102445093E-002   7.8288533059009041E-002   7.6530706188673359E-002   7.4763788619935601E-002   7.3005869635224582E-002   7.1273203343171943E-002   6.9580315935218143E-002   6.7940127772072423E-002   6.6364076630443761E-002   6.4862235556307712E-002   6.3443423502938842E-002   6.2115309451497902E-002   6.0884511528507296E-002   5.9756692370943255E-002   5.8736651218870353E-002   5.7828412368672588E-002   5.7035308957857155E-002   5.6360060682513632E-002   5.5804843965872333E-002   5.5371353231271882E-002   5.5060852192286132E-002   5.4874214370426944E-002   5.4811952323840001E-002
   5.4155642889805310E-002   5.4333046802503039E-002   5.4628090312253921E-002   5.5039818294887966E-002   5.5566855775517135E-002   5.6207370696949165E-002   5.6959026746920452E-002   5.7818926955518810E-002   5.8783549074532877E-002   5.9848674051597966E-002   6.1009309153525211E-002   6.2259607408302574E-002   6.3592784971853542E-002   6.5001037775861290E-002   6.6475458446581204E-002   6.8005954177285374E-002   6.9581166280468176E-002   7.1188392924451366E-002   7.2813518480172465E-002   7.4440956279515927E-002   7.6053616474057645E-002   7.7632916717872216E-002   7.9158859665834497E-002   8.0610206292785452E-002   8.1964775881069846E-002   8.3199900168900109E-002   8.4293048895004635E-002   8.5222625785644240E-002   8.5968907744604278E-002   8.6515066790261830E-002   8.6848178263505868E-002   8.6960089411128094E-002   8.6848013733686585E-002   8.6514742672209599E-002   8.5968433623003285E-002   8.5222015326158473E-002   8.4292319090341739E-002   8.3199070485947033E-002   8.1963867397834511E-002   8.0609240887839925E-002   7.9157859286940135E-002   7.7631902725496679E-002   7.6052609041103558E-002   7.4439973833821518E-002   7.2812577195255773E-002   7.1187506285445026E-002   6.9580344765556787E-002   6.8005205094271728E-002   6.6474785949693582E-002   6.5000443064676949E-002   6.3592266649473345E-002   6.2259161956212380E-002   6.1008931469944509E-002   5.9848357999489690E-002   5.8783287993210233E-002   5.7818714102829627E-002   5.6958855653884678E-002   5.6207235430586450E-002   5.5566751116549726E-002   5.5039739844229385E-002   5.4628034543750259E-002   5.4333011079882074E-002   5.4155625464027884E-002   5.4096440684161036E-002
   5.3442476389024919E-002   5.3610898357607045E-002   5.3890924931312444E-002   5.4281530814905429E-002   5.4781246554824893E-002   5.5388125019655753E-002   5.6099698961707266E-002   5.6912930331956393E-002   5.7824152317428490E-002   5.8829005391607542E-002   5.9922368972938393E-002   6.1098290525915970E-002   6.2349914073962120E-002   6.3669410112169950E-002   6.5047908851297381E-002   6.6475438702513434E-002   6.7940872111420150E-002   6.9431881513374025E-002   7.0934909560979392E-002   7.2435160042812724E-002   7.3916619057850103E-002   7.5362119722522325E-002   7.6753467278703705E-002   7.8071643869124963E-002   7.9297112099834755E-002   8.0410232415799532E-002   8.1391800159838656E-002   8.2223693530497230E-002   8.2889604166441117E-002   8.3375800015551477E-002   8.3671849833127698E-002   8.3771226449645103E-002   8.3671708520254198E-002   8.3375521589204443E-002   8.2889196796247400E-002   8.2223168922776771E-002   8.1391172966392852E-002   8.0409519543987229E-002   7.9296331981723631E-002   7.8070815734774077E-002   7.6752610460926185E-002   7.5361253005741702E-002   7.3915760077443951E-002   7.2434324744414566E-002   7.0934111737745498E-002   6.9431132447078922E-002   6.7940180345023526E-002   6.6474809965100232E-002   6.5047346142143983E-002   6.3668913932877602E-002   6.2349482780791443E-002   6.1097920762570708E-002   5.9922056139206065E-002   5.8828744105555247E-002   5.7823936836744520E-002   5.6912754911132943E-002   5.6099558133600562E-002   5.5388013800543978E-002   5.4781160580176874E-002   5.4281466418209814E-002   5.3890879180642282E-002   5.3610869064616665E-002   5.3442462103442681E-002   5.3386264335576500E-002
   5.2741451980682752E-002   5.2901240808318185E-002   5.3166839617973000E-002   5.3537164955603130E-002   5.4010669898215007E-002   5.4585314466676339E-002   5.5258528238892921E-002   5.6027165817683786E-002   5.6887456096511350E-002   5.7834946592659552E-002   5.8864444452507908E-002   5.9969956042029690E-002   6.1144627285880111E-002   6.2380687095891410E-002   6.3669396352217647E-002   6.5001005030137310E-002   6.6364720312623388E-002   6.7748689037569476E-002   6.9139998742706543E-002   7.0524702976345624E-002   7.1887878392716029E-002   7.3213723198250813E-002   7.4485708261250561E-002   7.5686792900954356E-002   7.6799716136061943E-002   7.7807370121370997E-002   7.8693255039645374E-002   7.9442003841188213E-002   8.0039951835394640E-002   8.0475712267836105E-002   8.0740707811781651E-002   8.0829603091021093E-002   8.0740587969110614E-002   8.0475476166503440E-002   8.0039606459528331E-002   7.9441559224514680E-002   7.8692723780073096E-002   7.7806766800968943E-002   7.6799056687800946E-002   7.5686093958402048E-002   7.4484986519466390E-002   7.3212994807382248E-002   7.1887158402750062E-002   7.0524004852084099E-002   6.9139333970031802E-002   6.7748066842274343E-002   6.6364147509054450E-002   6.5000486008012393E-002   6.3668933197587790E-002   6.2380279829008567E-002   6.1144274187658144E-002   5.9969654034096230E-002   5.8864189494514135E-002   5.7834734064191831E-002   5.6887281138285714E-002   5.6027023615888724E-002   5.5258414245811446E-002   5.4585224558704085E-002   5.4010600478305477E-002   5.3537113010772200E-002   5.3166802743961648E-002   5.2901217213269083E-002   5.2741440478234015E-002   5.2688114487132238E-002
   5.2059023020623200E-002   5.2210592196193610E-002   5.2462459753898891E-002   5.2813495318030375E-002   5.3262090276333857E-002   5.3806132188883603E-002   5.4442972551289721E-002   5.5169388558045505E-002   5.5981539788140723E-002   5.6874921053796379E-002   5.7844312993789032E-002   5.8883732328698778E-002   5.9986384000109270E-002   6.1144617672019314E-002   6.2349891282296323E-002   6.3592744523820743E-002   6.4862785366825090E-002   6.6148693083434032E-002   6.7438241776686586E-002   6.8718349182375141E-002   6.9975156448025905E-002   7.1194145512351398E-002   7.2360301266898894E-002   7.3458325393545923E-002   7.4472907078795086E-002   7.5389052210011576E-002   7.6192466905487699E-002   7.6869983515971255E-002   7.7410008381834913E-002   7.7802962145315402E-002   7.8041677335733375E-002   7.8121716354700707E-002   7.8041577280277941E-002   7.7802765076217736E-002   7.7409720230436088E-002   7.6869612811055643E-002   7.6192024364413663E-002   7.5388550242945621E-002   7.4472359238439215E-002   7.3457745801560559E-002   7.2359704045098949E-002   7.1193544243566539E-002   6.9974563689328431E-002   6.8717776051982996E-002   6.7437697634035176E-002   6.6148185318228470E-002   6.4862319306472058E-002   6.3592323459721656E-002   6.2349516605340362E-002   6.1144289098117852E-002   5.9986099859582448E-002   5.8883489889968291E-002   5.7844108792472156E-002   5.6874751202398426E-002   5.5981400247979686E-002   5.5169275362456943E-002   5.4442881976304931E-002   5.3806060873532797E-002   5.3262035299002891E-002   5.2813454237789249E-002   5.2462430626606368E-002   5.2210573574808204E-002   5.2059013947903340E-002   5.2008422888845073E-002
   5.1401332327804437E-002   5.1545150188773634E-002   5.1784073796372079E-002   5.2116936088795432E-002   5.2542081021989075E-002   5.3057341908645736E-002   5.3660014250835449E-002   5.4346823705077110E-002   5.5113890078611359E-002   5.5956688557251104E-002   5.6870009693421299E-002   5.7847920016923370E-002   5.8883725447750668E-002   5.9969939970986305E-002   6.1098262269835571E-002   6.2259563211208610E-002   6.3443887262889340E-002   6.4640471127333385E-002   6.5837783136180869E-002   6.7023587266314397E-002   6.8185035961892834E-002   6.9308796145323162E-002   7.0381212649502312E-002   7.1388512503646598E-002   7.2317051732324292E-002   7.3153603327688457E-002   7.3885680764104539E-002   7.4501886091336483E-002   7.4992265912165651E-002   7.5348653451063466E-002   7.5564971704001518E-002   7.5637472479112774E-002   7.5564889639915575E-002   7.5348491872224047E-002   7.4992029789397993E-002   7.4501582570838040E-002   7.3885318820858609E-002   7.3153193342152187E-002   7.2316605017287497E-002   7.1388040808840120E-002   7.0380727670547483E-002   6.9308309061802242E-002   6.8184557027120646E-002   6.7023125468672548E-002   6.5837345948116618E-002   6.4640064352834106E-002   6.3443514987353469E-002   6.2259227849696501E-002   6.1097964701765616E-002   5.9969679742712383E-002   5.8883501020192353E-002   5.7847729034107301E-002   5.6869849249404900E-002   5.5956555442868441E-002   5.5113780994896881E-002   5.4346735436085043E-002   5.3659943794008985E-002   5.3057286565289845E-002   5.2542038453463058E-002   5.2116904345739505E-002   5.1784051328785746E-002   5.1545135844347272E-002   5.1401325344862178E-002   5.1353314019958594E-002
   5.0774171852617289E-002   5.0910752350967273E-002   5.1137594601573147E-002   5.1453503935902395E-002   5.1856789420877063E-002   5.2345245960020013E-002   5.2916131975925054E-002   5.3566143302784454E-002   5.4291384158448738E-002   5.5087336343726034E-002   5.5948828120781294E-002   5.6870004535488482E-002   5.7844301250293946E-002   5.8864424225075686E-002   5.9922337809021994E-002   6.1009263980535355E-002   6.2115695598001411E-002   6.3231426611788932E-002   6.4345602244709907E-002   6.5446792165963510E-002   6.6523089621422907E-002   6.7562239253872725E-002   6.8551795813477395E-002   6.9479314948780888E-002   7.0332575611333562E-002   7.1099831194519930E-002   7.1770083387679137E-002   7.2333369092620572E-002   7.2781047090098194E-002   7.3106068130034785E-002   7.3303210503655403E-002   7.3369263573208526E-002   7.3303144484858293E-002   7.3105938192821365E-002   7.2780857328112195E-002   7.2333125386196490E-002   7.1769793112253608E-002   7.1099502863649564E-002   7.0332218477193550E-002   6.9478938584384184E-002   6.8551409700659885E-002   6.7561852399695504E-002   6.6522710223256024E-002   6.5446427342129965E-002   6.4345257843080927E-002   6.3231107103137202E-002   6.2115404054525251E-002   6.1009002133375248E-002   5.9922106172629483E-002   5.8864222271794803E-002   5.7844127616082049E-002   5.6869857237564492E-002   5.5948704769956024E-002   5.5087234337715202E-002   5.4291300846882239E-002   5.3566076119176964E-002   5.2916078535957853E-002   5.2345204128700910E-002   5.1856757353317330E-002   5.1453480097591361E-002   5.1137577774291572E-002   5.0910741630073426E-002   5.0774166640587794E-002   5.0728564560262722E-002
   5.0182949195151358E-002   5.0312843445603321E-002   5.0528528071537522E-002   5.0828788630780636E-002   5.1211910026712798E-002   5.1675662127629453E-002   5.2217281977702021E-002   5.2833453213031491E-002   5.3520283516134255E-002   5.4273281193540607E-002   5.5087332234651759E-002   5.5956679491199195E-002   5.6874905887669788E-002   5.7834923814834710E-002   5.8828973053656163E-002   5.9848629712147779E-002   6.0884828725378426E-002   6.1927902464867172E-002   6.2967637923656852E-002   6.3993354774769889E-002   6.4994006313998265E-002   6.5958304839881896E-002   6.6874872317432985E-002   6.7732416128315029E-002   6.8519928251928097E-002   6.9226904322270397E-002   6.9843576730095155E-002   7.0361153480970204E-002   7.0772052204459035E-002   7.1070116965818789E-002   7.1250804806120616E-002   7.1311329577736157E-002   7.1250752783064336E-002   7.1070014616297444E-002   7.0771902833002096E-002   7.0360961829032204E-002   6.9843348734621960E-002   6.9226646820264887E-002   6.8519648650437054E-002   6.7732122060707556E-002   6.6874571306829750E-002   6.5958003989283226E-002   6.4993712040184753E-002   6.3993072599512771E-002   6.2967372331299912E-002   6.1927656830162589E-002   6.0884605309980695E-002   5.9848429722944033E-002   5.8828796751750456E-002   5.7834770661031709E-002   5.6874774709036166E-002   5.5956568653751919E-002   5.5087239809185937E-002   5.4273205104615377E-002   5.3520221667739301E-002   5.2833403587933488E-002   5.2217242710504312E-002   5.1675631553907996E-002   5.1211886712117467E-002   5.0828771384747465E-002   5.0528515950368204E-002   5.0312835749299095E-002   5.0182945461706048E-002   5.0139569651224875E-002
   4.9632660335937488E-002   4.9756449067174580E-002   4.9961948330557969E-002   5.0247930463398031E-002   5.0612665087647578E-002   5.1053907950655009E-002   5.1568887273923607E-002   5.2154288202690753E-002   5.2806236147515694E-002   5.3520280032275949E-002   5.4291376703063478E-002   5.5113877997031921E-002   5.5981522203327860E-002   5.6887431851907012E-002   5.7824119922321379E-002   5.8783506657358368E-002   5.9756949182658295E-002   6.0735286062922264E-002   6.1708898758682705E-002   6.2667791672674625E-002   6.3601692072437127E-002   6.4500170616930586E-002   6.5352782462281614E-002   6.6149227937379720E-002   6.6879530541248039E-002   6.7534228535217844E-002   6.8104574758208455E-002   6.8582737632504845E-002   6.8961994873476026E-002   6.9236910439279875E-002   6.9403485019060893E-002   6.9459271049550700E-002   6.9403444923075958E-002   6.9236831588748118E-002   6.8961879879242433E-002   6.8582590235941474E-002   6.8104399635356083E-002   6.7534031057595353E-002   6.6879316509560208E-002   6.6149003305620444E-002   6.5352553069677286E-002   6.4499941943880715E-002   6.3601469034212099E-002   6.2667578461291285E-002   6.1708698739321520E-002   6.0735101726791044E-002   5.9756782153749438E-002   5.8783357746544050E-002   5.7823989219114934E-002   5.6887318842309964E-002   5.5981425901623950E-002   5.5113797080120118E-002   5.4291309637696676E-002   5.3520225188024899E-002   5.2806191890999693E-002   5.2154252971233911E-002   5.1568859629023800E-002   5.1053886613323982E-002   5.0612648958742339E-002   5.0247918632556114E-002   4.9961940077372320E-002   4.9756443857924784E-002   4.9632657818656403E-002   4.9591315328914962E-002
   4.9127867866203080E-002   4.9246154841835872E-002   4.9442478573813266E-002   4.9715603466415736E-002   5.0063790936847118E-002   5.0484791146952007E-002   5.0975833056458107E-002   5.1533613365343400E-002   5.2154285090234752E-002   5.2833446715335436E-002   5.3566133065245387E-002   5.4346809254321386E-002   5.5169369260777819E-002   5.6027140837192811E-002   5.6912898585291583E-002   5.7818887075368960E-002   5.8736855864928682E-002   5.9658108154897915E-002   6.0573564604879324E-002   6.1473843501642852E-002   6.2349358026676273E-002   6.3190430786524698E-002   6.3987425041040838E-002   6.4730891181721831E-002   6.5411725981404392E-002   6.6021340990224456E-002   6.6551835260832720E-002   6.6996166461387230E-002   6.7348313528613077E-002   6.7603423494188825E-002   6.7757935140173961E-002   6.7809672803774979E-002   6.7757904972148716E-002   6.7603364195257795E-002   6.7348227115731921E-002   6.6996055821003819E-002   6.6551703993534231E-002   6.6021193221522181E-002   6.5411566151918815E-002   6.4730723831031983E-002   6.3987254599320906E-002   6.3190261386864705E-002   6.2349193348801714E-002   6.1473686654802857E-002   6.0573418054217100E-002   5.9657973691966834E-002   5.8736734619524084E-002   5.7818779562860613E-002   5.6912804781460810E-002   5.6027060271388332E-002   5.5169301118052641E-002   5.4346752478000485E-002   5.3566086452882473E-002   5.2833409002960401E-002   5.2154255021868656E-002   5.1533589746701275E-002   5.0975814793379141E-002   5.0484777270283561E-002   5.0063780616240311E-002   4.9715596015802846E-002   4.9442473451313473E-002   4.9246151646568266E-002   4.9127866334068730E-002   4.9088356433739773E-002
   4.8672683972486704E-002   4.8786090400619590E-002   4.8974276715392097E-002   4.9236003464061193E-002   4.9569529220498641E-002   4.9972604859111577E-002   5.0442466857457839E-002   5.0975830166993502E-002   5.1568881348833091E-002   5.2217272841144420E-002   5.2916119400522474E-002   5.3659997931794920E-002   5.4442952076731665E-002   5.5258503057474054E-002   5.6099668349557381E-002   5.6958989776791320E-002   5.7828572562009933E-002   5.8700136722085419E-002   5.9565081953504392E-002   6.0414566809605934E-002   6.1239602517850850E-002   6.2031161223165612E-002   6.2780297773134638E-002   6.3478283391129778E-002   6.4116748734766013E-002   6.4687832947526600E-002   6.5184334441740030E-002   6.5599858385488471E-002   6.5928955306367595E-002   6.6167244977279924E-002   6.6311519903529306E-002   6.6359823337953525E-002   6.6311497807043970E-002   6.6167201567740544E-002   6.5928892106098314E-002   6.5599777570007928E-002   6.5184238719344118E-002   6.4687725413060337E-002   6.4116632708158774E-002   6.3478162252010903E-002   6.2780174802636243E-002   6.2031039462907916E-002   6.1239484654220189E-002   6.0414455088964480E-002   5.9564978131157492E-002   5.8700042044953216E-002   5.7828487782291715E-002   5.6958915191734197E-002   5.6099603860942572E-002   5.5258448243717999E-002   5.4442906270562225E-002   5.3659960297199563E-002   5.2916089003895557E-002   5.2217248713063644E-002   5.1568862534452045E-002   5.0975815764462799E-002   5.0442456044950727E-002   4.9972596911865112E-002   4.9569523519777656E-002   4.9235999500145948E-002   4.8974274086641990E-002   4.8786088810447555E-002   4.8672683225758115E-002   4.8634799267806339E-002
   4.8270757434952100E-002   4.8379917344313288E-002   4.8561024986250111E-002   4.8812840001874420E-002   4.9133621899636895E-002   4.9521126515731789E-002   4.9972602104430885E-002   5.0484785568557650E-002   5.1053899479709820E-002   5.1675650684366664E-002   5.2345231439884517E-002   5.3057324165069135E-002   5.3806111012553635E-002   5.4585289561809885E-002   5.5388095978528007E-002   5.6207336974680978E-002   5.7035431821451217E-002   5.7864465504165956E-002   5.8686253857279429E-002   5.9492421174522130E-002   6.0274490354670474E-002   6.1023985121307890E-002   6.1732543255026882E-002   6.2392039115298115E-002   6.2994713032581057E-002   6.3533304456811074E-002   6.4001185106915562E-002   6.4392487840088747E-002   6.4702226618572181E-002   6.4926402862535260E-002   6.5062093692371620E-002   6.5107518106828507E-002   6.5062078002273621E-002   6.4926372060174792E-002   6.4702181825753061E-002   6.4392430657496780E-002   6.4001117522856185E-002   6.3533228736730923E-002   6.2994631597605141E-002   6.2391954418539210E-002   6.1732457664180798E-002   6.1023900815086782E-002   6.0274409239063083E-002   5.9492344822877227E-002   5.8686183475994552E-002   5.7864401923558746E-002   5.7035375509415245E-002   5.6207288069170698E-002   5.5388054333906700E-002   5.4585254803683196E-002   5.3806082595873744E-002   5.3057301430933977E-002   5.2345213667429537E-002   5.1675637135288180E-002   5.1053889434110954E-002   5.0484778351841689E-002   4.9972597105794839E-002   4.9521123199393412E-002   4.9133619810261209E-002   4.8812838765778958E-002   4.8561024309910987E-002   4.8379917011518607E-002   4.8270757303705170E-002   4.8234288272914608E-002
   4.7925263932699462E-002   4.8030820459670595E-002   4.8205922686152682E-002   4.8449331284520593E-002   4.8759309056160424E-002   4.9133619223520095E-002   4.9569523850239834E-002   5.0063782871193660E-002   5.0612654337894893E-002   5.1211896611207931E-002   5.1856773357301308E-002   5.2542062316657173E-002   5.3262068910092310E-002   5.4010645809012624E-002   5.4781219617626477E-002   5.5566825780873061E-002   5.6360152732884229E-002   5.7153596128627991E-002   5.7939323750831190E-002   5.8709351354036106E-002   5.9455629300793622E-002   6.0170139369522327E-002   6.0845000582966935E-002   6.1472582340236247E-002   6.2045622560956720E-002   6.2557348001635898E-002   6.3001593423626337E-002   6.3372915926076898E-002   6.3666700553956998E-002   6.3879253293388269E-002   6.4007877804006116E-002   6.4050932720651377E-002   6.4007867068934743E-002   6.3879232239356376E-002   6.3666669987949107E-002   6.3372876997513081E-002   6.3001547556594401E-002   6.2557296813123262E-002   6.2045567771357134E-002   6.1472525682764116E-002   6.0844943718365935E-002   6.0170083811653750E-002   5.9455576357435404E-002   5.8709302085661268E-002   5.7939278948437353E-002   5.7153556310037566E-002   5.6360118155494680E-002   5.5566796467740515E-002   5.4781195393096282E-002   5.4010626339891184E-002   5.3262053748550968E-002   5.2542050941590271E-002   5.1856765211615044E-002   5.1211891133372267E-002   5.0612650986934904E-002   5.0063781145040204E-002   4.9569523297943216E-002   4.9133619452230236E-002   4.8759309733995393E-002   4.8449332140507000E-002   4.8205923508362392E-002   4.8030821092538208E-002   4.7925264274319569E-002   4.7889996033725971E-002
   4.7638899005644601E-002   4.7741501509936314E-002   4.7911681368806101E-002   4.8148201340788732E-002   4.8449328647139356E-002   4.8812834746351570E-002   4.9235995635937668E-002   4.9715593137532585E-002   5.0247917731810837E-002   5.0828773619639611E-002   5.1453486790319101E-002   5.2116916969815741E-002   5.2813474393073989E-002   5.3537142385109697E-002   5.4281506735422487E-002   5.5039792799401688E-002   5.5804911150175766E-002   5.6569512428323608E-002   5.7326051791698078E-002   5.8066863053859150E-002   5.8784242222296251E-002   5.9470539716659186E-002   6.0118260077734978E-002   6.0720167490389262E-002   6.1269394963941237E-002   6.1759554572130511E-002   6.2184845786336936E-002   6.2540158675931268E-002   6.2821168632648333E-002   6.3024419329598777E-002   6.3147390866961958E-002   6.3188550487379633E-002   6.3147383848705829E-002   6.3024405586270191E-002   6.2821148732086801E-002   6.2540133425121200E-002   6.2184816181845758E-002   6.1759521740520143E-002   6.1269360096869306E-002   6.0720131779351705E-002   6.0118224653171307E-002   5.9470505595490643E-002   5.8784210266980060E-002   5.8066833944839941E-002   5.7326026013856751E-002   5.6569490270803158E-002   5.5804892717925617E-002   5.5039778034019299E-002   5.4281495442435206E-002   5.3537134264738190E-002   5.2813469071716565E-002   5.2116914029924570E-002   5.1453485796919204E-002   5.0828774142379768E-002   5.0247919362052605E-002   4.9715595500516255E-002   4.9235998398474749E-002   4.8812837620766006E-002   4.8449331392320445E-002   4.8148203761246872E-002   4.7911683312565623E-002   4.7741502865987578E-002   4.7638899701536085E-002   4.7604615964586754E-002
   4.7413873094568668E-002   4.7514175001111700E-002   4.7680521828569779E-002   4.7911678739222585E-002   4.8205917475384823E-002   4.8561017275116122E-002   4.8974266619867660E-002   4.9442466248476390E-002   4.9961933971935608E-002   5.0528511920384628E-002   5.1137576943038422E-002   5.1784054957043052E-002   5.2462440094892399E-002   5.3166819523547473E-002   5.3890904792914078E-002   5.4628070508434844E-002   5.5371401005117532E-002   5.6113745523421563E-002   5.6847782149176858E-002   5.7566090482002855E-002   5.8261232645732741E-002   5.8925841860969788E-002   5.9552717379661418E-002   6.0134924154552113E-002   6.0665895206657765E-002   6.1139534288666635E-002   6.1550316150212350E-002   6.1893381520613140E-002   6.2164623861100957E-002   6.2360765020687221E-002   6.2479417167192713E-002   6.2519128755333706E-002   6.2479412821683310E-002   6.2360756533579503E-002   6.2164611626647805E-002   6.1893366097442469E-002   6.1550298225183646E-002   6.1139514633588320E-002   6.0665874631408795E-002   6.0134903460301023E-002   5.9552697315669645E-002   5.8925823087939762E-002   5.8261215707888163E-002   5.7566075789164992E-002   5.6847769969134231E-002   5.6113735983987334E-002   5.5371394104519918E-002   5.4628066132154623E-002   5.3890902734803181E-002   5.3166819509031016E-002   5.2462441804243073E-002   5.1784058047066567E-002   5.1137581065957574E-002   5.0528516739191093E-002   4.9961939171933124E-002   4.9442471545125807E-002   4.8974271763334236E-002   4.8561022052106911E-002   4.8205921708952423E-002   4.7911682287218794E-002   4.7680524581379662E-002   4.7514176879206942E-002   4.7413874046309402E-002   4.7380357108382988E-002
   4.7251908163148192E-002   4.7350565413121881E-002   4.7514172354100236E-002   4.7741496287695112E-002   4.8030812770648725E-002   4.8379907338594083E-002   4.8786078276029918E-002   4.9246140850587553E-002   4.9756433522183313E-002   5.0312826725435474E-002   5.0910734902252806E-002   5.1545132524923792E-002   5.2210574891398215E-002   5.2901224486077078E-002   5.3610883673468127E-002   5.4333034421208251E-002   5.5060885627219974E-002   5.5787428449341828E-002   5.6505499803795919E-002   5.7207853914103289E-002   5.7887241461407141E-002   5.8536495521829157E-002   5.9148623091944581E-002   5.9716900619078035E-002   6.0234971591385376E-002   6.0696943928085723E-002   6.1097484667680391E-002   6.1431909304990762E-002   6.1696263096079958E-002   6.1887391747234947E-002   6.2002999135602636E-002   6.2041690070451121E-002   6.2002996580625851E-002   6.1887386780994570E-002   6.1696255995819169E-002   6.1431900462028538E-002   6.1097474560411966E-002   6.0696933089790794E-002   6.0234960575575182E-002   5.9716889965208735E-002   5.9148613294139091E-002   5.8536487002816676E-002   5.7887234553269697E-002   5.7207848846691153E-002   5.6505496700924661E-002   5.5787427332197000E-002   5.5060886423838433E-002   5.4333036980525537E-002   5.3610887782238555E-002   5.2901229886982121E-002   5.2210581300830672E-002   5.1545139649226399E-002   5.0910742451548446E-002   5.0312834424561609E-002   4.9756441118591448E-002   4.9246148119358381E-002   4.8786085022367663E-002   4.8379913398295296E-002   4.8030818009096983E-002   4.7741500597927720E-002   4.7514175654443137E-002   4.7350567644812068E-002   4.7251909288274080E-002   4.7218940556165878E-002
   4.7154235493754582E-002   4.7251905477546804E-002   4.7413867814271586E-002   4.7638891260628945E-002   4.7925253899389404E-002   4.8270745344915066E-002   4.8672670122039810E-002   4.9127852626231511E-002   4.9632644160951075E-002   5.0182932630379685E-002   5.0774155537803164E-002   5.1401316996334781E-002   5.2059009492762112E-002   5.2741441149957428E-002   5.3442469201257989E-002   5.4155640314865854E-002   5.4874238282347311E-002   5.5591339409591926E-002   5.6299875720870522E-002   5.6992705810181753E-002   5.7662692856116554E-002   5.8302788968331430E-002   5.8906124670706279E-002   5.9466101967152955E-002   5.9976489102246615E-002   6.0431514843198614E-002   6.0825959894862773E-002   6.1155242936184386E-002   6.1415498751538587E-002   6.1603646034647547E-002   6.1717442669564769E-002   6.1755526637283627E-002   6.1717441143643130E-002   6.1603643091834519E-002   6.1415494601677029E-002   6.1155237874254156E-002   6.0825954279282023E-002   6.0431509070053249E-002   5.9976483577704215E-002   5.9466097080383161E-002   5.8906120769459398E-002   5.8302786338951106E-002   5.7662691709233917E-002   5.6992706272726873E-002   5.6299877834415077E-002   5.5591343134474967E-002   5.4874243506589059E-002   5.4155646866579664E-002   5.3442476863141797E-002   5.2741449674475194E-002   5.2059018616787432E-002   5.1401326454284392E-002   5.0774165072594399E-002   5.0182942001860048E-002   4.9632653151736164E-002   4.9127861045122387E-002   4.8672677805360484E-002   4.8270752156211759E-002   4.7925259727971466E-002   4.7638896019419306E-002   4.7413871437387123E-002   4.7251907917960356E-002   4.7154236721313511E-002   4.7121597082755942E-002
   4.7121594339404105E-002   4.7218935177679756E-002   4.7380349241591027E-002   4.7604605805344771E-002   4.7889983838667272E-002   4.8234274372315845E-002   4.8634784079044327E-002   4.9088340474485584E-002   4.9591299228895415E-002   5.0139554161119780E-002   5.0728550556140832E-002   5.1353302501627007E-002   5.2008414970627567E-002   5.2688111379920202E-002   5.3386267319511689E-002   5.4096451071990022E-002   5.4811971415779454E-002   5.5525933030938890E-002   5.6231299599921250E-002   5.6920964422106375E-002   5.7587828047254319E-002   5.8224882090655072E-002   5.8825298036898198E-002   5.9382519488420160E-002   5.9890355990343383E-002   6.0343076286865673E-002   6.0735498658539062E-002   6.1063075874036810E-002   6.1321972280290654E-002   6.1509130661220858E-002   6.1622326720395755E-002   6.1660209381289799E-002   6.1622325536323012E-002   6.1509128390694653E-002   6.1321969110977703E-002   6.1063072069217024E-002   6.0735494537147702E-002   6.0343072199831149E-002   5.9890352295320325E-002   5.9382516525073779E-002   5.8825296104730709E-002   5.8224881431008006E-002   5.7587828830622585E-002   5.6920966741326524E-002   5.6231303469216225E-002   5.5525938390280395E-002   5.4811978139618051E-002   5.4096458981135534E-002   5.3386276194835179E-002   5.2688120976584263E-002   5.2008425031709757E-002   5.1353312770245095E-002   5.0728560785477571E-002   5.0139564122039675E-002   4.9591308715113573E-002   4.9088349305466517E-002   4.8634792100963976E-002   4.8234281457510859E-002   4.7889989884028331E-002   4.7604610730096475E-002   4.7380352984854129E-002   4.7218937696145595E-002   4.7121595605378208E-002   4.7089065682949190E-002
