  0.98115874764262412       0.94745000076564312       0.78890984884644932       0.25104143828692721        4.6324844063663079E-002   7.5165762678205926E-003   1.1293426779877950E-003   1.6169269038361988E-004   2.5194660354039824E-005   1.0000000000000001E-005   1.0000000000000001E-005   1.0000000000000001E-005   1.0000000000000001E-005   1.0000000000000001E-005   1.0000000000000001E-005   1.0000000000000001E-005   1.6749469990569881E-005   7.2800331236425503E-005   2.8035599063393679E-004   8.0551615080352249E-004   1.6361808582097850E-003   3.6885759727057930E-003   8.7835642474316765E-003   1.1701529505501150E-002   1.3246296961475640E-002   1.6867820949771323E-002   3.3383810630255577E-002   8.6279153852385521E-002  0.10933686502437415       0.10281956889001941        5.8614546621678580E-002   1.0688220352377240E-002   1.5163074298919070E-003   2.1271580776022821E-004   7.5985153348296015E-005   6.5326418995990252E-005   3.4174386614861011E-005   1.3182692640695252E-005   1.4773636988489210E-005   9.2472781429507356E-005   7.1616009786903902E-004   5.2947083713010901E-003   3.5349629154993054E-002  0.18804280685044009       0.68202825714576043       0.87039236508698725       0.95185297117596246       0.98684895251856686       0.97596363363191529       0.82888795745644772       0.24917317330068875        5.3712379689613884E-002   1.2110166350249885E-002   2.2665195090005078E-003   3.7401750027565872E-004   8.1398126443119276E-005   2.1190851040252061E-004   1.7526296822554725E-003   1.5651322939835458E-002  0.13800024278510334       0.88318138539956192       0.97483309299036580       0.87706676664610328       0.12527463832565602        1.3544116062142585E-002   1.6882857796246928E-003   1.4656802459874871E-003   1.0260840460137366E-002   8.7353910757543118E-002  0.63901019630748390       0.95090604531085543       0.99355728359540796       0.99877233864658055       0.99749083866495725       0.98086766728187536       0.84488995022751512       0.11077715158330428        1.1409551245388885E-002   1.8945527664121498E-003   4.0250433574283264E-003   1.5177796716064292E-002   4.4894692565800184E-002  0.12223028220222483       0.29646482711970285       0.81699019413090468       0.97519939217719320       0.99700483995577927       0.99964877565852861       0.99995849801214520       0.99999000000000005       0.99999000000000005       0.99999000000000005       0.99998773939836905       0.99995663820197789       0.99987287307831352       0.99973555833483563       0.99967140228709028       0.99980422227246124       0.99992464714125995       0.99997669202737294       0.99998070806888351       0.99986914571759899       0.99878339525630500       0.98841654778594268       0.89048993737060289       0.18147577367897744        2.4528315545326675E-002   4.5171304898182010E-003   4.0225923797545544E-003   1.5914435632543963E-002   6.9946776709619435E-002  0.10940447379051890        2.3207597046337642E-002   3.7018032527986865E-003   5.5433933381108342E-004   2.0047922065739117E-004   1.1960682459188417E-003   1.1804555212617258E-002  0.11530062364466566       0.86255689852325501       0.98370981766789201       0.99775507089774562       0.99949751175918844       0.99956562635315938       0.99896651255167979       0.99787622538856435       0.99494902931504425       0.98919778842717676     
  0.99763582106413040       0.99213371862248878       0.96233811469612363       0.80009456624329001       0.22776045050774865        3.8533953567940572E-002   5.4276066884857447E-003   7.0711526234301593E-004   9.0447011282521734E-005   1.5319030319435564E-005   1.0000000000000001E-005   1.0000000000000001E-005   1.0000000000000001E-005   1.0000000000000001E-005   1.0000000000000001E-005   1.0000000000000001E-005   1.0000000000000001E-005   1.3923383443909656E-005   5.1852962105704591E-005   1.7232238739240565E-004   4.9039860389558986E-004   1.2050023766398295E-003   1.9972401662542976E-003   2.4103461545387397E-003   2.5674494870086811E-003   2.7921629996617340E-003   4.1438721856162271E-003   8.8209207059459123E-003   1.1200783237876263E-002   1.0539432713748411E-002   6.2895322872165088E-003   1.5263061496125563E-003   2.7354465004882387E-004   4.4532928991004715E-005   1.2298554830462200E-005   1.0000000000000001E-005   1.0000000000000001E-005   1.0000000000000001E-005   1.0485787400293647E-005   2.6978698473787578E-005   1.4522115589940302E-004   9.1928783817081874E-004   5.2937340599362396E-003   2.5399785236887653E-002   9.2698493885448680E-002  0.20636491920766423       0.64785532541182245       0.93284865086397539       0.98460534962744883       0.96525663177161125       0.81372640549553643       0.29943993244641753        8.0787725679554542E-002   1.3592400235742850E-002   1.9596131258005083E-003   2.9296486013693921E-004   2.9586681787905760E-004   2.2956479163488762E-003   2.0039400352789671E-002  0.16681983849255347       0.89057745852087433       0.97636193405318394       0.88177763078171656       0.13801552988047655        1.5803440509803535E-002   1.9413601633687775E-003   7.4016406754999335E-004   3.4606520999886374E-003   2.7339316814224315E-002  0.20903844276639766       0.87785442449273388       0.98535447634068341       0.99723894494625132       0.99262320023845441       0.95212657214608543       0.70250863636128968        8.5036390228917444E-002   9.2724797386142671E-003   5.6878222678306270E-003   2.9220698810187181E-002  0.12292066054243894       0.34025050857354655       0.78127001494299209       0.90182947710988604       0.97430671529967094       0.99555645196786002       0.99934387971683247       0.99990979329784180       0.99998675068488641       0.99999000000000005       0.99999000000000005       0.99999000000000005       0.99999000000000005       0.99997773275381063       0.99993746636433578       0.99987362451715101       0.99984530424774709       0.99990564960496053       0.99996224125410349       0.99998742601634039       0.99998895197247395       0.99992661316765752       0.99930292593463776       0.99324005613460242       0.93502412391785883       0.45863417551727526        8.3468724461705321E-002   2.4093144572540682E-002   2.5395961381205194E-002   9.2358354707807927E-002  0.47033003278294394       0.57859771334551902        7.7765227267105066E-002   8.7124892672861554E-003   9.8433898020447029E-004   2.1580303029889239E-004   1.0587496080541302E-003   1.0512894732656489E-002  0.10356942024398008       0.80938614901684824       0.96757878472166992       0.99208979747321824       0.99743740674442272       0.99884432890332098       0.99947522690834645       0.99960551710140577       0.99939224797883974       0.99881741982852890     
  0.99954192276657361       0.99864887610196940       0.99328360130464854       0.96047084064625254       0.77310240725372170       0.18354615880883615        2.3573547704202290E-002   2.7198395785705091E-003   3.0486902588759522E-004   3.8532551313450631E-005   1.3050334902889097E-005   1.2447097572572780E-005   1.2094242826825228E-005   1.0045277036444367E-005   1.0000000000000001E-005   1.0000000000000001E-005   1.0000000000000001E-005   3.1503755865853570E-005   1.5312625399000449E-004   7.1183543269304368E-004   2.8414941449687882E-003   8.1962242786917591E-003   1.1408124472241517E-002   1.2398533482292565E-002   1.2002503783915427E-002   9.5087764642525757E-003   4.1294638874864887E-003   1.9574322159066474E-003   1.4546235422023817E-003   1.2198256094090244E-003   7.5912835447181038E-004   2.3988349850707626E-004   5.6610157349075225E-005   1.2318379373155838E-005   1.0000000000000001E-005   1.0000000000000001E-005   1.2961665465480941E-005   3.5746381940428130E-005   6.8130174945438005E-005   6.4725036232128329E-005   4.9746225269364334E-005   1.4995934627920775E-004   7.2973589395048332E-004   3.1434521574516304E-003   1.1011822359179540E-002   3.3304324495570567E-002  0.16035040976044090       0.71338823664223316       0.95193487942982569       0.98777760599160402       0.96958706736529321       0.85987157649249701       0.47080197304023275        7.0009883588197930E-002   8.7368156460008780E-003   1.1256537068475758E-003   6.8820120923070150E-004   4.8870248505704806E-003   4.2771230943757510E-002  0.33730060101411741       0.91998725086768895       0.98179670382236339       0.90156846691975912       0.22531068934598400        3.1483285769950811E-002   5.1585779254487065E-003   1.9750642233718292E-003   2.9200170457181116E-003   1.4723461636585977E-002  0.11798669094992126       0.80651196980462136       0.97483778800644427       0.99194380035905638       0.96490976094077430       0.79469933101717882       0.20853293868260925        2.7461969613550449E-002   6.1641064524739038E-003   2.5696451115263853E-002  0.19080719873070337       0.73525993801017608       0.90351869496195925       0.97116602612865055       0.98879194787004254       0.99678244894012102       0.99933066611304333       0.99988292684239743       0.99998034437575911       0.99999000000000005       0.99999000000000005       0.99999000000000005       0.99999000000000005       0.99999000000000005       0.99999000000000005       0.99997797065179794       0.99995728576037990       0.99994844138899497       0.99996706560367188       0.99998406092812919       0.99998970489590755       0.99998822788284969       0.99996567720937701       0.99974636343262502       0.99780969430808597       0.98161939565216427       0.86070025883095114       0.35397928729621142       0.16690119095428813       0.16994875335486165       0.37001621060734152       0.84540794539630626       0.80743500144841818       0.10713229890218119        1.1196644851158450E-002   1.1628882999509828E-003   1.8856212595397601E-004   6.7171117146337211E-004   6.4022114270704169E-003   6.0975149240208998E-002  0.50064878862648443       0.84317320476199897       0.94320505441105762       0.97913613377887043       0.98977186021924890       0.99632118854366014       0.99855493550422814       0.99940438474285376       0.99963776157621231     
  0.99856688706612173       0.99868694801293800       0.99796334324513403       0.99109931442515375       0.94250032152455598       0.64450145530314240        7.6170115293116847E-002   7.6413871408693634E-003   7.6413199989655112E-004   1.0037903216750239E-004   7.1692873012880470E-005   1.0012585686649858E-004   1.0693471168605178E-004   8.6768004890184700E-005   4.7819479567715960E-005   3.0330869696276349E-005   4.9578490151955629E-005   2.0107830497664313E-004   1.0379129322572965E-003   5.3271355391141207E-003   2.4322648762828372E-002   8.0825891874907713E-002  0.11074148713719006       0.11854903875925575       0.11482451465059036        9.1274445867010737E-002   3.2169249700791720E-002   8.5661607395615489E-003   2.7549297111059746E-003   1.5016920395972406E-003   9.6814205499805588E-004   3.7249185008430625E-004   1.0498550076381798E-004   2.4907548556264371E-005   1.0000000000000001E-005   2.1240482639281415E-005   8.8788116455476031E-005   3.0732024016946318E-004   6.5908876252055923E-004   5.7668356345465211E-004   2.0257618800304859E-004   7.0161448612139252E-005   1.0702545860829878E-004   3.9378648354242509E-004   1.4250309067459792E-003   5.6525965185754545E-003   3.2683003838158947E-002  0.20135212216506518       0.80122900749825499       0.97094390020616539       0.99138906578344410       0.97275507508403325       0.84235063513204256       0.21824807238152599        2.8539037526375294E-002   3.6604156243717411E-003   1.9252565634719845E-003   1.2048065519067336E-002  0.10455803077905090       0.76304941548979732       0.96996643527324955       0.99165081868165117       0.95435845227600280       0.63761401129104589       0.11540561348628048        2.6949043933410768E-002   1.5044001586817979E-002   1.5606441350840862E-002   3.2434101757835503E-002  0.16138503689874178       0.84134804159789334       0.97651399046544152       0.97251316482344807       0.82410417646517453       0.25529393995672034        4.4719711105148871E-002   7.2417936223180875E-003   9.3817626372999854E-003   8.4409743505837048E-002  0.69661443419686209       0.94509961562841527       0.98671982918918977       0.99635505416002468       0.99871584654746171       0.99960889633307770       0.99990641011375081       0.99998001226683675       0.99999000000000005       0.99999000000000005       0.99999000000000005       0.99999000000000005       0.99999000000000005       0.99999000000000005       0.99999000000000005       0.99999000000000005       0.99998794527855717       0.99998482723625137       0.99998386818528040       0.99997128629679843       0.99994086419618611       0.99992124855102360       0.99993183554590037       0.99990822262312207       0.99950839067883634       0.99666372867513664       0.98030880898294770       0.92197185465672682       0.89052502307291515       0.89081738666424914       0.92139012247384877       0.96161191183225392       0.84117455677679409       0.11046123322115789        1.1295141960406372E-002   1.1353977019277917E-003   1.3803868089303325E-004   2.1381405864837226E-004   1.6322346160807925E-003   1.2018111543534870E-002   7.1696435510690742E-002  0.19347389817434296       0.57784822920031209       0.83113512778722509       0.90586146516382204       0.96833573503211168       0.98733687964464067       0.99529325303996286       0.99790711407720101     
  0.98675109238483627       0.98904197113156878       0.99229092700214250       0.99296867831689917       0.97047714982428346       0.79673196483983322        9.9281594046802549E-002   9.9432163950396377E-003   1.0267575719338320E-003   3.0392445192057053E-004   6.2208255670487397E-004   9.9699009418150169E-004   1.0799059938992278E-003   8.7507214931529999E-004   4.4392221327484036E-004   2.5519623837877648E-004   3.5518076299159566E-004   1.3002865965550466E-003   6.7484985650175600E-003   3.6994832928949388E-002  0.18749176923694971       0.67402399250869915       0.84246355273272666       0.86968471312147499       0.85590646376768587       0.73787994061972040       0.24679089662977638        6.2076966019341664E-002   2.1025962505436313E-002   1.2783930210909662E-002   8.4620127680462148E-003   2.6315496699608277E-003   6.1221169306533839E-004   1.2347626756537328E-004   4.1307345465888721E-005   1.2396112611638875E-004   6.3233355729807087E-004   2.6096639233056762E-003   6.4464791565055236E-003   5.4124843260782264E-003   1.4970284102231745E-003   3.0620426447361073E-004   6.6927457664206762E-005   6.1123207487302463E-005   2.1673686716611399E-004   1.0946160225031550E-003   7.1287490355978851E-003   4.9101703901333671E-002  0.30844731566356104       0.89000216784276553       0.98433284240067898       0.99173189849329713       0.95559750851071557       0.69582149608649646        9.2937314480063343E-002   1.2242544835356309E-002   6.9229098777544209E-003   3.1097249945067573E-002  0.19870821566772698       0.88104102017993524       0.98635310780978214       0.99687269140047330       0.98639309397780772       0.89728502567482715       0.43174975248486358       0.17649788827217097       0.13179001232596368       0.13303779857049453       0.18666232108904868       0.48765985942399881       0.92418388686238262       0.97695884999618698       0.89768732654834638       0.33488839767916756        5.8642684895202475E-002   9.3450128132669952E-003   2.5094956754519045E-003   1.1521948066674326E-002  0.11103343263460189       0.84508585541277925       0.98033100995839628       0.99706757362806642       0.99942326800694847       0.99983481753550740       0.99994424881821176       0.99997740181178574       0.99998707123796204       0.99999000000000005       0.99999000000000005       0.99999000000000005       0.99999000000000005       0.99999000000000005       0.99999000000000005       0.99999000000000005       0.99999000000000005       0.99999000000000005       0.99998317090367617       0.99993587029184772       0.99977250049703392       0.99942929268799419       0.99920979307802593       0.99940004114833425       0.99972509625007322       0.99980138554635323       0.99937808537898365       0.99725389393911146       0.99119407004954685       0.98749981777963092       0.98699613000724162       0.98683604943398395       0.96350350581411059       0.74754467124820745        9.1703361566703126E-002   9.2433845350394610E-003   9.2279482056142122E-004   9.9046541197252730E-005   5.4501625217108221E-005   3.0729549707419492E-004   1.8324306179063117E-003   8.6397553816987636E-003   2.4403564156603986E-002   7.1038882407357243E-002  0.13105462047031577       0.28192062884558988       0.75307741426764574       0.88925550055049862       0.95955835096296060       0.98161364910960225     
  0.87618855559301712       0.89322924025267703       0.92758814788829635       0.96113646704640754       0.92688808906020159       0.66523311651407302        7.9481276258461658E-002   8.0645912812700102E-003   1.1591839945212590E-003   1.8139289002943235E-003   5.9369092206517267E-003   1.0073928157304684E-002   1.0942220027703051E-002   8.8692723548548739E-003   4.1175194506372238E-003   2.2193005218584670E-003   2.6691556038855430E-003   8.3399293130056746E-003   4.0755902075212680E-002  0.21191675756242359       0.76721167444854566       0.94570036015576509       0.98027230919891828       0.98560659975576481       0.98288135037696245       0.95959457425721106       0.82952522157762265       0.37085030925535489       0.16334143562596162       0.11692565337645337        7.8786101783872034E-002   1.7757536809087419E-002   3.1716331173155458E-003   5.2473364314804122E-004   1.6841128964466831E-004   6.5074954273788908E-004   4.0584227897413261E-003   2.0988148148105738E-002   6.2096423035479659E-002   4.9241620382656524E-002   1.0097252401286934E-002   1.5945936655264567E-003   2.3357106356967954E-004   4.0780930358054816E-005   4.4646341226893142E-005   2.5154892521513333E-004   1.8222501490337709E-003   1.3929697313636556E-002  0.10767019982860911       0.68307736985656553       0.94498609339551332       0.98941880409758953       0.98266859987217070       0.86853329493444786       0.19401586983600005        4.2199664581431560E-002   3.8894998025463139E-002  0.14241741258466842       0.58941681191853312       0.94719874795579495       0.99400854696240404       0.99897278636272535       0.99737349101903272       0.98451350917873914       0.93178294284048102       0.89334711511484066       0.88209134976007697       0.88219764192108463       0.89427920411069539       0.93481324267749621       0.97766803329176288       0.94747589727925396       0.71854649975890494       0.11740293957951829        1.5802471763386047E-002   2.3075198266022568E-003   1.4739362767053792E-003   1.1679009532057819E-002  0.11381481785015767       0.85662706885763229       0.98340040495330250       0.99806248416291399       0.99973914745013759       0.99992460770238467       0.99991334673712817       0.99989397335961605       0.99989893499128035       0.99993154912212612       0.99997240343112392       0.99999000000000005       0.99999000000000005       0.99999000000000005       0.99999000000000005       0.99999000000000005       0.99999000000000005       0.99998245188171242       0.99990470781731089       0.99951466313256498       0.99799767303194886       0.99441040876824771       0.99193458143973512       0.99407363040652252       0.99762657071090077       0.99900743850128870       0.99890940456797728       0.99687646964833154       0.99125790015226733       0.98744402154326039       0.98510126158509104       0.97533981260908931       0.89417090952677891       0.33324448020891678        4.2104847073278925E-002   4.8154498825885529E-003   5.5745300817455052E-004   6.7850308366927217E-005   1.6668324538558845E-005   5.0920661843879778E-005   2.5394511141292782E-004   1.0204095427748837E-003   2.8356772854262339E-003   7.6054920156695561E-003   1.5251063643038321E-002   3.7045948845854902E-002  0.10946689487729822       0.24079940573167699       0.68870892032223296       0.84412894727416066     
  0.12858940522082393       0.17586642006839592       0.38983953549615064       0.70897163956586129       0.61744077547045217       0.16322166160885945        2.2509577672833275E-002   3.0643763526687537E-003   2.6651499170836784E-003   1.3604517245903135E-002   5.6220668263053705E-002   9.9931538197138653E-002  0.10832879490433528        8.8577924563262730E-002   3.7194557162321382E-002   1.9363421241035864E-002   2.1051844019727515E-002   5.4379575695712390E-002  0.22565406441629920       0.77771142272954319       0.95707929068612430       0.99144524453011273       0.99747344906063495       0.99837230696764845       0.99781240369016733       0.99402845887603597       0.97683922589093508       0.92243198772688062       0.88151827415884731       0.83174768041625524       0.61348818882490153        9.0317658347170524E-002   1.1487378795159695E-002   1.5103683478959516E-003   5.0840599829449240E-004   2.6948004975334357E-003   2.1252282231790997E-002  0.14714396591663431       0.51671476391677984       0.38265969974704711        5.2116624024313794E-002   6.0840033616342886E-003   7.0755022815849951E-004   8.5841922758558264E-005   1.9072048514926905E-005   6.2001465436198241E-005   4.5467029944496861E-004   3.4650982681547426E-003   2.6218832197194997E-002  0.18312355619793397       0.75920261131976463       0.95750123761978223       0.98750703940015594       0.94534644097543397       0.60414486180064086       0.23643622372635478       0.25530410443970775       0.67096941860540982       0.92051246609786186       0.98787425593422817       0.99837965120535621       0.99973183983968450       0.99957808275996374       0.99801691770605039       0.99296098469397276       0.98904756705135721       0.98744548220132622       0.98643678317744787       0.98481935163357148       0.97801579097140035       0.94553877168349376       0.76080994541502889       0.19564712140035034        2.8578956075616942E-002   3.8695731582360465E-003   6.2177985362357616E-004   1.0449180140687507E-003   9.7996591507515420E-003   9.6945252869818088E-002  0.77639255731933965       0.97109316476513508       0.99643329885420162       0.99942367560749346       0.99959969155014605       0.99919700622144314       0.99894112169586768       0.99898047887089236       0.99932545258288075       0.99976102306546077       0.99994083540616929       0.99998687282575860       0.99999000000000005       0.99999000000000005       0.99999000000000005       0.99998575819734892       0.99990850562900824       0.99939869069667320       0.99645878448246794       0.98293201341516656       0.94630073417848004       0.91872734052830107       0.94225134824644963       0.97912018323223537       0.99155436859251145       0.99137457355962189       0.97518691176872507       0.92173846075981003       0.88968931729846634       0.87638813920980418       0.84722805208260643       0.67527985055759510       0.12512753812202618        2.0549323415372026E-002   3.8946661203781603E-003   7.1318703204122417E-004   1.2010975919992160E-004   2.0468178497584760E-005   1.2379704661851872E-005   4.4424351349572808E-005   1.6332040621301901E-004   4.5603262025563531E-004   1.0560228405046424E-003   1.9858569426833891E-003   4.5159751762587491E-003   1.2511213943852123E-002   3.0088069950719564E-002   8.2551780849769898E-002  0.11195739676494264     
   1.3975377236121713E-002   2.1071186252477791E-002   4.7068957166337966E-002   8.4330566879902147E-002   7.2560622431117466E-002   2.1865110061657523E-002   4.1510795122983246E-003   2.1765737095467809E-003   1.2731333604727123E-002   9.1648511370914537E-002  0.46264068985202406       0.79421526303967960       0.83814637063456399       0.73080058433596429       0.29908129544601730       0.16210359291400542       0.16639348062331877       0.33389524142042515       0.81149965910738131       0.96156932947621698       0.99287426074406271       0.99863259979837005       0.99960530867482711       0.99951699549843043       0.99830681333621152       0.99411426063195063       0.98704698962277626       0.97799104991569041       0.96365710902358026       0.90697304784014809       0.65488032658562889        9.2271819506597796E-002   1.1274007728390883E-002   1.4783061028334193E-003   8.7017623191329180E-004   6.7249340572387668E-003   6.4382299326452924E-002  0.53447680800820230       0.83130224293924060       0.64057595218712682        7.9993918284760962E-002   8.5551822156336391E-003   9.3112313707666421E-004   1.0590911983302192E-004   1.4588168204324782E-005   1.6132336535390684E-005   1.0420390388706207E-004   7.5955857365813989E-004   5.4169863105215221E-003   3.6640319810840843E-002  0.21541457193345584       0.80056462097587078       0.97206501421830516       0.98719445922734339       0.94989711860909642       0.90562614191001878       0.90900765898963087       0.95849267207870925       0.98886796495676699       0.99791462717903867       0.99966961952812972       0.99994196431878823       0.99993584514502210       0.99974756046617341       0.99918580482824837       0.99832566218041663       0.99584379132664169       0.98749216466407630       0.96534031245835461       0.88420753635621341       0.69879629179811109       0.19023614989250143        3.5628565572605790E-002   5.5775708458556828E-003   8.1953558102167731E-004   1.7154478123299267E-004   5.5200826492385390E-004   5.0884054070240254E-003   4.7154835796770704E-002  0.38423858653370002       0.91207058265404906       0.98824685707347015       0.99716033697514239       0.99659453443795232       0.99191194167965946       0.98926677479748226       0.98967500828032506       0.99333094350044204       0.99793126802239662       0.99956117825060786       0.99992337694870792       0.99998678125150242       0.99999000000000005       0.99999000000000005       0.99994322139043301       0.99955461552225056       0.99665337525838171       0.97681696466107804       0.86632279666955636       0.54893419985185266       0.31152802802859070       0.50885990665060488       0.83047271434920744       0.92789181921406361       0.92883787650135563       0.80415877922202228       0.34439550682337139       0.16170753459952003       0.12749698684524091       0.11752847998063368        9.7667196541054685E-002   6.3031508058782770E-002   5.0455745135074337E-002   1.7440461049502691E-002   3.5144441727486915E-003   5.7184270259022908E-004   8.5942918317138001E-005   2.6309025402897781E-005   8.0541055804092264E-005   3.5817271893571491E-004   1.2136530607499741E-003   2.2183310606956820E-003   2.4669509973890605E-003   1.7850403331592444E-003   1.7719690104003392E-003   3.4576056563613232E-003   8.3171819992743229E-003   1.1532871354468035E-002
   1.4815610811963569E-003   2.3583123870165360E-003   5.0101339355708855E-003   8.3758196766486326E-003   7.2878949618451240E-003   2.6510894164763349E-003   1.0971192151609671E-003   4.9677119929505105E-003   4.5016538210329693E-002  0.36537219034006840       0.87066728404476301       0.96861935066263838       0.98018890565591521       0.96646239523251543       0.91608553661667336       0.89168013146536806       0.89246175360408353       0.92059690573354613       0.97566879610350088       0.99451569392886563       0.99890237636014922       0.99974701537036237       0.99966026919033657       0.99806089859422664       0.98898070765047463       0.95276850130430468       0.90013100878733221       0.87380476698145859       0.82303618337246920       0.58334646940906754       0.15545159557668303        2.4745826609673616E-002   3.6473408679348926E-003   5.8973257822364869E-004   6.6934584116230627E-004   5.5347194694101674E-003   5.0014434367625267E-002  0.38751615119411675       0.63335509623378505       0.28104460829096739        3.8872910788913848E-002   4.6716121431412292E-003   5.5297939072639231E-004   6.7869171368841152E-005   1.0012844804040276E-005   1.0000000000000001E-005   2.3541636825379797E-005   1.5967234909273305E-004   1.1075976970671062E-003   7.5100919593873387E-003   4.9604903641646388E-002  0.30252409979459666       0.91073906016151385       0.98910624764957400       0.99355621150051399       0.99039215239531952       0.99084877146872419       0.99540131407367438       0.99858562049352795       0.99968672951386839       0.99994141705218864       0.99998643615602334       0.99997852282837552       0.99988685390331022       0.99933090196381147       0.99596843526526058       0.97730253563749203       0.90589398442685209       0.75506543417267358       0.26353836120088220       0.10358454595973604        2.6653841640617910E-002   5.4023225872649938E-003   9.4483915240021099E-004   1.5395454259760583E-004   4.6875180647335457E-005   2.1793851101731937E-004   1.9036153717213267E-003   1.6490346385832771E-002  0.13435368803962577       0.75662427335400806       0.95314618012789210       0.98071063355304200       0.97016878862150679       0.91926685543195119       0.89354631079297864       0.89753290334049340       0.93508537184627638       0.98297015288375966       0.99701425237184094       0.99955746737160456       0.99993968033475500       0.99998920927202406       0.99997645583547401       0.99980072671747688       0.99825492271195626       0.98510784603755319       0.88060489890717597       0.31374165774429841        8.9340514215507746E-002   4.1805321439295599E-002   6.9111674922946273E-002  0.17273740963344650       0.46558023398150084       0.49557044046325799       0.17557617231192049        5.1385508400037611E-002   2.0083175624808634E-002   1.4712510305239455E-002   1.8723557092689091E-002   5.7949938277437392E-002  0.29996546051148071       0.37340360306697223       0.12884098021383117        2.0981192976039439E-002   2.8621057133982855E-003   3.7768847916869419E-004   1.2111176754168616E-004   4.7172810903593499E-004   2.5168218640070576E-003   1.0205693585236715E-002   1.8154679386260940E-002   1.9318088321422733E-002   1.1047651241430716E-002   2.9963256535573473E-003   9.0957539807814166E-004   9.1379050730430831E-004   1.1767835621669712E-003
   1.6363208964296629E-004   2.5938104419772690E-004   5.2172287282070229E-004   8.2154936912667853E-004   7.2942408089542003E-004   3.7318372805661410E-004   8.6556170594239931E-004   8.0193451892422232E-003   8.0394041216968706E-002  0.68030539499286413       0.95342772384327967       0.99243240464824467       0.99724004032785485       0.99619452815906262       0.99159683457569947       0.98905695998931753       0.98913331565019236       0.99202186238762213       0.99718816247486752       0.99927882201545748       0.99982331477458086       0.99980382485568930       0.99866486300355906       0.98973428321003687       0.92785926513705486       0.62529610355351029       0.21898985477765567       0.13358295536611633       0.10851048260148269        6.9759048510614138E-002   2.0698572549209815E-002   4.2465889763881482E-003   7.7155371044419481E-004   1.5611380676547283E-004   2.2263308987965837E-004   1.4939852771063413E-003   9.9999760263793092E-003   5.1528062649875604E-002   7.7402368076077893E-002   3.8243411038807101E-002   7.5841220427023109E-003   1.2000227207409236E-003   1.9115020530125938E-004   4.1567386791435554E-005   1.1939198953355152E-005   1.0000000000000001E-005   1.0000000000000001E-005   3.8386045529431172E-005   2.8083757927856520E-004   2.1436405183242720E-003   1.7069139858971030E-002  0.13867900441158529       0.85074919428187967       0.98216272800085624       0.99741415145866907       0.99882098907711381       0.99905678098947082       0.99949021202961363       0.99981619195021187       0.99994404969261030       0.99997749114437962       0.99997875001078596       0.99993447306883798       0.99958873780537616       0.99694536581979065       0.97704774670537287       0.84204409513031109       0.34904610746950077       0.12549972191588410        3.6561400724133990E-002   1.2417544858657769E-002   3.3836185930737439E-003   7.5589801014984892E-004   1.4641294500136260E-004   2.7088969380227645E-005   1.2988070457346695E-005   6.9520560605267108E-005   5.6432197972483881E-004   4.4803242522869335E-003   3.3757053663930885E-002  0.22094394380457652       0.74478824116310027       0.84808477934237980       0.76095332061990961       0.32144603206751332       0.17001620468049780       0.19113191808126317       0.45500586035541163       0.87566550883814875       0.98280636351771800       0.99788499121094931       0.99975121697306069       0.99996597430482681       0.99994287770915091       0.99948322674886336       0.99510492598410138       0.95478042262179275       0.63280314693278927        9.9561038974718921E-002   1.6752324152802110E-002   5.5747214526606029E-003   8.1834152534615307E-003   2.1372038069213978E-002   5.4805153264859199E-002   5.8145462585334276E-002   2.2266578392701179E-002   6.8305710049773776E-003   2.9397768590408340E-003   4.0973487639010108E-003   1.8158024015682183E-002  0.12936095298494807       0.78064032509245429       0.88202768112125296       0.66904117033454269        9.6068006223453600E-002   1.1274210550023754E-002   1.3605092122172021E-003   5.0624502672648984E-004   2.5506255507198707E-003   1.6903149830975406E-002   8.8634172348078438E-002  0.14910764307882973       0.15685059403436905        9.4371096120693179E-002   1.9510294739891420E-002   3.0903000253943865E-003   5.0913196798596364E-004   1.7367449794957076E-004
   3.7660081152830504E-005   3.0551366517336595E-005   5.4494192622864298E-005   8.1458433556785273E-005   7.8103727959977218E-005   9.6302687461546701E-005   6.4458876589089495E-004   6.3400119531643621E-003   6.2369508256764704E-002  0.53251533485512437       0.92604900604930462       0.98876624130447766       0.99799838324679824       0.99930080103705921       0.99912227034677348       0.99891249773806357       0.99892588945300897       0.99920889625339815       0.99968649734629933       0.99990368689920783       0.99992032065484826       0.99948624010153575       0.99549521565152532       0.96071855347157864       0.69618881293348778       0.15219466725098837        3.4206820409296915E-002   1.5542387293649929E-002   1.1361751868114249E-002   7.1948719354945597E-003   2.4667061801058230E-003   6.1613193064915292E-004   1.3482359211818283E-004   4.1346196337694821E-005   8.2444860934410228E-005   3.6466895426094572E-004   1.6261524481083797E-003   5.9348967572217491E-003   8.1632652386569582E-003   4.6104946461070183E-003   1.3010900629375254E-003   4.0147689623246352E-004   2.4093363868891253E-004   1.5916532003727444E-004   6.0548081520347686E-005   1.7607108124017734E-005   1.0000000000000001E-005   1.3653377932751934E-005   1.0635223754285262E-004   9.4840019250432440E-004   8.8188304860037422E-003   8.3368523454548135E-002  0.67302449697254574       0.95833549478792290       0.99510037864084333       0.99924980771242733       0.99972141835844419       0.99981162136165724       0.99985035980329906       0.99986567932076564       0.99986766430515539       0.99984439011331439       0.99966067299766148       0.99827794256155966       0.98752827339539462       0.90195400813610327       0.33711675288575849        6.9175008372236446E-002   1.7484014235774125E-002   4.7402799232088618E-003   1.4886988241939259E-003   4.2030820568520508E-004   1.0143723872567323E-004   2.2410077967669824E-005   1.0000000000000001E-005   1.0000000000000001E-005   1.9374774192431437E-005   1.3509564719781073E-004   9.4033821376049518E-004   5.9503039668925657E-003   3.1274785458294305E-002  0.10051795653467632       0.12542895474975393        9.9774101326869341E-002   4.1078302047970548E-002   2.0943142746548179E-002   2.7116944460341481E-002   9.5128803969179596E-002  0.45269861722998639       0.93310792484874472       0.99292324142453225       0.99925707506339390       0.99991294132232400       0.99990174589771119       0.99908709215763736       0.99073878558354489       0.90745269631168501       0.24376213024887552        3.2757848762067235E-002   4.4489962456548231E-003   9.4483973400446707E-004   9.9281175503582327E-004   2.5005718172154000E-003   5.9090091789471338E-003   6.6945106352719946E-003   3.7309281324811954E-003   2.4950990199379863E-003   3.8785798512099459E-003   1.2901586453521262E-002   5.6023280417168420E-002  0.30562020899703729       0.90232977140438242       0.96995098288894421       0.87482290948554287       0.23243240980249696        3.1021305395165500E-002   4.0175218195943729E-003   1.7370732329000875E-003   1.0548302712980906E-002   9.0116987380373298E-002  0.65085947402482025       0.85547826029944485       0.86084669431115568       0.67622907090290707       0.10938075132244571        1.3528807285124423E-002   1.6087720000918738E-003   1.9723685025015836E-004
   4.4303391797348002E-005   1.0000000000000001E-005   1.0000000000000001E-005   1.0000000000000001E-005   1.1039437761378493E-005   3.2040353727968396E-005   2.5955341900363174E-004   2.3116054916616437E-003   1.9963412466869824E-002  0.15698768657120804       0.74288970800328225       0.95050582495891522       0.99088395522300377       0.99837032262741110       0.99965599044343656       0.99985258155923418       0.99988806144185183       0.99992026055122629       0.99996317815760449       0.99996956086334055       0.99984627867980969       0.99876775265870588       0.98921331542564195       0.90138097258829752       0.24347870505870656        3.6766360524873566E-002   6.4518752926143140E-003   2.4869531278501810E-003   1.7117925172052844E-003   9.5363329376327527E-004   3.4042915163883056E-004   9.6135101964196432E-005   3.6362749895201289E-005   7.5558223275668933E-005   2.8760264531364711E-004   8.0943598795693225E-004   1.3158333818083583E-003   1.8879244320728127E-003   2.1278774445852226E-003   1.8374975144295092E-003   1.5776822061750802E-003   1.6481303665940004E-003   1.7655659831878026E-003   1.2759801350859070E-003   4.2420779788531447E-004   1.0052513808748286E-004   2.0730568966217558E-005   1.0000000000000001E-005   4.3428713846533119E-005   3.8332823107817184E-004   3.4354390386690326E-003   3.0217871163328889E-002  0.24054390156028438       0.89493361778907576       0.98708103597309405       0.99738711081639841       0.99855339717248015       0.99869417280571005       0.99871614961552624       0.99872279515494478       0.99871425392499658       0.99860497661504499       0.99781557337294779       0.99240913942169895       0.95610521179194652       0.73574932824716688       0.12016500102851425        1.6965649310814492E-002   2.9996881923530783E-003   6.7232648824228807E-004   1.8731699183178845E-004   5.2854833539450054E-005   1.4577807761678003E-005   1.0000000000000001E-005   1.0000000000000001E-005   1.0000000000000001E-005   1.0000000000000001E-005   2.8915961224010699E-005   1.7226592990044403E-004   9.2817742059544787E-004   4.0261225424031415E-003   1.1257227479370418E-002   1.4227181843117489E-002   1.0782182202343166E-002   4.7465102114139963E-003   2.5844603864460039E-003   4.6598091867948582E-003   2.4803609468836696E-002  0.17476830439332627       0.88038552209198795       0.98679790955934354       0.99857731219396451       0.99983776923704870       0.99988815976822198       0.99902718603888774       0.99010548450899072       0.90103448607099568       0.20476841874768240        2.6768376541106535E-002   3.3755057238437631E-003   4.8349516511727745E-004   2.4021095427472693E-004   7.3902653987010201E-004   2.7794156445304758E-003   7.8223536208569724E-003   1.1651228292999657E-002   1.5118958169993417E-002   2.8255411630743871E-002   8.8883987925233054E-002  0.26882405691007666       0.81584333502965611       0.97399724546156119       0.99158929659420558       0.95906742696031422       0.70039369871061263       0.10389785948964772        1.3894238464092363E-002   4.6191698302384546E-003   2.0958390508474187E-002  0.16456074898223241       0.86292041671088704       0.97353430915385697       0.97556982429601513       0.88249195266843983       0.25407481445479041        3.1985344104837818E-002   3.6128238349788155E-003   3.9603952877723288E-004
   4.8777201005455021E-005   1.0000000000000001E-005   1.0000000000000001E-005   1.0000000000000001E-005   1.0000000000000001E-005   1.0685150470204276E-005   7.4732750229971275E-005   5.9456059168987185E-004   4.5428343678917153E-003   3.2214006560471568E-002  0.19403529625895671       0.74547655462289020       0.94799208564262438       0.99130668805097333       0.99866463752385215       0.99979781986253957       0.99996280311648222       0.99998703703689329       0.99998488935802832       0.99992401109178064       0.99950198792050760       0.99670721044750377       0.97775744704399070       0.84389125366268936       0.12953330809667082        1.5888358515472833E-002   4.1998406307386660E-003   5.7279021162052078E-003   5.2284315560739139E-003   1.9733708056173761E-003   4.7266404865703936E-004   1.0495256906047758E-004   1.0732100376200491E-004   5.2530883104376955E-004   2.4397986206107884E-003   7.6036307202180832E-003   1.1116728884073645E-002   1.2403050951549198E-002   1.2791629671326165E-002   1.3003620541227631E-002   1.3520672463027404E-002   1.4692144520532422E-002   1.5373626799377699E-002   1.0863139240943929E-002   2.9492936005024381E-003   5.7824910570865101E-004   9.6988277178939225E-005   1.6911872631247252E-005   2.0629637651999807E-005   1.6643553015535024E-004   1.4950677615672659E-003   1.3437268736475542E-002  0.11778271519948419       0.78910313557704992       0.95934417349508450       0.98354249253843784       0.98681551585088645       0.98726694774132107       0.98734336283722757       0.98737482067605453       0.98733728422231204       0.98678247019189058       0.98280025173501628       0.95634053590181234       0.79581369881819564       0.21617866806360600        3.1105632978007985E-002   4.2011950495430593E-003   6.2476817928598834E-004   1.1267665034412553E-004   2.6759479619189334E-005   1.0000000000000001E-005   1.0000000000000001E-005   1.0000000000000001E-005   1.0000000000000001E-005   1.0000000000000001E-005   1.0000000000000001E-005   1.0000000000000001E-005   2.9934222232388608E-005   1.3780116008669995E-004   5.1499070770075401E-004   1.2824898311608957E-003   1.6119473681681913E-003   1.1785369346289769E-003   5.5364483796987995E-004   3.9320630476878389E-004   1.4533725654447855E-003   1.1781101189788014E-002  0.10651610639183767       0.78808565542903297       0.97399904663289383       0.99709567245495312       0.99967751637030322       0.99989776270021324       0.99931767604189548       0.99324315536143160       0.93354582561252952       0.43571208923289317        6.5908367866905987E-002   8.6975575759903525E-003   1.2137628299607524E-003   6.2464638126585837E-004   3.1545576202798215E-003   1.8043594526022558E-002   7.0139341547907436E-002  0.10937301225367710       0.13386339315564388       0.21597803700772550       0.59507537514876174       0.86786641690067923       0.97091928934040461       0.99505331241699135       0.99763651020288591       0.98597982294291331       0.88546530620570929       0.27323846298542975        5.1203315387445769E-002   1.5701666083412873E-002   3.5415260055372808E-002  0.24289997484940623       0.90523389411446209       0.98785072458077039       0.98588519217084181       0.90242137544206691       0.32113881632868391        3.9517789412013136E-002   4.3171925381544889E-003   4.5910948208774264E-004
   2.7509841940010959E-005   1.0000000000000001E-005   1.0000000000000001E-005   1.0000000000000001E-005   1.0000000000000001E-005   1.0000000000000001E-005   2.2338711217394198E-005   1.3314308609118386E-004   8.8658898032829825E-004   5.7509747342357614E-003   3.4551754628866213E-002  0.18629301414172764       0.72912409377685372       0.95702629967662878       0.99411841809606605       0.99923349361014602       0.99990129576008913       0.99998007929352828       0.99994727890047130       0.99964391320016821       0.99760651084580843       0.98482486802344504       0.91373113547631457       0.62718228917932972        7.9161226657450914E-002   1.3568000649340592E-002   2.0557012410326245E-002   5.1620360410917832E-002   4.8056582820296026E-002   1.5543776751449809E-002   2.9739649271062064E-003   5.3225827209668294E-004   5.9946055309442487E-004   3.6133368071575253E-003   2.0486503544590810E-002   7.4910875311272759E-002  0.10874957074553600       0.11905653006488491       0.12171000809571426       0.12310674151958163       0.12602700843442871       0.13208955751046350       0.13315249363560758        9.4300436123198453E-002   1.9520683080140280E-002   3.0337951582453293E-003   4.2259225211177618E-004   5.6373512568122173E-005   1.4981588307166547E-005   7.1397092116198208E-005   6.2231203497436875E-004   5.4348031238169491E-003   4.6170152202478575E-002  0.34097374835147926       0.77651433015150573       0.86300935892692698       0.87610663404824884       0.87805200926720794       0.87841802737404751       0.87860414162141653       0.87846658557657686       0.87581167470801291       0.85682546622418110       0.73701624011698852       0.23988215515732644        4.4379146647915549E-002   6.7312468833428812E-003   9.6000310206631934E-004   1.3904154648476105E-004   2.2873653071341573E-005   1.0000000000000001E-005   1.0000000000000001E-005   1.0000000000000001E-005   1.0000000000000001E-005   1.0000000000000001E-005   1.0000000000000001E-005   1.0000000000000001E-005   1.0000000000000001E-005   1.0000000000000001E-005   2.1247589837189292E-005   6.7198753086031906E-005   1.5102217684981675E-004   1.8627552119237055E-004   1.3282287511648090E-004   6.9148536860529159E-005   9.3573496206351609E-005   6.1865878950563341E-004   5.5709813063729487E-003   5.0933036721912787E-002  0.41316999932338927       0.93082343385548239       0.99297897452695372       0.99929167724063961       0.99989461264075330       0.99970089969497145       0.99749828065420731       0.97869715993105522       0.83216913377881874       0.22238965180214165        3.0925991903371315E-002   4.2639237778393426E-003   2.6502171852859527E-003   1.7500533826763046E-002  0.12912871558495875       0.58495190189216317       0.82726485839540709       0.87589874244252908       0.90052381908035883       0.95036124563897018       0.98351700604640735       0.99598538527076219       0.99917547415209340       0.99940195792860720       0.99626096770678840       0.97145479926694323       0.80410636744333108       0.25799021182111864        9.2129371939522045E-002   8.7466034930231765E-002  0.36860098683960180       0.92390898135684074       0.98651268334245468       0.95988475770509185       0.76732601613739015       0.14104544154900209        1.7654978245428443E-002   2.0760958350397648E-003   2.3806605240906219E-004
   1.1341457659766816E-005   1.0000000000000001E-005   1.0000000000000001E-005   1.0000000000000001E-005   1.0000000000000001E-005   2.1499061256081315E-005   4.6652444330757287E-005   8.6546584584784979E-005   2.0349865469193444E-004   1.0136648505043968E-003   6.0152172059657711E-003   3.5901317188725093E-002  0.21017535914414998       0.84156535961438983       0.97994540996544888       0.99763551502104431       0.99972085169936076       0.99993699839778594       0.99977193595771230       0.99834125238639881       0.98802744909165185       0.91827335675331090       0.54835755139847897       0.13713271165143942        2.7558297581974953E-002   3.9709331188582164E-002  0.15538249659718809       0.43295053826995067       0.39795928717049012       0.11537567215076296        1.7074355407654101E-002   2.4482707084426589E-003   2.8198142688029490E-003   2.0995515321275485E-002  0.15290674108503841       0.62824776751571410       0.83397147007676098       0.87123994057508414       0.87742475152052390       0.87891311457059085       0.88029816354938395       0.88053353129054968       0.85980780358716358       0.69097978185173947       0.10859086983703997        1.3092812864547915E-002   1.5193154797151574E-003   1.7411138792858104E-004   2.2291544393779646E-005   2.3577224132443329E-005   1.6799545488834376E-004   1.2444021738950515E-003   8.3276435788345055E-003   4.4051809853640100E-002   9.8101034461107975E-002  0.11661332016475678       0.12095856871393580       0.12184132704861964       0.12210216487029572       0.12234821371202623       0.12247410372398936       0.12143044301797253       0.11524901481364533        9.1116535140886509E-002   3.1627568196792639E-002   6.8759365828641276E-003   1.2153000923832520E-003   1.9886438306269209E-004   3.5215158436950802E-005   1.0000000000000001E-005   1.0000000000000001E-005   1.0000000000000001E-005   1.0000000000000001E-005   1.0000000000000001E-005   1.0000000000000001E-005   1.0000000000000001E-005   1.0000000000000001E-005   1.0000000000000001E-005   1.0000000000000001E-005   1.3875473164385753E-005   2.0156587407534111E-005   2.8021753903895483E-005   2.7951417794140803E-005   1.7824249989780854E-005   1.1317143132068613E-005   3.3394222492175860E-005   2.7336937025443467E-004   2.4425093241094101E-003   2.1612480106105007E-002  0.17906163445208437       0.89465961931277715       0.98932497166931943       0.99893255094672617       0.99984857891808521       0.99972953373740381       0.99863774717929765       0.99272533760215520       0.95295786383106940       0.70497008636947445        9.9431833672437575E-002   1.2569456371949882E-002   8.0151768732442119E-003   6.3249149627093493E-002  0.53127369919713807       0.90739727597861919       0.97534947602738897       0.98621310109871285       0.98958563335542182       0.99410809550357593       0.99751435001089028       0.99922844983600900       0.99979787940787501       0.99985211287966702       0.99921175861642619       0.99475526587530949       0.96886912139614545       0.86145145547356061       0.59669686553158852       0.43412351989568759       0.80166328920805019       0.96833437687629975       0.97110262136099845       0.80921648931369761       0.23470542940104652        3.6334430878000493E-002   4.9520877605653086E-003   6.4427785944190378E-004   8.1453142016369185E-005
   1.0000000000000001E-005   1.0000000000000001E-005   1.2394200055795050E-005   2.4876735027555206E-005   6.5743092434998197E-005   1.8243563419813888E-004   4.0259557173257421E-004   6.1484169692695449E-004   4.2885666852359399E-004   3.3350908578894123E-004   1.4487373732145674E-003   1.0581908001850321E-002   8.5580021258374425E-002  0.63039124200111984       0.95513129804351948       0.99510227031358989       0.99942053860800395       0.99980180504730420       0.99909053617370958       0.99317018306041671       0.94940423736570723       0.67823513668171354       0.14333433051383532        3.7888371013584034E-002   5.4484144785983242E-002  0.23199397867064536       0.76721080421722465       0.91403646440573205       0.88703893626929076       0.56620661420124452        6.7147683539127784E-002   7.7283217220924403E-003   9.0231896023313662E-003   7.9287745695643577E-002  0.64517307041154393       0.92645422355063056       0.97772312281786855       0.98584512836857352       0.98713503154360627       0.98740762995187448       0.98755621216592238       0.98692022504828003       0.97738152296313097       0.88903713801648210       0.27590271497800539        3.4649194648532833E-002   3.8688102991385098E-003   4.1886897301545269E-004   4.5313299584129929E-005   1.0000000000000001E-005   3.5601523154295865E-005   2.2102034051192803E-004   1.2043838140917507E-003   4.9521988492515030E-003   1.0040375739509593E-002   1.2096605812564021E-002   1.2620471328643459E-002   1.2720433943586984E-002   1.2753389293313534E-002   1.2797459297143253E-002   1.2830655481936577E-002   1.2698948486984288E-002   1.1922093338364699E-002   9.2831343284120269E-003   3.6988628930740915E-003   9.7040942810412603E-004   2.3622426017105922E-004   1.0275475088188117E-004   6.2468284291021875E-005   2.3353762972816316E-005   1.0000000000000001E-005   1.0000000000000001E-005   1.0000000000000001E-005   1.0000000000000001E-005   1.0000000000000001E-005   1.0000000000000001E-005   1.3065708137017362E-005   3.5022941825525078E-005   7.9523169793178965E-005   1.1001685702963884E-004   1.1796918171689248E-004   1.0398186999978888E-004   6.3695761169710316E-005   2.2786261124461889E-005   1.0000000000000001E-005   2.0628675954293220E-005   1.7540262956958731E-004   1.6138161930440340E-003   1.4917477980287582E-002  0.13445615363103872       0.88333832027228965       0.98799807573954013       0.99876209107825387       0.99964897122169050       0.99866286321912223       0.99400192028936341       0.98300291717900423       0.94456144563238542       0.74043050847289260       0.12866785399717978        1.7833794599375306E-002   1.1461838323422433E-002   9.1767974998727478E-002  0.75079026580090835       0.96362323711134656       0.99393508388171126       0.99780420934501024       0.99731118491672921       0.99418175373524709       0.99421096802454456       0.99767102065592217       0.99936894192872683       0.99984476132695688       0.99983471531128842       0.99916339511436203       0.99571579335960647       0.98270120697979157       0.95145739419409980       0.93303424994294426       0.97120877219211688       0.98554115660065278       0.91457134383426641       0.30849314640335168        5.2845578328286520E-002   7.9795756916915053E-003   1.1553795380017473E-003   1.6288506936607875E-004   2.4194328817511755E-005
   3.1700335983969255E-005   5.6783737996203551E-005   1.0512917473131103E-004   2.0946697127704331E-004   5.5575108764160800E-004   1.6133370888981727E-003   3.6972022277708696E-003   5.9872448868574643E-003   3.5401644423598676E-003   1.0350202411000544E-003   1.0675784636354024E-003   8.4646968912459996E-003   8.2424516215274163E-002  0.69041022323480683       0.96046048541536222       0.99472291589732076       0.99887497737691222       0.99921726088316554       0.99645856983364822       0.97356211186117836       0.80673122218933802       0.19941974166954951        4.6155790935172428E-002   8.7599774984358364E-002  0.28194896433131966       0.80579587760967397       0.96004288295979467       0.98559619594369741       0.96026443489573632       0.73579470122998947        8.8737868099421496E-002   1.0311704147923680E-002   1.4087707696607336E-002  0.12005022131068621       0.84437418774905848       0.97899290980169984       0.99615225658804085       0.99836857314658578       0.99867258655750013       0.99872250343835978       0.99871508360746153       0.99836281416797668       0.99473963912059049       0.96287813407678746       0.71892123150316223        8.6880910762967917E-002   8.7078865684288125E-003   8.6003384721971665E-004   8.5240939834843214E-005   1.0000000000000001E-005   1.0000000000000001E-005   4.0833120181955825E-005   1.8850781486772069E-004   6.6200012307897024E-004   1.3632948323386703E-003   1.7578444000824168E-003   1.5616908295690882E-003   1.3825287666667831E-003   1.3199197379432893E-003   1.3134332545419014E-003   1.3262467580031577E-003   1.3309912634300810E-003   1.2802613483930065E-003   1.0436810837131869E-003   5.5789966022132579E-004   3.3845254403759090E-004   4.3589373679701692E-004   6.8983528188523366E-004   5.4906465670845209E-004   1.8220695354620163E-004   4.3090745751487516E-005   1.0000000000000001E-005   1.0000000000000001E-005   1.0000000000000001E-005   1.0000000000000001E-005   2.1392784974505527E-005   7.9565428434828279E-005   2.7817436762389011E-004   7.6829684702153323E-004   1.0953634655065500E-003   1.1693907047542191E-003   1.0168467394339202E-003   5.8072448284481797E-004   1.7057464589172958E-004   3.9260816044741160E-005   2.9114744352579078E-005   2.0156117096673142E-004   1.8024435679594706E-003   1.6249185347379687E-002  0.14231820930134337       0.88546594564639358       0.98822871466085072       0.99866314195836725       0.99865217722090405       0.99138365392929462       0.95167673335346825       0.87232735592338040       0.70716707706271509       0.22388613862760240        3.9364109724498858E-002   6.9328974181838005E-003   8.0752818441532179E-003   6.9816959659676048E-002  0.59155890535075906       0.93386599382152291       0.99067229667039602       0.99671061873943079       0.98829684533323447       0.95095414492141017       0.94651107669787216       0.98059161822356933       0.99535492073275478       0.99912829981710849       0.99983519190026615       0.99985714878144227       0.99944252453025362       0.99798750162550265       0.99484307199057920       0.99303674546534026       0.99535919337103063       0.98721422093237310       0.88589762885023127       0.15137346262130275        1.8872114682064841E-002   2.3884253245137614E-003   3.1662808593634968E-004   4.9227973760344271E-005   2.1947041906271678E-005
   2.7403509269437599E-004   5.2849948536537233E-004   9.9679162936730883E-004   1.8267133991533831E-003   4.6576276994834079E-003   1.4101242350902318E-002   3.3016482050253738E-002   5.7868806530378646E-002   2.9917726240514211E-002   6.2765903516715845E-003   1.9019459089416751E-003   9.3306285019771392E-003   9.1538960227434879E-002  0.75177574312884543       0.95663047312015426       0.98602833731394890       0.99339301696416715       0.99542582560381299       0.98564857212854462       0.90204657646001041       0.34111308595725953        6.2141653307245991E-002   7.4950188263871093E-002  0.49218767500359045       0.85925532903394186       0.96957439257592948       0.99314223616197572       0.99145792851216807       0.93712912110205615       0.51352065029238403        6.0673051781832743E-002   8.1186547117024690E-003   1.6974735921474454E-002  0.14083782121476832       0.88019799829446121       0.98699839106911336       0.99848210155149864       0.99971514097838865       0.99985273739025649       0.99986798258323095       0.99985224574177067       0.99966375031151355       0.99790928037017679       0.98219416459471853       0.84818757268794354       0.11147766529247329        1.1344062762650006E-002   1.1259728972691334E-003   1.1167116822578002E-004   1.2431924368448039E-005   1.0000000000000001E-005   4.6247325321689434E-005   2.3530360814039432E-004   1.0126823576763466E-003   3.1802583849815450E-003   5.0846634750103320E-003   2.2505703008790243E-003   7.0121384268361300E-004   2.5970864444873823E-004   1.9253350588067323E-004   2.6594956914176987E-004   4.5115043786988314E-004   8.5461581846912220E-004   1.1919789997378626E-003   1.4198393265824694E-003   1.9827167586346822E-003   3.7790503836940118E-003   6.8548119389351568E-003   5.2475542267640543E-003   1.4342485730502552E-003   2.8170115387101378E-004   4.7696568106173634E-005   1.0000000000000001E-005   1.0000000000000001E-005   2.2169473012449027E-005   1.0246385716727405E-004   4.8103061418780263E-004   2.1191727671345038E-003   7.4318277424443024E-003   1.0946412701685280E-002   1.1688747883986880E-002   1.0166369963825115E-002   5.4484275707000485E-003   1.3211757863316131E-003   2.4479187177110366E-004   8.7589239309707987E-005   4.3147594743984127E-004   3.6511532823442277E-003   3.0889864278464043E-002  0.23906253696725191       0.90556400160181993       0.99039093334285244       0.99850941803740678       0.99491579361926608       0.95512179224611682       0.64984970638610273       0.20428561149344152        9.6092143293483603E-002   3.0828701990466251E-002   7.1140033110772653E-003   1.7942712523559225E-003   2.9009641235918696E-003   2.1707452908163408E-002  0.16874781644884465       0.76774176923917159       0.96867382326758478       0.98747175460441761       0.93411213639003787       0.60113543114733714       0.55019926544500508       0.84732975553138778       0.96733693949679100       0.99478406022064347       0.99925435676320462       0.99988319114324986       0.99991775176861508       0.99976930636169825       0.99945032509253051       0.99916890782482126       0.99827324382826699       0.98702241927162548       0.87796007440266755       0.12488125353804422        1.3397361891157240E-002   1.4299527223507599E-003   1.7285989902304151E-004   7.3747525584226474E-005   1.4410765313098282E-004
   2.4264667275663678E-003   4.9424760879056848E-003   9.6266390843056590E-003   1.6044682930633394E-002   3.8191346107479068E-002  0.11900371167858288       0.26430510119380524       0.48895698437169177       0.22223912058262477        3.2708149391344025E-002   4.6795631352116200E-003   6.8502407025180841E-003   6.0578932523004447E-002  0.49745091188136287       0.81990104157362076       0.89099373500341505       0.94075897806829989       0.96658887550793049       0.93601537308682692       0.72704808972235269       0.12454890339593243        3.3333965857096366E-002  0.13755413082536150       0.82707432582908313       0.97159997528968689       0.99475048257609866       0.99736900087502611       0.98529717452141830       0.87619369229943234       0.18752337245474276        2.3310571847266988E-002   4.4133668268245612E-003   1.5296577097817017E-002  0.13169964664730044       0.86720098451057315       0.98517993713120067       0.99838354571445453       0.99981310754686692       0.99996770663794754       0.99998287826488597       0.99996943533040950       0.99982947312007131       0.99852160183214145       0.98616426362924736       0.87200834058576748       0.11882954880737391        1.2263303367356131E-002   1.2310483060402949E-003   1.2394504303434329E-004   1.7651515829123082E-005   3.6591222585698844E-005   2.2420902755800265E-004   1.3189581635936894E-003   6.7508258388351639E-003   2.5432378696390364E-002   4.4288313759715092E-002   1.4157173380837747E-002   3.0195899793586077E-003   6.0011877809874458E-004   3.9738480808857319E-004   1.1684676954549836E-003   2.9186640978958447E-003   7.3253871096780939E-003   1.0961270807137009E-002   1.3180936485433658E-002   1.7715898348305382E-002   3.4027708772160790E-002   6.7886033796309503E-002   4.8984227912017932E-002   1.0293781363304296E-002   1.6343168312027158E-003   2.3244172872063763E-004   3.3677562998782031E-005   1.7413375827117292E-005   7.3420145074290714E-005   4.1922819430880034E-004   2.4869656229157015E-003   1.4546063845894052E-002   7.0619465651712759E-002  0.10709306113644038       0.11404949779412556        9.9896917785766218E-002   4.9716002308221104E-002   9.2460334163159946E-003   1.3729403307293218E-003   3.3690200232581411E-004   1.2960407523079395E-003   1.0937115060289639E-002   9.4095043992666202E-002  0.67087843099246802       0.95894510709368108       0.99537685435959089       0.99854300159021547       0.99020364656183202       0.90368436985006684       0.22899704409065491        4.1129220837022119E-002   1.2370699262889502E-002   4.3102374007549585E-003   1.9484122975174877E-003   1.5224218632321517E-003   2.2482880917963108E-003   8.5670712798397060E-003   5.6311894637329371E-002  0.36748908225376931       0.92172889881663833       0.97152800527708849       0.84218702432910297       0.17920258013171536        9.3795173606154164E-002  0.25119362493379149       0.80526720659919870       0.97375932398685916       0.99681304782024849       0.99961847444041430       0.99994634807917537       0.99996771989623701       0.99992930341269004       0.99979036959122436       0.99861645979609981       0.98700199703833891       0.87676603478163861       0.12119774912143255        1.2627750369722537E-002   1.3110351733246191E-003   2.5746047901878578E-004   4.7973292438026300E-004   1.2641461498406668E-003
   2.1166287516844594E-002   4.5407673666336454E-002   9.2803849700842586E-002  0.13785772760753620       0.28192377819370013       0.75870728066304349       0.89218322079016421       0.91413920267107140       0.71522879223090063        8.7656600934762782E-002   9.1145848058190246E-003   2.5140074641007279E-003   1.1507591888589947E-002   6.3528544130221021E-002  0.11846284081504038       0.19887519013720686       0.51234104701192840       0.74706661057903612       0.62962031390413087       0.17572045128831942        3.0904301401946398E-002   2.8668436612276128E-002  0.19407547247474399       0.89313333035602527       0.98803706008610459       0.99826079484991148       0.99740702316051533       0.97969202067134142       0.83631572216541150       0.13472549722109262        1.7824649998237310E-002   4.1580578282899468E-003   1.1362855055116182E-002   9.9401391849995205E-002  0.76135697381039036       0.97045261836734453       0.99670564596264799       0.99964108248135053       0.99995857607233307       0.99998878640061140       0.99996987260870873       0.99981354925194177       0.99851493361848198       0.98650849679451291       0.87449738966110935       0.12009622314203251        1.2454802501311391E-002   1.2578771741270614E-003   1.2966230519600256E-004   3.3552159648307771E-005   1.5002745536258066E-004   1.0422454867823696E-003   7.0042044691527947E-003   4.2591514685765129E-002  0.18864419834482204       0.34450584702167319        7.3786299389341420E-002   1.1603544228954918E-002   2.0398393573893788E-003   2.4875258300770292E-003   1.0155814795305786E-002   2.5777916997347845E-002   7.2285577861916500E-002  0.10728327913663144       0.12355381501139547       0.15234008667853183       0.27491548272140770       0.58037458816490550       0.39805584912029768        5.9792226482661255E-002   7.4641465164566774E-003   8.9936102978677298E-004   1.1159265178419720E-004   3.9784553513809952E-005   1.7488601490672708E-004   1.2124475235685609E-003   9.2952344747115508E-003   7.6477214514356642E-002  0.56767241344383634       0.82274683258028658       0.85604651783758667       0.78763111490356774       0.39258097843556156        5.1036260341811746E-002   5.9286685768787095E-003   1.2327092047498128E-003   3.9818150262378640E-003   3.0948138871621865E-002  0.23158827320992401       0.87293542361319043       0.98475244459295785       0.99814846534331236       0.99872933504953409       0.98914412642158867       0.89295517201610919       0.16931204878922695        2.3653732687145372E-002   5.4265602727611925E-003   4.6549447236396554E-003   9.0610027968073895E-003   1.1769804221433575E-002   1.3981192690380125E-002   2.3419315570210607E-002   8.5313574659921107E-002  0.44542063155071682       0.93056450386877487       0.96791656544252080       0.80623840367769239       0.10873615982287523        2.2190055251174404E-002   5.2878154116913031E-002  0.29006944923253114       0.91054405484348977       0.99052542822285250       0.99898533971032366       0.99988712618438380       0.99998309464752311       0.99997855353334009       0.99985604181615062       0.99867124378568517       0.98709802807305103       0.87716895072950696       0.12136457705364385        1.2684288068955945E-002   1.4821057373981240E-003   1.0680771389122285E-003   3.8774923856438872E-003   1.1370604296740701E-002
  0.17344636873007427       0.36957905452328665       0.74017157019832502       0.86006443515987174       0.90905358307203876       0.96870542947560145       0.98383035013846776       0.95994813372743804       0.74228980382039944        9.0519854434559399E-002   9.1423591595390132E-003   1.2018429013973524E-003   1.7465218549283792E-003   6.9632761660905450E-003   1.3089939428973770E-002   2.4248055839732743E-002   6.0176535021906057E-002   8.9996675452968591E-002   7.4051068958670224E-002   2.3243289181513895E-002   7.0733603234561055E-003   2.2243716263692009E-002  0.17440165789239756       0.89547933751367881       0.98944120459844342       0.99875398115460867       0.99835659159360590       0.98708901517024861       0.89153795922109547       0.26345393763024816        5.3955565988731483E-002   1.6184327277775475E-002   1.0130704583002869E-002   4.4385563950741752E-002  0.33012309024886699       0.92075786469924836       0.99207544560089267       0.99920579862210468       0.99990496362199144       0.99995460263790281       0.99986841566595785       0.99945168028612108       0.99736876693540255       0.98304945886486783       0.86050050165863745       0.11601294899051892        1.1979145866192444E-002   1.2101852126212807E-003   1.3093586286398135E-004   7.8559715927949483E-005   5.0933144423032475E-004   3.8991787360424905E-003   2.9738089979968945E-002  0.20874843386248845       0.74074890825406170       0.74396315239528399       0.14155282935846056        1.8938931301082852E-002   4.5288767827126684E-003   1.5603997157834544E-002   8.7699020565141103E-002  0.20741294382192046       0.61189399539414313       0.82681232698518869       0.87165426920006628       0.88716975107671792       0.91108880037113682       0.93759326251045438       0.81975999668056654       0.16405833399304540        2.0520223380990459E-002   2.4094432470858750E-003   2.8702890665815458E-004   6.5694271980785995E-005   2.0572323674434781E-004   1.4482662823452708E-003   1.1601180652283145E-002   9.9037614018361517E-002  0.72511504991304088       0.95186616383279399       0.97938412991078760       0.96041510525446350       0.79638102778313624       0.11317085045493848        1.4060057380520963E-002   4.3914783136808607E-003   1.4418313925822535E-002  0.10556310811790268       0.71182116586110089       0.96033050140478637       0.99512299123383763       0.99933408806469348       0.99908941117153161       0.99153875354760923       0.91620202539631135       0.30610513425761698        6.0645136593039002E-002   2.4773888281399741E-002   3.6583096948222454E-002   8.8449615443047261E-002  0.11356643613522129       0.12638132616126369       0.16467978466466390       0.36990826987357517       0.85617337086043355       0.97604675332218838       0.96244819978056062       0.73507674743318041        8.9474165494977859E-002   1.1546422724236276E-002   1.9123678008226321E-002  0.14576328512117995       0.87822699412749083       0.98664722038000874       0.99853835374441224       0.99983628390850243       0.99997967507112673       0.99998351291640997       0.99986622903283828       0.99870468866971807       0.98731947680114063       0.87868748867339541       0.12455393716582441        1.3594595581435087E-002   2.7144703795924235E-003   6.7810649893491060E-003   3.1345011139995868E-002  0.10205087879136589     
  0.87703170027836364       0.92392617449367043       0.96760441663182650       0.98382520669550899       0.99024165512639339       0.99496993995753469       0.98634396143416481       0.89989311933659133       0.36210484926687303        4.4680103259555314E-002   4.8665196137066850E-003   5.6480049861337548E-004   2.7447055938728564E-004   7.6081554285288219E-004   1.4212647592519100E-003   2.7163018860932495E-003   6.1583117246378164E-003   8.9241147603093054E-003   7.4360084771176137E-003   2.8982259739412141E-003   2.5211937393831174E-003   1.6763085335643489E-002  0.14404682201531124       0.88779753320208732       0.98863782451398485       0.99878128821263157       0.99929383350128598       0.99597003563480524       0.97111557864991627       0.80821716964809809       0.29621996121918670       0.12111221209384695        4.7164072530065888E-002   4.8407174030856454E-002  0.22591022999989788       0.90418197383810195       0.99030161402062578       0.99893025109235090       0.99974948191391888       0.99969539729619827       0.99905079598826729       0.99636483246661367       0.98723136167202363       0.95628242731983948       0.76057014644694987        9.5505105971424628E-002   9.7617639459108129E-003   9.8821555441991251E-004   1.1963764417831755E-004   1.6541119236460696E-004   1.2557888023207132E-003   1.0320486756987907E-002   8.6733973343949070E-002  0.63385250800645643       0.84714817206617421       0.63871977224887977        9.1167857741005096E-002   1.1985849399300589E-002   1.0023958460389117E-002   7.9277222338381678E-002  0.62324102018219629       0.86521141492526010       0.94899413022592016       0.97895179115978792       0.98602825122607285       0.98831212250380152       0.99049950438219891       0.98777174982316374       0.92741540311342985       0.45174948332088433        5.7179804917617198E-002   6.4853956037625640E-003   7.7521021170792292E-004   1.5219100800830708E-004   2.0807710628345410E-004   9.2609786589120853E-004   6.4480280652099804E-003   5.2206459958301116E-002  0.39939377744877363       0.92784971950697936       0.99009017989397563       0.98565074263474173       0.88839366200616199       0.20905441164039884        4.1258493774532008E-002   2.3218492607308457E-002   5.6629914544375493E-002  0.27334624259794665       0.88730516833841466       0.98632233601341324       0.99836635726971712       0.99976680012514418       0.99963342322222892       0.99700601414320078       0.97497278915381613       0.81495605120689196       0.30801068374820245       0.18435091754099281       0.29104780946192610       0.72725408987019846       0.85176524034233414       0.87634530284231937       0.89017762426109226       0.92424462563219023       0.97835777581905836       0.98454665736884928       0.90950805046024485       0.38934194431240809        4.7573652194355741E-002   6.9151720613081146E-003   1.6605295800380296E-002  0.14025164402959037       0.87819223638182042       0.98676556419519401       0.99856737319677835       0.99984142728146108       0.99998079904548520       0.99998529030135586       0.99987741448643674       0.99879923183134245       0.98814523757891992       0.88531863014660717       0.14581462415144575        1.9982296234850639E-002   1.0612290206181514E-002   4.3228995172621777E-002  0.22781675566742865       0.74436703378670388     
  0.98513694802041707       0.99193444235650852       0.99622708201730759       0.99802097081334096       0.99838250388381455       0.99514586109531122       0.96196994342271303       0.70680686170462947       0.12027126310741482        1.4852843282636341E-002   1.7474342560600911E-003   2.2340284051588962E-004   8.1920191091787185E-005   1.4360309918350244E-004   2.2401442205995830E-004   3.4001423789147337E-004   6.3619137852871459E-004   8.7701874438908512E-004   7.5429999992228066E-004   4.8810291248395431E-004   1.7567727228751748E-003   1.5203078011044997E-002  0.13550914623114818       0.88490866707080118       0.98820497188254108       0.99852795652383042       0.99899472652369803       0.99808993942118041       0.99386123639162460       0.97230343594183943       0.89998004904981055       0.77317445780432148       0.33917958058548631       0.22608625774828148       0.47206333862255473       0.93502488139838114       0.99241851591275065       0.99813991339222075       0.99848967129722299       0.99759712780859822       0.99274190475786439       0.97102592025491052       0.89902595799588325       0.77365213390021859       0.28474245124272907        3.7726997835117300E-002   4.3609555368923671E-003   4.9039532968507885E-004   7.9604051990206945E-005   2.0955696849113013E-004   1.5646170862387016E-003   1.1702323094174951E-002   8.5102205480038370E-002  0.51252472509806368       0.50325130335388368       0.14232219042511035        2.2562719831391860E-002   4.6319585596509899E-003   1.3802596076441985E-002  0.12037630227490043       0.84093760928942707       0.97280305831239799       0.99303942867435313       0.99747981421429910       0.99849887159121786       0.99879224838671699       0.99883291269979901       0.99675890996466188       0.97558299648912750       0.80659700111634391       0.12791717530555341        1.6200260150336446E-002   2.3623980101975749E-003   7.4786764667749447E-004   9.8618988516140224E-004   1.7808538558982743E-003   5.8879918809446267E-003   3.6085276636211319E-002  0.25315921622337118       0.90958814882524186       0.99025628786002162       0.99345393406144278       0.95137763784178730       0.63055973615046534       0.22331595139436980       0.16874479006579490       0.30803149707512906       0.81175202317188255       0.97206948467969023       0.99626999213537015       0.99950553339330639       0.99991692833101598       0.99987017984223225       0.99919453403768255       0.99505015024711330       0.97405930383188033       0.91561380712675033       0.89636574495639898       0.91489613073320297       0.96608249502470400       0.98293917511331508       0.98682969118965080       0.98860784096164300       0.99141707131043622       0.99114252479682119       0.95550552158432445       0.74169851151885080       0.13292551515320070        1.6807541449199867E-002   5.2888388213099052E-003   3.0315463281772741E-002  0.24275375717962597       0.90390776691899810       0.98996692755754334       0.99894891531462660       0.99988706386590431       0.99998633833093764       0.99998859025078946       0.99990629308557699       0.99908323749012717       0.99093203228417071       0.91121373296584973       0.28065629229491879        6.5633623529844393E-002   6.0766516785465872E-002  0.22474456058760259       0.78902618208547681       0.95638145781865047     
  0.99735533805767307       0.99803981561726574       0.99834944246245705       0.99841228740496546       0.99747523187119536       0.98797156776935691       0.89919661183039112       0.24321367924867224        3.3895255255361918E-002   4.3728238671355193E-003   6.5639486308070134E-004   2.3889652283752856E-004   3.1580623257530051E-004   6.0971261978296453E-004   7.3129325701964574E-004   4.4114990893727376E-004   1.8758503610283534E-004   1.1582733121992710E-004   1.0261798116766195E-004   2.5554040121869895E-004   1.9756998311631227E-003   1.7395282910083510E-002  0.14905974192719817       0.88871220259879269       0.98804430035779056       0.99622690895987476       0.99217357386165861       0.98896316190658717       0.98795748947834550       0.98771842924749365       0.98527697455880447       0.97083225609245627       0.92131412022329540       0.90308592682843436       0.93414841175579610       0.98592993289565856       0.99076048240768766       0.98843250819769379       0.98649847424607917       0.98034924065109685       0.94669223568838934       0.78543620707841866       0.27980633093402951       0.11936579293641414        4.0028708174847889E-002   7.1895671926276395E-003   1.0544539708269760E-003   1.4291380702342163E-004   3.2797567894191976E-005   1.0261376079419816E-004   6.3261440029697437E-004   3.6219408827595908E-003   1.8048219839506344E-002   6.6595530609646097E-002   6.1489786183742262E-002   1.9265688341049008E-002   3.9810556638002871E-003   2.0784759724435616E-003   1.3252269823018236E-002  0.12078163291267546       0.85494516997963721       0.98215402827854381       0.99749112891051195       0.99949409687560709       0.99980335177794422       0.99985989514778850       0.99978610562743520       0.99879617002776677       0.98945859455409824       0.90540519899790617       0.30019209958936494        5.2465586216977431E-002   1.0846083441616437E-002   5.6458328366078211E-003   9.1584280544952656E-003   1.3352467543749951E-002   2.5266104318637638E-002   9.5150491360057057E-002  0.46258802242601738       0.93646304327947882       0.99332353762022019       0.99804001506611828       0.99112075573690683       0.95287798053794959       0.90258072486061247       0.89273773081520691       0.91644031494564759       0.97458305611844731       0.99456276589811632       0.99860696676333482       0.99965800234353708       0.99989541553886097       0.99978366889806469       0.99891169214944053       0.99548664558538180       0.98918803184790638       0.98580677534227157       0.98807043061086641       0.99120614766035320       0.99618650633107109       0.99810498613321719       0.99857492895462485       0.99841419195487824       0.99558016662096438       0.97090133328005279       0.79412855149616790       0.21120232002062975        3.1905583524961284E-002   5.0421000864582614E-003   8.5951800674544717E-003   8.0564651231586029E-002  0.67833764386738715       0.95949093905588612       0.99543379621327011       0.99949180970652984       0.99994288789376917       0.99999000000000005       0.99999000000000005       0.99995624149887907       0.99961898920964631       0.99671825335260600       0.97302102164476412       0.80717177513841387       0.36233722435858551       0.36907023573287451       0.80431707414035114       0.96143881899644767       0.99257191578804316     
  0.99256952464261650       0.98890472167789345       0.98767329019362127       0.98715247256774985       0.98490090447833578       0.96688630604062042       0.82685559404714626       0.12529150926019189        1.5232022700157687E-002   2.7714447400451095E-003   1.4974999560654397E-003   1.6543776210657191E-003   2.8057848101681257E-003   5.9519098481170037E-003   7.1938460185831587E-003   3.6797457822399251E-003   9.4060478249287415E-004   1.8971740371888463E-004   7.2036731587899757E-005   3.3347477787115220E-004   2.8953391819578301E-003   2.5094843103790999E-002  0.20138893304584912       0.89831384537748138       0.98424022034240011       0.97599984715016364       0.92362910046219704       0.89264572456391222       0.88931365098246162       0.91257529536321569       0.97185077520879604       0.99188621810225097       0.99128119324017050       0.98975221771520283       0.99105109470819819       0.98509912893141938       0.92841833663710338       0.89043493997014989       0.87515844728229730       0.84197445193540499       0.66751175442400823       0.18923260313432000        4.4418878579279383E-002   1.4695271334590639E-002   4.9612982550067703E-003   1.1015993595931439E-003   1.9606631802562046E-004   3.2149557554986291E-005   1.2161112867962258E-005   4.2787886698514569E-005   2.0902142715899672E-004   8.9522963204568293E-004   3.1431950581452470E-003   7.8463111610928594E-003   7.1875835405228339E-003   2.9362233393557427E-003   9.6112582914431967E-004   1.2556452031580593E-003   9.7302706255041546E-003   9.2571012035534625E-002  0.73596380640027503       0.96284354751051704       0.99469888213690261       0.99910109834263794       0.99979100025097933       0.99993688320501384       0.99993756377632148       0.99961708691434115       0.99681675711946527       0.97395875432111945       0.80857815689805967       0.24467282441805505        6.9873576783876942E-002   4.8252619965175776E-002   8.9437181371284508E-002  0.12068472251622328       0.17739471732372158       0.44270829910283943       0.87384430803102242       0.98278954572786981       0.99787810740570349       0.99952897311037814       0.99870791009609083       0.99479090404979431       0.99010892347537638       0.98899264939362974       0.99082716470080434       0.99397745541128180       0.99203479364723135       0.99352839820646466       0.99809301164050090       0.99946374970893392       0.99894858243606210       0.99371189225108292       0.96815873011839959       0.92586313877620974       0.94929258396831340       0.98914965754753792       0.99768381506290527       0.99938647760010202       0.99973793483681594       0.99966242461100807       0.99835848073893751       0.98702112261905950       0.89157415796318340       0.27763522961509901        4.6471640254806428E-002   6.9509438804502286E-003   1.9800279856170429E-003   1.0469192822754733E-002  0.10315224911128089       0.81691916033830325       0.97755688432528298       0.99741446230906694       0.99970560275545084       0.99996600541193059       0.99999000000000005       0.99999000000000005       0.99998527038470497       0.99989670503723049       0.99925542643987297       0.99514439956330503       0.97425909954998391       0.92488386521638788       0.92590459819544368       0.97452363302866507       0.99393522268921286       0.99705835119974096     
  0.93194940470638010       0.89273570803788960       0.88143670781413830       0.87825028323821952       0.87074853338090252       0.82029864538544284       0.52987675691226743        7.0234774876429776E-002   1.5237326472643763E-002   1.1968332193904864E-002   1.2821407893579283E-002   1.5154980716931126E-002   2.5084338651892323E-002   5.8138861435135747E-002   7.1535833976646465E-002   3.1651122350235789E-002   6.2822539006129165E-003   9.8103091011944436E-004   1.8035473631532279E-004   4.3250463895538204E-004   3.7814012220173891E-003   3.3448923419118676E-002  0.26567920713403681       0.88692417790115008       0.94725489658520168       0.82001955662770654       0.35810158148261290       0.16911070134412370       0.15608459425249430       0.28834724644328791       0.80367755229882520       0.97319060377349775       0.99596274712126220       0.99784066917445569       0.99169137108070760       0.92840228451690154       0.41874786973678774       0.17045872606143725       0.12666097548221450       0.11153887043214515        7.9986055448815138E-002   2.4344448351571055E-002   5.9956437163195993E-003   1.8028859280048318E-003   6.0222290198530450E-004   1.5331400531603238E-004   3.2392838593077694E-005   1.0000000000000001E-005   1.7093815010985407E-005   8.2053270477834325E-005   3.4316297806723922E-004   1.0400127803974926E-003   2.0138755645523814E-003   3.7557581658870581E-003   6.2735238005140088E-003   5.7611297106073987E-003   2.7942293574160174E-003   1.6433843421209378E-003   4.1732641140390693E-003   3.2826008907956498E-002  0.25388064279211298       0.86633449831999332       0.97656456875979292       0.99509592325302887       0.99863759922362549       0.99965634514289692       0.99991542346864437       0.99989043824066470       0.99926958354466955       0.99479642749674524       0.96664149528471199       0.83356074292202109       0.45100171288333490       0.38092063669334714       0.72976471012981514       0.85310778250027997       0.88963154199890826       0.93295463793689593       0.98254302344595346       0.99695736046211436       0.99954558449028708       0.99990432566622012       0.99982721141662401       0.99942851769683250       0.99891296956326547       0.99817423015265705       0.99433107934316711       0.97442478224635587       0.92844157901554192       0.93890490268004922       0.98571564038147141       0.99695799233031845       0.99540993727311233       0.96636818266828339       0.76504936446737004       0.38728355882487975       0.60511520717388545       0.94659136881477568       0.99372664557165313       0.99917618315874901       0.99972542777397744       0.99929717999205936       0.99536354312316455       0.96355248851612041       0.73113156067740670       0.10988510309282720        1.3839790622254692E-002   1.8743373955183015E-003   1.1321561347354366E-003   9.1107436084398603E-003   9.0754871118465072E-002  0.74537516597783382       0.96832104990084711       0.99644757617975566       0.99961083770990178       0.99995717399710082       0.99999000000000005       0.99999000000000005       0.99999000000000005       0.99997705255396796       0.99986495658832619       0.99927571833820195       0.99695272697619586       0.99246200118791472       0.99254273392867176       0.99678437346287718       0.99736600353021931       0.98719750586954247     
  0.45149905127340884       0.17855920011201157       0.13080774313670412       0.12349591388989306       0.12043770018736645       0.10884447040826460        7.0531759913896833E-002   3.5060414927264819E-002   7.7379425289540435E-002  0.10911697173676355       0.12122408556432294       0.13613577020718701       0.20560505576507043       0.49652263921583567       0.61012128200571980       0.23918223934920851        3.4169619089661984E-002   4.1699692342419201E-003   5.1684664669965276E-004   3.3034661549442309E-004   2.3066300483262038E-003   1.8634627992994503E-002  0.14004583667281098       0.69841855270655817       0.70976161842492991       0.22962534468308729        5.8476143179561957E-002   2.1831159373741808E-002   2.0644760080202756E-002   5.8299442983813309E-002  0.30465882379478071       0.91627068599854899       0.99137818399247557       0.99790474904416415       0.98854531926598255       0.89069498310693673       0.17032248855913165        3.2271273412636199E-002   1.4835066171376730E-002   1.1683401270762589E-002   8.1956054316533258E-003   2.8914354565882836E-003   7.9404840843281697E-004   2.3222890415849903E-004   7.5233918664369148E-005   2.1451949395759266E-005   1.0000000000000001E-005   1.5388099201193886E-005   9.2721466328014000E-005   5.4109433129932488E-004   2.5999501661849792E-003   8.5264113273867820E-003   1.4328222951872985E-002   2.5628308689279147E-002   5.3531808993560588E-002   5.2708385933392714E-002   2.3566733012428683E-002   1.0883636168008217E-002   4.3473482855027673E-003   1.1303278323305063E-002   8.6693850832625652E-002  0.57219344305840536       0.87134243918977261       0.96670239015204118       0.98910923231899228       0.99741173453656828       0.99951175843984041       0.99989910246284386       0.99984440478083814       0.99911530992346997       0.99517077226655148       0.97873857258507180       0.93596405678207550       0.92787590304688572       0.96657997950752328       0.98304581401758084       0.98837893098626450       0.99303964653726806       0.99786493389295017       0.99954854989909048       0.99992037384160581       0.99998188596264359       0.99997338717831041       0.99989772951785028       0.99952334080086391       0.99664797435238517       0.97339990286409317       0.81236111739307260       0.39523936226950129       0.48853004710603759       0.90779175494901199       0.98445484994122401       0.98627362340865865       0.90109995274646104       0.25894228370599437        8.0730736387225457E-002  0.20471003304001129       0.88447857157728904       0.98603285677463537       0.99753115313356211       0.99847563439755260       0.99680048409593824       0.98372618676179557       0.88170014940339991       0.24799653873922325        3.3244464485392804E-002   4.1069744770765616E-003   5.5916991065209625E-004   5.4564628680415801E-004   4.5274812782511486E-003   4.1352048400692072E-002  0.33501420768475670       0.92095656998665765       0.99204298429187832       0.99920518425053551       0.99991961458898093       0.99999000000000005       0.99999000000000005       0.99999000000000005       0.99999000000000005       0.99997745308349184       0.99990104500788213       0.99965213203939385       0.99924159124574241       0.99917305149433477       0.99886731889587133       0.99260091904520653       0.93223805569982621     
  0.25824199442220230        5.0961342080639446E-002   1.8213635889376197E-002   1.3585607282945542E-002   1.3021453752230881E-002   1.4137138876590655E-002   3.0152776138904713E-002  0.16495563625334231       0.62840145575263640       0.83305360018022878       0.87193140454508944       0.88270010824763445       0.89976553091350497       0.93812327394793804       0.93559934106522036       0.75183289524974695        9.8059370976424615E-002   1.0435033121390739E-002   1.1328616488478879E-003   2.5040146662175006E-004   8.0050465632665443E-004   4.8283854564349681E-003   2.6316345244228097E-002   9.7380964951340424E-002   9.3707386303821166E-002   3.1469515180464418E-002   8.2474488428625342E-003   3.1605555444646550E-003   5.1203740676419064E-003   2.7959219068748771E-002  0.19914106346964294       0.89987965451347374       0.98983474729737975       0.99773879197792881       0.98750106228696044       0.88081210954517752       0.12978534393275118        1.5448651956177546E-002   3.1528241946850361E-003   2.1260598947005316E-003   1.8239304740493313E-003   1.1117655239873368E-003   4.0726106979237264E-004   1.0923943022116658E-004   2.6145687737867054E-005   1.0000000000000001E-005   1.0289040167147234E-005   6.9322639872519917E-005   5.2302241744855960E-004   3.6233537933608203E-003   2.1214083000573522E-002   8.1279311023020703E-002  0.12744498256980266       0.20757159448222223       0.45355065911393733       0.44627617537618042       0.19112239552021060        9.5276657402878051E-002   2.4451510219819395E-002   6.4674746926019246E-003   1.6564322784203462E-002   9.0410923025820669E-002  0.27953265273982153       0.76677209596620877       0.90951377331992067       0.98110246376366128       0.99699628918822236       0.99956309237618801       0.99988475196571869       0.99978206872940856       0.99928091262748364       0.99750352333080794       0.99352063059855622       0.99279894964414839       0.99629634499776110       0.99812488700421054       0.99879462227139804       0.99928519654985426       0.99975158704635925       0.99993875202391957       0.99998638139769935       0.99999000000000005       0.99998715998733279       0.99990168353163666       0.99909074782639606       0.99109811596981279       0.91282947267918391       0.29005658499450382        7.7403182569598245E-002  0.13314461800118776       0.67668305907348558       0.93190784433804574       0.95888690368789053       0.83096077291029635       0.12977125465394054        2.9250498938219519E-002  0.11132236964729610       0.78045614099154181       0.96067994658924494       0.98601531654224539       0.98724305972095294       0.97996679061254521       0.93605520860104963       0.69092647619709291       0.10035356903596561        1.1811742042896103E-002   1.3805367809525619E-003   1.9004707678511789E-004   2.6656852946675268E-004   2.2288194268767218E-003   1.9775160912484987E-002  0.16600606278372884       0.89176944923526436       0.98897996000185151       0.99889685976549336       0.99988849567948035       0.99998761742327380       0.99999000000000005       0.99999000000000005       0.99999000000000005       0.99999000000000005       0.99998088977636723       0.99995241067267793       0.99990686588942213       0.99980869998139221       0.99892009774536761       0.99021279399053974       0.90680394071281356     
  0.52785026051788175       0.11892780905470014        1.7659015376772454E-002   3.4189208132806874E-003   2.3838144095304332E-003   9.6101902148889098E-003   8.3180570440046092E-002  0.67797170727227407       0.93029335751710762       0.97793603919176064       0.98595548616770701       0.98781224132809908       0.98975204225113478       0.99242844540532227       0.98214513909395407       0.86966863678342110       0.14424033003570430        1.7098064519060714E-002   2.1259484043977543E-003   5.4530681267728393E-004   8.1186728521303166E-004   1.9377563568126854E-003   5.2131795185681191E-003   1.2560247815070742E-002   1.1298939305432574E-002   4.4120901850341889E-003   1.7156407583862269E-003   2.3834536567838749E-003   9.9126286559648585E-003   6.0218183973556626E-002  0.36560603251931767       0.92506176533749473       0.99234325248452515       0.99800748411601670       0.98766040924633891       0.88167648950525634       0.13192147346346436        1.6427048524601418E-002   5.4550110781536008E-003   8.7069343596274523E-003   1.0271122035899485E-002   8.0658357868188101E-003   2.7861015545179568E-003   6.1634873384768440E-004   1.1058739885971666E-004   2.1038634486770114E-005   3.2752960855521912E-005   2.7336897898472148E-004   2.4125299660815009E-003   2.0384607506290803E-002  0.15346311103782681       0.65835946414562097       0.84886320875910770       0.89684178609503751       0.93475812642405243       0.93175945927200965       0.87233795695779459       0.69394194427208145       0.16954605337311221        2.3243782205403431E-002   5.1836793982283271E-003   1.1918751717453971E-002   3.9073682686735958E-002  0.12981824686202584       0.36700686001346711       0.88081259396709810       0.98458083527265139       0.99808207663919724       0.99949038300174697       0.99924352581421749       0.99922509598109466       0.99947713898107915       0.99929353815698363       0.99927696124339083       0.99959871634083597       0.99979431394300411       0.99987410349085648       0.99992609423540091       0.99997115262060310       0.99999000000000005       0.99999000000000005       0.99999000000000005       0.99998716172094504       0.99988634378064600       0.99888834023873407       0.98896262257013390       0.89200566407257997       0.16914282352326093        2.7780935071192021E-002   3.0498761972330556E-002  0.16769535381924106       0.66210916188539815       0.78267890446388810       0.54578190160012086        7.0225670985701996E-002   1.3052811312188923E-002   4.5153930358831085E-002  0.33327397694812938       0.79435205071471893       0.88277798284833675       0.88217104048100992       0.84611705584392283       0.66429188009002227       0.16836297370032857        2.4308769588082358E-002   3.1312161692802873E-003   3.9185454786970302E-004   7.1890257114950076E-005   2.2457194502771091E-004   1.9742634289791066E-003   1.7665060536555529E-002  0.15161286472328594       0.88802733825690883       0.98852766653464719       0.99884528856141064       0.99988256753126892       0.99998696105679630       0.99999000000000005       0.99999000000000005       0.99999000000000005       0.99997768504315465       0.99994026269963643       0.99991857541505536       0.99993080034640813       0.99989302099627941       0.99930434387333356       0.99373302189485357       0.94215623251686975     
  0.89786896952534268       0.53292084587653299        6.4079204091231273E-002   6.8851095922179044E-003   1.9827827887626106E-003   1.1749704077796347E-002  0.11230590354332681       0.84540410655193921       0.97921470977669245       0.99616045142377740       0.99837816597203211       0.99874406240171199       0.99890457554840928       0.99847049560458934       0.99062886734843203       0.91208078815596005       0.28901569871544253        4.1029108005791619E-002   6.6396862667224511E-003   3.3148975003081164E-003   6.0966343837512609E-003   1.0263188774965395E-002   1.2092616639125323E-002   1.2003258429974271E-002   8.4323520747814698E-003   4.2948485581527675E-003   4.8978429165990010E-003   1.3869138239154559E-002   4.9868644029156584E-002  0.24225994379998006       0.82285564403115918       0.97717819089791702       0.99725023036128069       0.99861622806160411       0.98914229456631431       0.89433910954629570       0.18551042846278201        4.0253784330555334E-002   3.7044309696492188E-002   8.4790894830590421E-002  0.10163025380346032        7.9946807949015944E-002   2.3443858938643102E-002   4.1824900676141257E-003   6.2159071913867612E-004   9.1357867105482508E-005   8.3735544743986895E-005   7.3335936890159487E-004   7.3464634993305571E-003   7.2704095901540103E-002  0.61377992628275879       0.92629554274927783       0.97940611131374333       0.98893314470079041       0.99310808383106530       0.99238705642336278       0.98284681782795880       0.93646429743082860       0.66432556175938728        8.2704270658134599E-002   9.0388297572655384E-003   2.3922311929961537E-003   5.3476419346402638E-003   2.0538972947224364E-002   9.9439768940247142E-002  0.57910785782150032       0.94855737325585210       0.99395028252159878       0.99702388403395836       0.99319533206035870       0.99362040446595279       0.99813780427890608       0.99955897389621151       0.99986287470362312       0.99994663063800482       0.99997583156329584       0.99998570741453263       0.99999000000000005       0.99999000000000005       0.99999000000000005       0.99999000000000005       0.99999000000000005       0.99998875876440085       0.99990304876862934       0.99905269788536577       0.99061912959610399       0.90795233502392092       0.25764918230065936        4.9405566573428331E-002   2.0940855804973076E-002   3.2395441466107996E-002   8.3983104298678529E-002   9.9902270265929918E-002   6.6790750989919614E-002   1.2646268742992286E-002   3.0750878507600694E-003   8.7756927098660044E-003   4.6981500253014383E-002  0.12075035243368917       0.16555844187590676       0.14428453273316691       0.11812944686402847        8.0883916267337957E-002   2.2526045325854949E-002   4.0695597102396765E-003   6.2300958323801604E-004   9.3084949482850435E-005   5.5695554439722928E-005   3.9898658775942906E-004   3.6334217447125247E-003   3.2425031752200552E-002  0.25977280580404399       0.90919388110539001       0.99081674512362705       0.99907967518020113       0.99990649071566740       0.99998913654176569       0.99999000000000005       0.99999000000000005       0.99996104910858286       0.99982643763890611       0.99944539124013398       0.99923753322901288       0.99949023013300009       0.99977006860211737       0.99970928420258032       0.99811601505889191       0.98544951790135749     
  0.97326810002469966       0.81550333145870102       0.10502789584921272        1.0863965491037164E-002   2.4301928543513898E-003   1.2980836590778278E-002  0.12194220196876200       0.87428337062908512       0.98631370412141062       0.99841200955944964       0.99970941347667386       0.99985705044776441       0.99985743200375998       0.99955398137332785       0.99649378437428826       0.96959692070807657       0.76225803248687651       0.14488792449010598        3.3211873436327762E-002   2.6456214950572432E-002   5.7820533037242633E-002  0.10009472005464354       0.11268899244370696       0.10461946290537127        7.0689477247162139E-002   3.3298882147159342E-002   3.9148739459400138E-002  0.10685071740781620       0.27842649690713400       0.80382653071629606       0.96551372309729733       0.99500917241776421       0.99926994699550342       0.99922723682950632       0.99335007549198084       0.93734769274076291       0.49350407875142760       0.21935737921360787       0.28634557287211110       0.70721191593503685       0.80912615127440957       0.66996765634549549       0.17544032570340415        2.3849497684695475E-002   2.8602962963556653E-003   3.3816314958303248E-004   1.3755105078269462E-004   1.0285556442244886E-003   1.0415479268908526E-002  0.10363755958866673       0.81705744055896834       0.97520142072487437       0.99581344975998487       0.99850526287469266       0.99890833275157032       0.99856976972958300       0.99650771347375722       0.98049650495043361       0.85151319627528543       0.13584066799757999        1.5612954798178622E-002   1.9247952374974624E-003   1.0439557980411319E-003   4.4867332908926109E-003   2.9887149926268342E-002  0.21851274166740509       0.90142650486703313       0.98641020250800182       0.98001378089696412       0.93548292354259266       0.94060433085330308       0.98698925861544773       0.99782795694797422       0.99966135164617242       0.99994614612971511       0.99998966897268649       0.99999000000000005       0.99999000000000005       0.99999000000000005       0.99999000000000005       0.99999000000000005       0.99999000000000005       0.99999000000000005       0.99994946430998477       0.99955077802007153       0.99603109145021052       0.96620729099277003       0.74839602215196488       0.24985324344572327       0.13135356611129992        8.7801152129209484E-002   3.3912540684130570E-002   1.5729962771300784E-002   8.0505803114277290E-003   1.9618268748624198E-003   5.8605909534081531E-004   1.3938204237080904E-003   5.8580120566356711E-003   1.4215964268670285E-002   2.0254325290244620E-002   1.6789803721610271E-002   1.2735661525026858E-002   8.3445378239423076E-003   2.6967995564788766E-003   5.9582866788389800E-004   1.1777210604157153E-004   3.8989088938526413E-005   1.0623471388251819E-004   9.0008598917043969E-004   8.7737768958686888E-003   8.5997520829161261E-002  0.70572047069385990       0.96324336908016484       0.99590687885015172       0.99955479946271164       0.99995138408659556       0.99999000000000005       0.99999000000000005       0.99996053638006210       0.99975212304914318       0.99865629788832377       0.99474062516795858       0.99234550545174538       0.99520098556305092       0.99824707158157899       0.99948889687762421       0.99941277081666946       0.99631202770648919     
  0.98519619401749114       0.86865725768129665       0.11909077779635940        1.2718873574614669E-002   3.1122541150341333E-003   1.5438447525316109E-002  0.13459909371897252       0.88236821873471827       0.98779070898390364       0.99874875863196022       0.99986036556367819       0.99997306940430486       0.99997287038336902       0.99985706184179812       0.99882797278308244       0.99020765921952081       0.92137530005598034       0.48645942530899877       0.20287534476718591       0.20841684363095964       0.48415758500688300       0.79563231543326662       0.85362815260867031       0.81835806860067162       0.59785256390489472       0.26525027991810340       0.29778965094748094       0.71518444703795103       0.88769746517195713       0.97171840172177570       0.99452937824817111       0.99909478466446022       0.99984039369164135       0.99977504647256066       0.99838405738615810       0.98861825921584456       0.93815957771921077       0.90279505423193973       0.91417209149699730       0.96328497760417464       0.97441820292459436       0.93687303624191709       0.69232716934827343        8.4171131987929665E-002   8.5579701407356244E-003   8.7118632773326547E-004   1.8577586261850603E-004   1.0099476775190879E-003   1.0186179692361637E-002  0.10155611914022095       0.80724014650905307       0.97568884213630513       0.99662440386991002       0.99831368645200691       0.99682319522620266       0.99526557508736635       0.99629410454655276       0.98901032901001817       0.90693123405079468       0.27206408458069015        3.3950910014724237E-002   3.8303776656389665E-003   7.3561409845302123E-004   2.5300399155598241E-003   2.0513671186791014E-002  0.16685374286824420       0.88836552262957513       0.96928905255598263       0.86592913288177209       0.46115575961205213       0.51207288958660957       0.92197623875959778       0.98929401897921132       0.99849325977014314       0.99978263756742791       0.99996799026174232       0.99999000000000005       0.99999000000000005       0.99999000000000005       0.99999000000000005       0.99999000000000005       0.99999000000000005       0.99999000000000005       0.99998252460238468       0.99987251739828642       0.99905879314182167       0.99369629679803240       0.96574766673720791       0.90239343842909781       0.85134530610625414       0.67899577139221212       0.18844910610494373        3.6973988590781930E-002   6.8928004924514001E-003   1.2059134741758083E-003   2.3466714385558880E-004   2.2283217594024806E-004   7.2326858881087636E-004   1.6550368217905290E-003   2.3604578053301717E-003   1.9067969539012081E-003   1.3719587676668315E-003   8.9549967281998518E-004   3.9290590650806743E-004   1.9145477621729357E-004   1.4335022103759203E-004   1.4892084671628688E-004   2.8346456004044889E-004   1.5391725275728254E-003   1.3261814614910411E-002  0.12103371686902976       0.85159763618591156       0.98280273857061728       0.99809159863911989       0.99978972302721036       0.99997611778407203       0.99999000000000005       0.99997679021795227       0.99981926980435032       0.99862157046526234       0.99062503537900237       0.95141225280995967       0.92385975079601412       0.95552513225392122       0.98521510390101019       0.99662434223976792       0.99916784091355471       0.99821427545293606     
  0.98721618928865496       0.87961420194754580       0.12989042968198275        1.5922967023470149E-002   6.7337106412091912E-003   2.9886315176168476E-002  0.20463062449093458       0.89899239308594769       0.98973444969533919       0.99897370454220535       0.99989591212968942       0.99998733994154987       0.99999000000000005       0.99996228148841204       0.99972123281760783       0.99800828724669099       0.98726271575300673       0.93796176399139009       0.89985701502941073       0.90138789772002081       0.93903668246580296       0.97502739049522114       0.98314252216763243       0.97805327480136817       0.95148788718708521       0.91171718204555252       0.91640297105627311       0.96439216972877428       0.98663049519157831       0.99635152982104225       0.99920947822697193       0.99985267384016130       0.99996822715018352       0.99994498117109398       0.99967704198713736       0.99825331025820696       0.99305887247920932       0.98946527084078451       0.99079857167837271       0.99553208153734685       0.99566459042025168       0.98014548396459011       0.84874524387957628       0.11342113567153093        1.1730526373227058E-002   1.1982370116595973E-003   1.9070805822389122E-004   6.9717305188914049E-004   6.8266764832537689E-003   6.7221186851962780E-002  0.57123209164917765       0.94286179049544927       0.98987091337004440       0.98866345654113841       0.97349295220438814       0.95797354406902624       0.97771367351434790       0.98765120405220330       0.96245305295693995       0.71918989758050422        8.7051227846690199E-002   8.8045960680960059E-003   1.3947781876386069E-003   4.5934642439650515E-003   3.8037081024037876E-002  0.28876302264355769       0.90433327885346504       0.92692710456565053       0.48252506998714834       0.11241022768219144       0.15754616442617836       0.76482406447995510       0.95988439903675005       0.99353034325521883       0.99901199665571094       0.99985708707928223       0.99997923529891963       0.99999000000000005       0.99999000000000005       0.99999000000000005       0.99999000000000005       0.99999000000000005       0.99999000000000005       0.99999000000000005       0.99997167176473623       0.99982733464275286       0.99905205210656900       0.99591916755534349       0.98953547451338886       0.98129596819463671       0.94534614154892571       0.76039165257611296       0.20068523306624073        3.5169303281057766E-002   5.2281770097359391E-003   7.3139262330798843E-004   1.2343912367256289E-004   1.0079221720225392E-004   1.9569816259753199E-004   2.7722503051425760E-004   2.4448039256902285E-004   2.5916711406385410E-004   4.3906992328576630E-004   8.7736235124570041E-004   1.1510055665496337E-003   1.2567767898366128E-003   1.3204771459616009E-003   1.6197716853409198E-003   4.0428041017136363E-003   2.3978279986960383E-002  0.18031332058972091       0.89045339029617987       0.98848333211100758       0.99880645415419655       0.99987525653230658       0.99998585941670926       0.99999000000000005       0.99993479667478191       0.99938787301115084       0.99430773775452475       0.94890552316705301       0.61044845578132567       0.35568733048231838       0.63661064461843309       0.88259470160807629       0.97643945130059628       0.99582640090402486       0.99799632508955449     
  0.98826048671884592       0.89339497822011882       0.18336898894651199        3.7721694378709827E-002   3.2317835384455366E-002  0.11798438827730709       0.56052491180481934       0.94629878512142462       0.99428211730934901       0.99940379378263577       0.99993775680194119       0.99999000000000005       0.99999000000000005       0.99999000000000005       0.99994648056719360       0.99967476685262635       0.99830207502405166       0.99353935595867260       0.98992411872159014       0.99011579065795319       0.99372414426385158       0.99719006256630560       0.99810719648369506       0.99748298841139404       0.99475897277701464       0.99111426610604048       0.99155990584273390       0.99594414197960757       0.99841015509440423       0.99952813218257508       0.99988715044364329       0.99997579237001666       0.99998764816832675       0.99994824006246352       0.99971370361134060       0.99865179048430230       0.99535049946953369       0.99174413994681732       0.99347417452772668       0.99722853753827234       0.99769588207134108       0.98623684823731461       0.87499416024752552       0.12273416481559578        1.2995467853827472E-002   1.3561696529895547E-003   1.7771255543266249E-004   3.2674917425430075E-004   2.7635415884862619E-003   2.4165839453383041E-002  0.19405597527901414       0.84852251017622382       0.95141611666311998       0.91060364856404186       0.79185654300294306       0.65625349881060768       0.82676533066342739       0.93274111972791407       0.96947249338189545       0.84396896856236714       0.11087482080615244        1.1466432371359280E-002   2.5228072575301020E-003   1.2556271814800745E-002  0.10889605795725128       0.74796137212280600       0.96016299005947658       0.92684898133031457       0.41846274349178031        6.2524306353077680E-002   4.4819053419986564E-002  0.24807879702205965       0.80410508569530093       0.96541867696450323       0.99496113672118758       0.99932857239972428       0.99991503509922419       0.99998826705855703       0.99999000000000005       0.99999000000000005       0.99999000000000005       0.99999000000000005       0.99999000000000005       0.99999000000000005       0.99999000000000005       0.99997165271016608       0.99987106394862901       0.99952930127841755       0.99885909102537951       0.99755247178087836       0.99101649893289268       0.95315378621894642       0.75093528992036729       0.18257913023993100        2.5038006413734843E-002   3.1247226602824836E-003   3.8428915105536934E-004   5.7711598285990008E-005   3.5170101782752742E-005   7.3336226561208885E-005   2.3944338301316520E-004   9.4419907304390312E-004   3.1689597225588342E-003   8.4810197094116729E-003   1.1429138523028673E-002   1.2412435786781452E-002   1.2785613105872007E-002   1.3839219140909433E-002   2.1516487188849902E-002   7.8781122702504147E-002  0.44988617172563045       0.93410480763514114       0.99316758638373293       0.99929867116938953       0.99992742406958668       0.99999000000000005       0.99998831513523212       0.99989472930242485       0.99895515344464336       0.98960838940624085       0.89856862073220778       0.20952795322169521        6.1517852826334429E-002  0.10484538101360855       0.33141552479776315       0.85703760915420923       0.97661436278799763       0.99483751676264620     
  0.98847466202790679       0.93538973953739002       0.48447996370774821       0.19968452795570116       0.21036007405826457       0.52925546432913406       0.89945377939873705       0.98598204358544561       0.99825622838186312       0.99979401995017914       0.99997552481201890       0.99999000000000005       0.99999000000000005       0.99999000000000005       0.99998966314451487       0.99995254177779946       0.99979176930615354       0.99933923370346767       0.99900411077014761       0.99902145513640250       0.99933959137154826       0.99961376520196055       0.99960718777417268       0.99930326243172196       0.99857412673814427       0.99799546605769041       0.99800092252630557       0.99857610455599133       0.99929981691038783       0.99979167201117025       0.99995214678217370       0.99998644840944129       0.99996550386127370       0.99976745228240071       0.99849800400569222       0.99160357785779696       0.96493148337326828       0.92770956634977819       0.94548248509738708       0.98075800867227425       0.99310917811829713       0.98470053253532308       0.87532972127146391       0.12560953022988824        1.3575291705321698E-002   1.4559697868072748E-003   1.9257701380894599E-004   2.3430884854686338E-004   1.3945006355212252E-003   9.9017734676387602E-003   7.8076183044515718E-002  0.53730387310211403       0.70431845038573138       0.39357503160338519       0.14050128506278617        8.9903868741977103E-002  0.17028703762007114       0.55922010993728200       0.92376193807729645       0.85396340582689734       0.11504858239827112        1.2237795649017945E-002   4.5220983032126716E-003   2.9692867739230241E-002  0.23756029461719777       0.88742341804901037       0.98363022643167553       0.96965842965943294       0.77082321845203217       0.11805910658783809        2.2141782134826881E-002   5.0284461404714237E-002  0.24708755785505593       0.81886663449848318       0.97647693011158343       0.99726383346129055       0.99969348842902417       0.99996568662404928       0.99999000000000005       0.99999000000000005       0.99999000000000005       0.99999000000000005       0.99999000000000005       0.99999000000000005       0.99999000000000005       0.99999000000000005       0.99998225483881376       0.99994535656533878       0.99986606583159654       0.99963791852379347       0.99839312851973372       0.99086359509922528       0.94460448339659298       0.68478216426375138        9.2820989774947696E-002   1.0498544168662307E-002   1.1849082426157653E-003   1.4135063483826084E-004   5.8128369666038153E-005   2.6457294236437775E-004   1.5042530840788325E-003   7.3610313379061975E-003   2.7542436445401504E-002   8.4196547939155583E-002  0.11180529220260811       0.11971401638728231       0.12203426376805093       0.12637707798537459       0.15440503282989895       0.32579008551673444       0.85361377148992745       0.98081412445242655       0.99772556596829620       0.99974011058303447       0.99997019011015986       0.99999000000000005       0.99998677442108264       0.99987734299678677       0.99878017324367829       0.98788244386184720       0.88269937979074975       0.13498863457498264        1.9376503714263308E-002   1.7705291708965770E-002   7.8926734175260013E-002  0.43093192827708215       0.88149287903253859       0.97553635386719817     
  0.96844464120971763       0.98355888190397467       0.93621482817044976       0.89856294005213522       0.90101417209511703       0.94306148941376566       0.98568525770271975       0.99749452676766315       0.99962651157726068       0.99994876283407852       0.99999000000000005       0.99999000000000005       0.99999000000000005       0.99999000000000005       0.99999000000000005       0.99999000000000005       0.99997464902037303       0.99993144973846793       0.99989476655353970       0.99986510226361125       0.99974698030020037       0.99926550713440621       0.99830649702710306       0.99605731803540787       0.99098512744562961       0.98845857881073962       0.98816178250788056       0.99005791344556537       0.99525965127824245       0.99885462811306747       0.99978917393980105       0.99995153436769668       0.99986517891206794       0.99895582750187140       0.99210508611660653       0.94632381022312428       0.72762983029805928       0.38422192663140031       0.54004320683852702       0.84673964841130200       0.95476767122354200       0.96345384375114040       0.83882206902586631       0.11733051156890804        1.2769776987065199E-002   1.4101372763338838E-003   2.8942304415582615E-004   7.4164439040974518E-004   3.0966095770334503E-003   8.6596142044000051E-003   1.8626280789774977E-002   6.6576637640693437E-002   8.5119585422673186E-002   4.7995972988301348E-002   1.7287615628461067E-002   1.1671875351848954E-002   3.4262870412341488E-002  0.19565734094285103       0.86271807717897109       0.83318916797207099       0.11092916742880252        1.2189671521207739E-002   8.6500237670637074E-003   7.5024200659928791E-002  0.64035999147876155       0.95337751655185210       0.99322396574890559       0.98724695630376202       0.89453487237811202       0.26992988800718015        4.1120570491293341E-002   1.6060114018417761E-002   6.0621927854317678E-002  0.34546362308857953       0.92235030360238057       0.99220025909557397       0.99922539202497318       0.99992249212631357       0.99999000000000005       0.99999000000000005       0.99999000000000005       0.99999000000000005       0.99999000000000005       0.99999000000000005       0.99999000000000005       0.99999000000000005       0.99999000000000005       0.99999000000000005       0.99996828067080579       0.99986974993986755       0.99938935289406772       0.99693621444516967       0.98171116468214681       0.86430687694669339       0.17101182084746663        2.1158312452640500E-002   2.4576009015722911E-003   3.0409631596471366E-004   2.2735912277315108E-004   1.4265357119944231E-003   9.5061948678882013E-003   5.4401424590932640E-002  0.21434830749270828       0.69822624883547069       0.84722552871865064       0.87323618002619730       0.87763815318156524       0.87970495466584731       0.88761279552211170       0.91801003418347560       0.97919666334427335       0.99648107809909559       0.99949146174202064       0.99993200564955242       0.99998992894452732       0.99999000000000005       0.99998630461122817       0.99987258672645740       0.99873478543781158       0.98746834721028254       0.87930348985220230       0.12409133501101570        1.3734621284973056E-002   4.1535685722682743E-003   1.6132494029497305E-002   9.8778825119476582E-002  0.48288677788959283       0.85325169779412269     
  0.82172656805708477       0.97488912729815436       0.99056125710446397       0.98942115019106536       0.98998310884901297       0.99400564140512604       0.99820112058817845       0.99961976116519757       0.99993314188553639       0.99998825462118801       0.99999000000000005       0.99999000000000005       0.99999000000000005       0.99999000000000005       0.99999000000000005       0.99999000000000005       0.99999000000000005       0.99998727046681335       0.99995289091448791       0.99974596063413046       0.99859630736068516       0.99385207149088517       0.98512604871718901       0.96488085494063325       0.91090474847007163       0.88777063535405520       0.88548466865403175       0.90326729763819735       0.95967985390385102       0.99250538374008357       0.99889306395954236       0.99981075937256236       0.99957915726513591       0.99636834308166589       0.96846128426209965       0.75750421186201689       0.18426157999242554        5.8106471354615892E-002   7.8775605694889478E-002  0.22362196254994290       0.69650422125549738       0.79995796173868161       0.60115918215967545        7.6342591106384861E-002   8.3334839662755223E-003   1.0153195155263119E-003   8.0280614720239024E-004   4.4833021055889818E-003   2.2993524335137131E-002   6.3644575533421982E-002   4.8188671787197851E-002   1.6324985171067570E-002   1.0034817858238572E-002   5.3812517956357466E-003   2.2503467062043483E-003   3.1888836401954730E-003   1.9090425950089314E-002  0.14442466412650465       0.83052658239064281       0.77051171024431964        9.8005962467843794E-002   1.0810929240454813E-002   8.9971513362813952E-003   8.0176953996446865E-002  0.67909526962921829       0.95867846333486606       0.99475140500324333       0.99556183750543692       0.96800680495382241       0.76326050733277329       0.15012095784802687        3.5493618658617644E-002   4.3684451801558680E-002  0.21844728828346976       0.90287074412509938       0.99024196971861878       0.99903513506378183       0.99990406575750057       0.99998929787989477       0.99999000000000005       0.99999000000000005       0.99999000000000005       0.99999000000000005       0.99999000000000005       0.99999000000000005       0.99999000000000005       0.99999000000000005       0.99998426095267889       0.99990996952497213       0.99950389950779328       0.99763746398833175       0.99129932595215386       0.97776412537169033       0.88831259363774018       0.27184159048531908        3.4088427747370968E-002   3.8380351493035262E-003   5.1155655639476992E-004   8.3811926170102968E-004   6.4818326542240949E-003   5.0146817975608091E-002  0.32786607382637478       0.81725502447416531       0.95404444714590775       0.98153748489903125       0.98635576219187948       0.98717926550494306       0.98747594447190545       0.98840889654108388       0.99160497733686426       0.99741461502855477       0.99945915460531609       0.99990608122686997       0.99998416865893081       0.99999000000000005       0.99999000000000005       0.99998622732496767       0.99987240861636240       0.99873231045811228       0.98743974867857187       0.87904117038979956       0.12318913189680294        1.3047647405889321E-002   1.8141918296938474E-003   2.9129138704386704E-003   1.5775825466004086E-002   7.6767830759472189E-002  0.26788811695688897     
  0.34239607219941087       0.92161479001869617       0.99143588880927480       0.99818009921501771       0.99889827440317358       0.99931623725347929       0.99973940924558036       0.99992882579281761       0.99998348887464195       0.99999000000000005       0.99999000000000005       0.99999000000000005       0.99999000000000005       0.99999000000000005       0.99999000000000005       0.99999000000000005       0.99999000000000005       0.99997801274522180       0.99982939972759632       0.99867550946871264       0.99065028976087133       0.94743327157997015       0.87243044876235953       0.71939435928118922       0.26853230639099140       0.14974324152291482       0.14299952265065538       0.23512131425162408       0.70903810062522432       0.96220846371908197       0.99571338366946893       0.99944229838698895       0.99904347770643775       0.99094339278241217       0.91062994689234678       0.27109477887612798        4.2545718069285303E-002   9.2361561427227439E-003   9.8380300173686996E-003   2.8504801423986620E-002   8.3652177376931994E-002  0.10099316875241679        7.2955402920598655E-002   1.3829294018433217E-002   2.0837591391828312E-003   6.2684128737450695E-004   2.9970723030853827E-003   2.3926833711260941E-002  0.16609233499261281       0.52950139042389321       0.35887288260659511        4.9310435543127570E-002   6.4025877663475726E-003   1.2389383226008883E-003   1.0152289730102214E-003   5.7500301369663087E-003   4.0766897191297655E-002  0.24771720150206486       0.81183228318890066       0.53924035426204009        6.5493566936116437E-002   7.2777607846012515E-003   4.8689335305462786E-003   3.7849638955686313E-002  0.30489478288698901       0.90374564421518266       0.98897526834906280       0.99760414413557352       0.99028625530935976       0.92487320230537517       0.51201116661151236       0.19796510003925780       0.18302300385521325       0.43487937577717062       0.93152992324632489       0.99291526517919793       0.99927759955664053       0.99992591995083957       0.99999000000000005       0.99999000000000005       0.99999000000000005       0.99999000000000005       0.99999000000000005       0.99999000000000005       0.99999000000000005       0.99999000000000005       0.99999000000000005       0.99993773283001741       0.99956175252180934       0.99712417973418055       0.98327995325699291       0.92631129303002657       0.87234152006872601       0.71709477507521358       0.13789460174574139        1.8113848919344817E-002   2.2543628305786781E-003   5.4280767900623868E-004   2.5481564411710652E-003   2.2070332517182156E-002  0.17621674172909343       0.80549595336786595       0.96576299009445454       0.99303563926360006       0.99773770604293399       0.99854760956594057       0.99868351447198167       0.99871340081618920       0.99879689076568645       0.99911722025171379       0.99967964248826169       0.99991911601187744       0.99998203109031769       0.99999000000000005       0.99999000000000005       0.99999000000000005       0.99998574432516807       0.99987526928890802       0.99875905951540489       0.98765703223080870       0.88061582771289115       0.12685257196106420        1.3614829489821952E-002   1.5052946546823243E-003   6.0310830183333186E-004   2.4565544030338898E-003   1.2204502666646735E-002   6.0267975592967100E-002
  0.19338011703108959       0.89889490073567535       0.98973830017788356       0.99874711119734816       0.99948781118906860       0.99937257056158979       0.99956392122467586       0.99985240342667625       0.99996370785266975       0.99999000000000005       0.99999000000000005       0.99999000000000005       0.99999000000000005       0.99999000000000005       0.99999000000000005       0.99999000000000005       0.99999000000000005       0.99994002498434909       0.99943347777452363       0.99465689027718529       0.95098996644725109       0.61063972499138930       0.19620792478746596        9.6517231819572585E-002   3.4436802264120735E-002   1.8098303402334981E-002   2.1054120482584319E-002   6.8466994475295223E-002  0.40445239821073281       0.92998656845406624       0.99290733051899116       0.99915915367590724       0.99867891207958925       0.98794196191438322       0.88467404538836947       0.14624277500800573        1.7582088187998373E-002   2.4895349674382708E-003   1.3390026236665216E-003   3.2836959006733372E-003   8.4243725960239137E-003   1.0227475908563353E-002   7.5497115976908254E-003   1.9637267764838068E-003   4.6204850297722769E-004   8.4488476116479500E-004   7.7169095364003808E-003   7.5899165650571768E-002  0.63442122453316718       0.87890481269668608       0.72903181961937835        9.0333576761331566E-002   9.3047808047246536E-003   1.2768275201142500E-003   2.7660458503580990E-003   2.2763042915111206E-002  0.17510607748256865       0.73842367621923699       0.84431295507597248       0.21166047998764467        2.6867007237304289E-002   3.2821001545631197E-003   2.0632920362753343E-003   1.5106206517012636E-002  0.12680561192344439       0.77910778205751374       0.97238674622427324       0.99662370499663133       0.99773545839099176       0.98773845180792152       0.94012248141199639       0.89640568171265878       0.89213535680298206       0.92943801658792224       0.98717575101626609       0.99820022537342967       0.99977114037817627       0.99997156717689140       0.99999000000000005       0.99999000000000005       0.99999000000000005       0.99999000000000005       0.99999000000000005       0.99999000000000005       0.99999000000000005       0.99999000000000005       0.99997508054992146       0.99979801071414420       0.99835526812957598       0.98700102890355024       0.90213803444686702       0.41919440383663464       0.18604403455870269       0.10988285855466483        2.7131038616259831E-002   4.8121936374667948E-003   8.0688755810768198E-004   7.7542902025430703E-004   6.7058068208792039E-003   6.5853578150303904E-002  0.55979178937360052       0.93722401826244295       0.99140383309604496       0.99857441227925203       0.99963188153000104       0.99981236859651634       0.99983026310238232       0.99977336506820347       0.99966162073263931       0.99971404866123681       0.99988234622246974       0.99996483484774112       0.99998462646246455       0.99997671105860098       0.99996432614165864       0.99997319802104156       0.99997832505311091       0.99988360945847865       0.99885832918496620       0.98854137917517393       0.88773049847926988       0.14983471350805769        1.7300428187841277E-002   1.9265396087093855E-003   2.9835699737321370E-004   5.6649629722466837E-004   3.5359858178105282E-003   2.5513693008853044E-002
  0.28520690154593692       0.91381325735992758       0.99067632504976311       0.99770455936831148       0.99707787804929360       0.99474510791385073       0.99654912314540012       0.99902886058394547       0.99980206002228489       0.99996516733269714       0.99999000000000005       0.99999000000000005       0.99999000000000005       0.99999000000000005       0.99999000000000005       0.99999000000000005       0.99998846390687690       0.99989949626645358       0.99901264453492278       0.99015827228906172       0.90295279374499238       0.22449290305969397        4.0129541091584321E-002   1.2255764475983309E-002   4.7710069659859010E-003   5.2967968356883695E-003   1.8665537366909613E-002  0.10400750828646242       0.64286648380444800       0.95632861965148652       0.99525586411470901       0.99925376695731349       0.99800707925058108       0.98402855129617128       0.86398353533412187       0.12156987413729327        1.3370576668503678E-002   1.8425004460958523E-003   5.0045165998413338E-004   4.6442920838597821E-004   8.8345263437233663E-004   1.0718885514483217E-003   8.7084031834933409E-004   3.9090142939671890E-004   2.7085322540529137E-004   8.8729836208719650E-004   7.7905387235203526E-003   7.5822516573905790E-002  0.62792900006060060       0.83760686372456694       0.63122236317220104        7.6403975156504697E-002   7.8996314224805755E-003   1.5435133598851820E-003   7.5841454903712475E-003   7.4481320752003477E-002  0.62868195785199454       0.92239105394359211       0.86682648129098316       0.13810822841925130        1.5823007942319153E-002   1.8310961404979763E-003   8.1630896404457406E-004   5.3098880306606550E-003   4.4164256654160197E-002  0.32887501679383324       0.92005123789725896       0.99192121204721972       0.99888773727459335       0.99826763012582664       0.99360976855189875       0.98927577485601825       0.98868553266656967       0.99242323986163239       0.99813167265185865       0.99966272138109613       0.99994715937792733       0.99999000000000005       0.99999000000000005       0.99999000000000005       0.99999000000000005       0.99999000000000005       0.99999000000000005       0.99999000000000005       0.99999000000000005       0.99999000000000005       0.99995719212735101       0.99962411206038571       0.99674281008784404       0.97294132928316879       0.79939065360647676       0.25152428556650092       0.13679176119669820        9.0585079667194604E-002   2.5906380517256928E-002   4.7405337770602659E-003   8.2181816755914656E-004   1.0681300476479733E-003   9.8498701304892741E-003   9.8361082213865220E-002  0.79167216597399437       0.97188479022335372       0.99547752749547280       0.99861656550523026       0.99943192831452443       0.99975279317329957       0.99977496471566663       0.99940023333041239       0.99853507925625573       0.99873330643758973       0.99953096678549458       0.99987020790958137       0.99991854949070325       0.99981529285189763       0.99968987096836914       0.99978492268371455       0.99991149667437684       0.99989285103398162       0.99912815288472978       0.99123415778815560       0.91267473044065328       0.27883982348703457        3.4751900261256789E-002   3.8707505272515732E-003   4.7041696387572525E-004   4.9878154633047956E-004   4.0291789011219145E-003   3.5618325716865996E-002
  0.68308453832488669       0.95673034861647765       0.98865014674387064       0.98641051261311674       0.97521065202639090       0.95126690310172579       0.97287219713544926       0.99408167541919634       0.99902706519567119       0.99985961577798221       0.99998015011429264       0.99999000000000005       0.99999000000000005       0.99999000000000005       0.99999000000000005       0.99999000000000005       0.99998171441104955       0.99984896481259211       0.99865134282649681       0.98751132393481722       0.88332555664986234       0.14539559105048538        1.8133833148374669E-002   3.5587341830938118E-003   5.0374607179561959E-003   2.1903254192909644E-002   9.0241362555486537E-002  0.32129912978057890       0.88050354274141318       0.98496826233782864       0.99809680698335879       0.99886810583818875       0.99389404913724044       0.96170922494439526       0.76461928289093861        9.8713600805051427E-002   1.2857572299576099E-002   4.7327015464927787E-003   2.0604053642226390E-003   7.7329613873715428E-004   4.3305218340813483E-004   5.5085539029366311E-004   1.0050332389994357E-003   1.2889677260810575E-003   1.2963969354145180E-003   1.2414825804051061E-003   3.2663129396234558E-003   2.2116313578398734E-002  0.13335424077922009       0.26886253830138612       0.11817913462884952        1.9240791785361387E-002   2.6384470909169124E-003   1.3205221906176464E-003   1.0292078381034174E-002  0.10229897010897930       0.81175700649787819       0.96117921774649362       0.87443117383386237       0.12819427972315786        1.3999970066739205E-002   1.5290616030402228E-003   4.1670292082929305E-004   2.2319567672515923E-003   1.9229161343196351E-002  0.16041767534255666       0.89048817352182885       0.98885897006317403       0.99884786833076600       0.99968308080934853       0.99931524397063998       0.99889412170762937       0.99881451105086982       0.99918214429360308       0.99974850280759353       0.99994411986024367       0.99998827757458797       0.99999000000000005       0.99999000000000005       0.99999000000000005       0.99999000000000005       0.99999000000000005       0.99999000000000005       0.99999000000000005       0.99999000000000005       0.99999000000000005       0.99996974320462606       0.99976399403027738       0.99823839856708929       0.98806572474899979       0.93215685872697018       0.76739962549880125       0.77045612424660526       0.61705487007931448       0.16250932751491265        2.2491652559546126E-002   2.8216731529076438E-003   1.2191158014860791E-003   9.1330046398181135E-003   9.0449943421973739E-002  0.73935276398154892       0.95202225409086805       0.98354472688789008       0.98987376836010599       0.99528158271260192       0.99814185676087197       0.99883177730627026       0.99705787137060120       0.99188796292049763       0.99338203774768163       0.99784328080003915       0.99944407995126650       0.99949850182713151       0.99848876186231772       0.99730846012725916       0.99821094542447075       0.99939968900571707       0.99981694410589261       0.99956295062563172       0.99619234040670479       0.96577588403784698       0.72515512703359886        8.8149846796348616E-002   8.8816515069269422E-003   9.6166170156146262E-004   8.8671501656081267E-004   8.0851169113768957E-003   8.0912971689195035E-002
  0.70167681808950466       0.92758231967907745       0.93053785355148100       0.88203879582882827       0.80075890696622354       0.60141398108926214       0.82145162621422407       0.97242753261008785       0.99648813148181703       0.99958373857405247       0.99995189906710424       0.99999000000000005       0.99999000000000005       0.99999000000000005       0.99999000000000005       0.99999000000000005       0.99995180591889632       0.99963187259987074       0.99722039186728439       0.97923827958723031       0.84662820519988624       0.11998430769161579        1.3855258029541979E-002   5.9933995980191480E-003   2.9450176926821267E-002  0.15186811260426225       0.54621997044265302       0.87082864520268066       0.97727335494811540       0.99658875561332383       0.99891546143813037       0.99521783770654892       0.96792967045327571       0.82065268469292429       0.29747265803935197        4.4986631514795254E-002   2.5208681655708463E-002   3.2299110202412412E-002   1.6437602406985823E-002   5.8979438758809954E-003   2.9075565688244853E-003   4.0072451503922737E-003   9.0124407435821716E-003   1.2003012175468352E-002   1.1926239723062946E-002   8.6444342883225042E-003   3.6540170451280140E-003   4.9044373726862406E-003   1.8628036058094519E-002   3.4404042046722746E-002   1.5762446248806714E-002   3.4141830432419668E-003   6.8227988073924894E-004   1.1771025946977522E-003   1.0696936504826744E-002  0.10483574856956496       0.82205486828871444       0.96470038457096441       0.88083243269730094       0.14434641511125282        1.6561730560641055E-002   1.8498205218779398E-003   3.7043364235311816E-004   1.5779073255329536E-003   1.4455498219694954E-002  0.13154140159980104       0.88253671142883983       0.98791710565997526       0.99878439234137095       0.99985431307053929       0.99991612231097582       0.99988252413270673       0.99987233628535066       0.99990901421065170       0.99996640321127028       0.99998992244008400       0.99999000000000005       0.99999000000000005       0.99999000000000005       0.99999000000000005       0.99999000000000005       0.99999000000000005       0.99999000000000005       0.99999000000000005       0.99999000000000005       0.99999000000000005       0.99998711841620747       0.99991840953816902       0.99948251638628005       0.99715551942683589       0.98775576881444627       0.96860843013007702       0.96809809298673621       0.92817480287717002       0.67616386323686151        8.1630267059552300E-002   8.3299521456600256E-003   1.3035030896371377E-003   4.3625716008663966E-003   3.7347817553210136E-002  0.28332713076622851       0.76353022672129134       0.86849480272657897       0.90340295445726293       0.95752807097202219       0.98470096163076404       0.99386960463345830       0.98925928556513165       0.96714321411059090       0.97548209726650070       0.99310565672988238       0.99819816473703304       0.99697301340768629       0.98769497808753637       0.97727370748795916       0.98526434835565546       0.99572979126445005       0.99912169599437350       0.99965310719487976       0.99810653488550938       0.98299138475078296       0.85205365833910862       0.11379153449604582        1.1737758037342299E-002   1.2680596819327151E-003   9.6472855039652576E-004   8.5217865278612928E-003   8.4620024758757614E-002
  0.25334602435384940       0.61049755177400400       0.45447234764105832       0.18623644509937881       0.11827841587875024       0.13334449766861495       0.55469487799663708       0.94614308516084844       0.99429920224912804       0.99940601235227089       0.99993772137769410       0.99999000000000005       0.99999000000000005       0.99999000000000005       0.99999000000000005       0.99997839332229022       0.99982760958490735       0.99860742143779246       0.98936653563224486       0.92772650971502135       0.65445646108469391        8.1007777241409645E-002   1.1156842576068988E-002   2.2929806105125926E-002  0.16897340438766917       0.73032688891526198       0.92677461021862018       0.98187098777526116       0.99640418298304034       0.99910814268071457       0.99731571003828834       0.97774465417271006       0.82840116697371424       0.26141679546185709        6.1431064746108044E-002   3.7539166370498887E-002  0.15160627206654595       0.24939599959778158       0.13332983722243361        4.7403756392906636E-002   2.4210034506899975E-002   3.5240523081485196E-002   8.7939545272507344E-002  0.11424259904481497       0.11334443826541082        8.2991454234144488E-002   2.5084140435830998E-002   6.1463020263681344E-003   3.3842751532312410E-003   4.0910805029164736E-003   1.9961651219718162E-003   5.6089762900827134E-004   3.4300820093394332E-004   1.7157932960189289E-003   1.3288747870446094E-002  0.11249743087080913       0.80068943321286912       0.96415501781310675       0.90272492791177561       0.25064634206060071        3.1249079802726246E-002   3.5254261007122353E-003   5.7422809438160722E-004   1.7975315714062977E-003   1.6072727167223352E-002  0.14191272785501713       0.88557385817518619       0.98828337878820649       0.99882962254843299       0.99988046967906974       0.99998044607334657       0.99998559079449822       0.99998493886407414       0.99998835938002617       0.99999000000000005       0.99999000000000005       0.99999000000000005       0.99999000000000005       0.99999000000000005       0.99999000000000005       0.99999000000000005       0.99999000000000005       0.99999000000000005       0.99999000000000005       0.99999000000000005       0.99999000000000005       0.99999000000000005       0.99997777539911803       0.99988504303190573       0.99947209015119776       0.99815234380591389       0.99604508961080518       0.99447781469968466       0.97697597261673419       0.83636080168779359       0.10899790884073182        1.1130645080206839E-002   1.2498563934911595E-003   1.1489220372725437E-003   7.0519001478392086E-003   3.8181978889315030E-002   9.8501865735459923E-002  0.13509129616596174       0.23626434165654953       0.66042470588006952       0.87692806387646127       0.96581018076047331       0.97828895585549647       0.94161805524641029       0.96234230786318053       0.99037240383087199       0.99599879726186280       0.98267142421547427       0.90137536834597787       0.82163918363397559       0.88157741524616740       0.97086156585106775       0.99518924258893238       0.99918229980849327       0.99855672219679448       0.98690622383100457       0.87662647294946816       0.12567985277603808        1.3481217755807217E-002   1.4639125694457641E-003   6.1485309321831366E-004   4.1703736822712853E-003   3.5170633685080811E-002
   3.3988842316900567E-002   7.1855621992737762E-002   5.3845020703898981E-002   2.3538789520302729E-002   2.1951533055976555E-002  0.10267659316151678       0.76608338311766244       0.97080154226544157       0.99669090186711817       0.99963438238708435       0.99995950995845861       0.99999000000000005       0.99999000000000005       0.99999000000000005       0.99999000000000005       0.99994182775628082       0.99946214848281689       0.99502805730613819       0.95520227437993410       0.64675894708294390       0.15291757419467450        2.1736209634181627E-002   1.0171925595190536E-002   7.4696470911574275E-002  0.62668823321447675       0.93607222625137154       0.98781317687321302       0.99735997775725760       0.99939154843497191       0.99918075001922113       0.99273618224236515       0.92791658202126559       0.38651916400841063        6.9119921965747469E-002   2.7149771380154498E-002  0.11461823838422705       0.72748029387017932       0.87574509755373608       0.78464786224054095       0.34247542367952788       0.19183026567424050       0.28008230079275059       0.71824740453554803       0.84741223770002772       0.84283951043501493       0.68179332366420720       0.19067162899578463        3.7792079717015398E-002   6.8385382552184600E-003   1.5190563273985934E-003   4.4556384502981419E-004   2.8608312007074742E-004   1.1149805165362229E-003   6.5713670273605052E-003   3.9069601197496549E-002  0.22790778049180668       0.87603687396033925       0.98005436781138233       0.95754586213092407       0.67730456665372307        8.1687499433378469E-002   8.3541990564489615E-003   1.1922055409727683E-003   3.3138762919813439E-003   2.8966825442679849E-002  0.23473072103493897       0.90510852470714287       0.99042904885301197       0.99904927063184690       0.99990431458097029       0.99998844922106123       0.99999000000000005       0.99999000000000005       0.99999000000000005       0.99998840747959172       0.99998175630011843       0.99996819918707824       0.99994228269316332       0.99992372204854274       0.99993675670797988       0.99996912707326435       0.99998801468691656       0.99999000000000005       0.99999000000000005       0.99999000000000005       0.99999000000000005       0.99998958888795564       0.99998211817223448       0.99995602510010928       0.99985643091902077       0.99954301145660229       0.99868877175449855       0.99503963200919743       0.97261875353392235       0.82183539943005379       0.10601375972758056        1.0801577044107443E-002   1.1116978079017518E-003   3.0037447827810441E-004   1.0654443297574607E-003   4.4673687452464125E-003   1.0326082670771612E-002   1.5362315848193010E-002   3.1071795932861187E-002   9.7775604419591683E-002  0.26904687324963389       0.79372547169406282       0.96233447680783668       0.97981351193841926       0.98836853251814116       0.99590178369376159       0.99117866583522962       0.92085464427555108       0.35488679428647701       0.15425001654536666       0.26288737159416942       0.82405540633257968       0.97713810455069872       0.99722471732987683       0.99855595661510321       0.98851630820957681       0.88796323360627150       0.15070286493423127        1.7494842721702420E-002   1.9638383147016392E-003   3.5348958981998296E-004   1.0485071763088249E-003   6.7062487040330590E-003
   3.9539917440368179E-003   7.2564762629085530E-003   5.6958555229353492E-003   3.6965713845895829E-003   1.2926583289503014E-002  0.11406024761676550       0.85355200356011596       0.98314167136992148       0.99813063729163276       0.99979379794102918       0.99997655338782376       0.99999000000000005       0.99999000000000005       0.99999000000000005       0.99998828757963065       0.99989703739986280       0.99898790707415186       0.98995671799626916       0.90164888996118142       0.22204465695065365        3.4695686943664830E-002   5.9056257001669880E-003   1.1392067497098066E-002  0.10630415271040129       0.82746418129557198       0.97759146356808613       0.99688222086742828       0.99948232814339444       0.99982502058215439       0.99914725555257666       0.99156028671040664       0.91591188366395193       0.29982978241799813        6.3723510777559431E-002   6.3081995104127001E-002  0.27371023629315616       0.89145671584388553       0.97777729384706480       0.97228293827518841       0.92214082226782212       0.89862761112234679       0.91332352468241029       0.96490248012866242       0.98206434200036063       0.98028899722183616       0.94708364427817771       0.77117255951934649       0.21385193309271491        3.7563978566959318E-002   6.1559018872487832E-003   1.2349557638753712E-003   1.2452684176039574E-003   6.2911596041422399E-003   3.7364864043395236E-002  0.19906656378429838       0.74871073541980160       0.96245968782441416       0.99288600746459754       0.98096779383656496       0.84435502369376025       0.11815215460524960        1.2770146925394818E-002   2.1043615725345956E-003   7.7814412870932537E-003   7.5923896210984138E-002  0.64210501431260258       0.95592510313012180       0.99519610283709414       0.99948011736585374       0.99993707349821648       0.99998758262507426       0.99999000000000005       0.99998403856763018       0.99995664201078382       0.99990136087785819       0.99983866447907377       0.99971188930931265       0.99943509083678383       0.99922287906733764       0.99936994023787906       0.99972415768532263       0.99991183908518122       0.99997656628356391       0.99999000000000005       0.99998844137484644       0.99996569887269693       0.99991519654035022       0.99987022001335746       0.99978944482132537       0.99948431828478701       0.99834395050853475       0.99418915137792530       0.97454730268144063       0.88904722608710418       0.58552210562817264        7.0269428888322050E-002   7.2310417110370995E-003   7.4912889466688024E-004   1.1295792844808393E-004   1.5354271906866109E-004   5.0622093906261525E-004   1.0769665503079096E-003   1.7228776810423662E-003   3.8763328538797084E-003   1.3121087958179565E-002   5.0917459832155343E-002  0.26012775161184515       0.87346812442401933       0.98146786374591666       0.99589019538367984       0.99789286631191132       0.98827418130575551       0.88837023723839725       0.15973975287907102        3.3862123199966530E-002   6.5742699000301413E-002  0.38610027651114431       0.92771886756546584       0.99264613333097718       0.99837894175974085       0.99083493187450444       0.90903713711226597       0.25019131804768219        3.1009891504115820E-002   3.4753130628396006E-003   4.0832076218552714E-004   2.3063674291512253E-004   1.0126974149508410E-003
   4.4107717156736937E-004   7.3460831698040469E-004   6.9406188362185672E-004   1.5193501982562955E-003   1.2478208003577273E-002  0.11935720551136138       0.87278389714549320       0.98631994735511308       0.99856179953879776       0.99984810103863198       0.99998301941495260       0.99999000000000005       0.99999000000000005       0.99999000000000005       0.99998628387750865       0.99987512107011156       0.99877268960533150       0.98788013218041004       0.88295711284772105       0.13654770701358393        1.5948872247570144E-002   2.9772552439719245E-003   1.1657582160665168E-002  0.11284441549021337       0.85714966740051535       0.98346437926239993       0.99808775140738359       0.99976056297474103       0.99991584171751646       0.99949948481737116       0.99545541098493462       0.95999597241705870       0.69604034486779665       0.27872756848763691       0.32706648701182028       0.80546295662095213       0.97148504444810779       0.99530624849547289       0.99652473449833112       0.99206358204233125       0.98974537410392471       0.99126477755575249       0.99606925071610242       0.99795197003351643       0.99747362335949064       0.99156229600602130       0.95673792355802179       0.76877922132497212       0.19198639827778941        3.3401397783397506E-002   7.1818251548108206E-003   7.3016988128443566E-003   3.5399774134503757E-002  0.20645487658274658       0.76762887110701672       0.95309012684427286       0.99217722192090030       0.99757769142503394       0.98793037930931793       0.88778017354065197       0.17213696753390112        2.0893428666893702E-002   3.4552037224895712E-003   1.1152242356859403E-002  0.10728803688938569       0.83064861941516810       0.97965083114124651       0.99759911602419371       0.99963228411953131       0.99987707516218760       0.99993669280371023       0.99994830021673919       0.99987658829023818       0.99961514854501843       0.99905034312802166       0.99850231884369045       0.99737182671413760       0.99445993447670289       0.99204195184348343       0.99369560961139214       0.99752793187299538       0.99929434452741461       0.99983947759721148       0.99995488371945085       0.99992298191713269       0.99971241774562736       0.99917482328729990       0.99876259687704372       0.99815893986026460       0.99580026895678941       0.98686276400084927       0.95883825372242404       0.82711019492663407       0.38093684651380694       0.10664193177240486        1.6015595250501027E-002   2.1170634941168808E-003   3.3947611941789025E-004   1.0903808446778262E-004   5.7648110623976377E-005   7.0217905663942708E-005   1.1856512786740244E-004   2.0222775757012320E-004   5.3501005236427171E-004   2.2632751265975002E-003   1.3053333006908198E-002   9.7167665472955828E-002  0.66601604835748307       0.95675606061694762       0.99453771313698625       0.99780729211725083       0.98651469729210828       0.87590029090775523       0.12604732491464282        1.7253435686637762E-002   2.6507976482722337E-002  0.19090218663710107       0.89873451949403349       0.98982567157921908       0.99830491733827198       0.99321304826991863       0.93678889775088670       0.47522107047661699        5.5849624634405119E-002   5.7568038216128858E-003   5.8965086066395172E-004   8.9302898605206718E-005   1.4144435807501862E-004
   4.9675215171276861E-005   8.4756655363380195E-005   1.8304079277040150E-004   1.2764522942780435E-003   1.2395324232422251E-002  0.11962906278642202       0.87364917845380419       0.98648288998179301       0.99858772027627618       0.99985196850498270       0.99998357228181856       0.99999000000000005       0.99999000000000005       0.99999000000000005       0.99998575383523036       0.99986928328132652       0.99871572889272442       0.98736040745072140       0.87874733656865778       0.12366844825257749        1.3200652518946395E-002   2.4054238401173510E-003   1.0754682889017960E-002  0.10595017302669540       0.83120292587983502       0.97963326001538975       0.99765641280448070       0.99972813849260311       0.99995003687546369       0.99984720878354927       0.99887217629282432       0.99237533385091103       0.95965093322850026       0.91240095228534424       0.91974922931372682       0.97401352922264528       0.99496789798679730       0.99876385380148636       0.99871219942409040       0.99811813777094005       0.99796075267212314       0.99845390992195882       0.99932981014300215       0.99970348401336440       0.99963536772389305       0.99854928906442597       0.99174992630708492       0.94987458192803775       0.71755066148801394       0.17805310606139937        4.5525518462088362E-002   4.4578406612471935E-002  0.18025593522866284       0.75539120040195495       0.95451707626243931       0.99174454877203011       0.99848941872994434       0.99901511243190222       0.99265202639654115       0.92872885693943630       0.40150115432659256        5.0937907609536807E-002   6.8939424625754520E-003   1.2357342835467430E-002  0.11423791125658066       0.85721425738423929       0.98246263597645878       0.99693379752965361       0.99863055581044080       0.99901756500989380       0.99943642498079144       0.99959073645480068       0.99901202929670341       0.99659345689839196       0.99074512237653345       0.98607237764854905       0.97658077485479777       0.94664770454820890       0.91956915619062884       0.93784896826714081       0.97856314722420834       0.99459445718493011       0.99893986702435378       0.99973862550743864       0.99948312822504726       0.99765889529184315       0.99191314623980076       0.98804250257016923       0.98355883555119905       0.96512157233175044       0.89227388933937624       0.73360824379450662       0.22518198022742741        6.0443212427018209E-002   1.5159482085628825E-002   3.0462886113380785E-003   1.1968569765995821E-003   1.0245061511524644E-003   7.8199123062453054E-004   3.4118934308348674E-004   1.2541498417812877E-004   4.4584125830364356E-005   3.3123636093140726E-005   9.3696360398932125E-005   5.2443112430121863E-004   3.7815890349034448E-003   3.0291527244082780E-002  0.23074154544194816       0.89396171816315628       0.98686196835291340       0.99524800128480351       0.98028939331518261       0.84791951226542961       0.11350621926721202        1.4052215817254963E-002   1.9959096920585239E-002  0.15548200569286025       0.88974768053133935       0.98865583447649730       0.99771953043902761       0.98949426026816023       0.90782543570650065       0.32228653876362950        3.9515057151633053E-002   4.3008070399311342E-003   4.5633519894010418E-004   5.2021689512204489E-005   2.2475679612002675E-005
   1.0000000000000001E-005   1.9245466840669722E-005   1.2234765858968547E-004   1.1700781008517761E-003   1.1677949362197813E-002  0.11398044772743586       0.85585576423858134       0.98360324839778734       0.99820739225141597       0.99980557994202790       0.99997825950382258       0.99999000000000005       0.99999000000000005       0.99999000000000005       0.99998579001051924       0.99986891125606692       0.99870893250577419       0.98728668851223189       0.87812750623459679       0.12195265900814312        1.2812719704138130E-002   2.1113654092241546E-003   8.4237756731432196E-003   8.3412535192836507E-002  0.70145760011626035       0.96262166312801245       0.99576253240392731       0.99951666387923355       0.99993831561481272       0.99996035575435316       0.99979166514863682       0.99886761544916935       0.99539477777005270       0.99118111822115562       0.99190395154973465       0.99675561953923797       0.99844556481992264       0.99662731013630712       0.99130515709494260       0.98886089057337723       0.98941979005542624       0.99309166000973403       0.99780617325508625       0.99951416419274786       0.99986569998039854       0.99972261415080677       0.99841484146781778       0.99033246158958377       0.94385522775112640       0.73298946564946288       0.28777750076704145       0.27399347908614291       0.69507196025343954       0.94313480430353980       0.98984654277583917       0.99781607695878372       0.99951141286336864       0.99959644590305352       0.99708704619762423       0.97422993590376250       0.79131977430617473       0.11748523416424687        1.4405985569433597E-002   1.1804988331389488E-002  0.10091346698808863       0.79164536005242780       0.96101173486271163       0.98429879479969262       0.98789136915753917       0.99027770815808303       0.99479388070921704       0.99680639965328643       0.99242933842971048       0.97081246803371146       0.91038587983876340       0.87349898640146106       0.80732056669930841       0.54922755984092286       0.31544840166841531       0.46816097357868486       0.83065574349439653       0.96159615174706448       0.99372269004352509       0.99868268352007528       0.99696377849408169       0.98256949134983795       0.92171128879582076       0.88632436654187441       0.85728061315532567       0.73515467646778321       0.27153824763403583       0.11106516358739264        3.1173452528904511E-002   8.2599886839064308E-003   2.6921400951040882E-003   3.2078463478136445E-003   7.9338385848834216E-003   9.8829314637294621E-003   7.8498509653758472E-003   3.0771282323551878E-003   1.0058583306045345E-003   2.4075330669509094E-004   5.0598855706336605E-005   3.1523089026314298E-005   1.7932436775890026E-004   1.5090435628835829E-003   1.3375368134347643E-002  0.11777735911064083       0.80085195402006759       0.96132896890597719       0.97756107903381972       0.94006258751908156       0.69112891536522869        8.4098295656951455E-002   1.0343760491483433E-002   1.6361534808717847E-002  0.13498462293423627       0.87088573735372921       0.98541953795165049       0.99544163846770084       0.97329126528085586       0.78807495943980244       0.13662244175365382        1.6559667281169838E-002   1.9011280789129560E-003   2.1386694901850471E-004   2.4771592800578160E-005   1.0000000000000001E-005
   1.0000000000000001E-005   1.0990983167887370E-005   9.2164475944145064E-005   9.1926534477558455E-004   9.2575531235367190E-003   9.1894886279086513E-002  0.74802759355257253       0.96879965199652185       0.99653363146049834       0.99962612501210080       0.99995966362437261       0.99999000000000005       0.99999000000000005       0.99999000000000005       0.99998583543436836       0.99986907021561489       0.99870905114578912       0.98728196643928534       0.87806990250076999       0.12175064988771889        1.2737672798949466E-002   1.7652003957757882E-003   4.6467811771257715E-003   4.1699178453640712E-002  0.34048351292381418       0.91716475321761892       0.99073855022579405       0.99886730000929380       0.99984462063957247       0.99997143027154911       0.99996393340428402       0.99984908082812252       0.99949242601364408       0.99909991034844559       0.99902575104322178       0.99855683335984591       0.99376891036587767       0.97222672854279324       0.91422533516821558       0.89093326078778301       0.89625876232765744       0.93339278398486680       0.98216984950235520       0.99686705766134687       0.99952905392688607       0.99988932442189160       0.99970655474577708       0.99837409635138297       0.99163466187912386       0.96542084468978318       0.91379118774429147       0.91001012760152400       0.95500233153051206       0.98121909185069911       0.98823511270675901       0.99347042165242250       0.99841584709487852       0.99958220393814723       0.99869082494147265       0.98838376211330381       0.89538416487892558       0.24798768614958303        3.1692700157710356E-002   9.2031934287341074E-003   5.2022029768793006E-002  0.40900825066404328       0.79576503171778812       0.86874086861858113       0.88407921493715136       0.90392925911190858       0.95267974231568953       0.97590374046766459       0.94642081569002201       0.77708139684770883       0.27973632773545060       0.14151361104253896       0.10515916983703043        6.5342421758390612E-002   4.0204400081779300E-002   6.8780629551888864E-002  0.22228971557536142       0.77305997114591252       0.96971029922142093       0.99481790162922668       0.98642961800101392       0.89695911629661540       0.36163095488184432       0.16191643638914832       0.12199343308723641        9.2433621501236810E-002   3.5188221316739404E-002   1.3291514478836445E-002   4.0435879185986923E-003   1.7859017099119876E-003   4.7054548845610620E-003   2.3577806401595600E-002   7.8326139912576254E-002   9.8946465379589441E-002   7.8548663780818595E-002   2.7032923555116679E-002   8.1968317366839013E-003   1.6701827999647928E-003   2.7772177242337497E-004   4.9306254214951382E-005   7.9934101462297844E-005   6.6387512886102046E-004   5.9541779080221546E-003   5.2503911558543642E-002  0.40212025818427283       0.79076663670981218       0.83866428944188443       0.69792052855312725       0.18049059718215590        2.4379220547339753E-002   4.0802824135616617E-003   1.1250854372745889E-002  0.10160822368047653       0.77187619065541735       0.97053700845045798       0.98855521588843431       0.92042420399658131       0.33898546602611046        4.6546011601374504E-002   5.6769124968194026E-003   6.7622887991648643E-004   7.9581368150818298E-005   1.0586703547105404E-005   1.0000000000000001E-005
   1.0000000000000001E-005   1.0000000000000001E-005   5.0874716904745327E-005   4.7256987220073058E-004   4.3840780551755928E-003   3.9664573561492181E-002  0.31878880995422459       0.91915113980199958       0.99193111690911151       0.99920477164203891       0.99992046865074236       0.99999000000000005       0.99999000000000005       0.99999000000000005       0.99998569142485050       0.99986825529161372       0.99870411078343169       0.98725244789907929       0.87790997018084604       0.12160723017593521        1.2687583090456908E-002   1.5134193611401107E-003   2.1930863530967865E-003   1.8225298547552268E-002  0.15225347034275236       0.84886259040368295       0.97707766885124425       0.99612314444073946       0.99933825230392181       0.99989068506440804       0.99997824026200532       0.99997723304744368       0.99993208567417735       0.99980423967007914       0.99907806243418384       0.99379411255878081       0.95917814298646453       0.78780116096763941       0.29160900497142223       0.16052730309276245       0.18585541965204017       0.44011592382688336       0.86835798631826266       0.98190501210190240       0.99779976555683791       0.99973676989681926       0.99992178434770929       0.99974065937535772       0.99883429186423112       0.99576885541880822       0.98960455034013839       0.98130602054259752       0.95215467348853844       0.90441484207882639       0.90061002490450071       0.94142001885853843       0.98926686515081608       0.99842560966347382       0.99931099062790651       0.99559593733693652       0.96206144878914168       0.70576043286077705        8.5490927246014856E-002   1.0022698515482754E-002   1.0405060208164063E-002   5.1970996959278655E-002  0.10289915029990908       0.12215134974844259       0.14075508893254501       0.22907436505064788       0.62064477546075425       0.83373082441401147       0.69659526393267934       0.19292734157168023        4.4923094644157696E-002   1.7085300395372999E-002   1.0992230345230032E-002   6.7941153300111251E-003   4.7734023178676128E-003   1.0139288366912518E-002   4.6509921054452542E-002  0.27161020714430117       0.90992967158467397       0.98762474327961891       0.97247367287174591       0.79477478098431464       0.15905182460019821        4.3956103730320974E-002   2.7348997047143199E-002   2.1034815082885461E-002   1.1280045317949931E-002   3.4410093051638235E-003   1.2768105715491133E-003   3.4810669187620353E-003   2.5070442286289029E-002  0.17509666957395897       0.65874963516058138       0.79636768157365811       0.66392488671428418       0.21274808731126751        6.2729118931789563E-002   1.0287506834510898E-002   1.4041562896788759E-003   1.7853854730198024E-004   4.3876985996263414E-005   1.8607064719876031E-004   1.3947862409866125E-003   9.5591113649922677E-003   5.1341818814150522E-002  0.10249790102014963       0.11198394834538758        8.5663472734862439E-002   2.4532848099456224E-002   4.3741416338403897E-003   1.1830322394534424E-003   4.9548382322292476E-003   4.2937070800359627E-002  0.33869048724403050       0.91566824156415705       0.97836523356405680       0.88523226989610504       0.15952082494800507        1.9264527333608998E-002   2.2416691513123164E-003   2.6080761218500353E-004   3.0976718373586775E-005   1.0000000000000001E-005   1.0000000000000001E-005
   1.0000000000000001E-005   1.0000000000000001E-005   3.3426055331944730E-005   2.8971818473928909E-004   2.5399709937784167E-003   2.1998307830447435E-002  0.17963265185039662       0.89612916394251940       0.98958539348939845       0.99897147239880513       0.99989005711561596       0.99998123499191782       0.99999000000000005       0.99999000000000005       0.99998519316778711       0.99986616767646652       0.99869229202743504       0.98718587567632288       0.87757329131366113       0.12142124364516700        1.2650257329631230E-002   1.3879726075184072E-003   1.0833502350994786E-003   8.6648871922531991E-003   7.8366795367642739E-002  0.60634838472832930       0.89743668993804682       0.97802695053275579       0.99616466549867622       0.99940078454164416       0.99991120854719595       0.99998057137320850       0.99994897653958670       0.99960695166605229       0.99664846699776921       0.97176444046652077       0.78708947824638098       0.21406482290824844        4.8060585091493031E-002   2.0375899978854611E-002   2.6039224426870757E-002   8.9201842580374113E-002  0.41819580461196337       0.93035079773195395       0.99283548398334398       0.99926512102100828       0.99990272574232930       0.99989565525578317       0.99957338813861296       0.99803038480125983       0.98970197676861926       0.93978757746253483       0.66917996332311547       0.24419301689281178       0.21363118955897786       0.52642614040649871       0.94142507415369514       0.99374568361485549       0.99912902009437898       0.99793951110823531       0.98222625383730588       0.84790282122236948       0.11240279623899022        1.1804841900775395E-002   2.5445607227471147E-003   5.8224862193821990E-003   1.0659986445851085E-002   1.3059307966024700E-002   1.6416409571061059E-002   3.2815529003455392E-002  0.11189731266898806       0.32163716192150377       0.24479817649938171        5.8892420267091426E-002   1.1742038153858618E-002   2.8965713492477107E-003   1.2688648544010609E-003   7.3121229289056962E-004   6.7152203665609962E-004   2.4697457476631694E-003   1.7733540330527871E-002  0.14547403853488783       0.88536721699057719       0.98613162684432987       0.98305908411905285       0.88078265968393799       0.32153231560131657       0.15493418140560106       0.12574211161197993       0.10985934729727520        6.9860759637167577E-002   1.3657186229994428E-002   3.2263195742880013E-003   9.8118250620615275E-003   8.5718086676527763E-002  0.67285945180004569       0.93006501582368351       0.96993823235714483       0.94926794284651583       0.82701055889519326       0.38509226059891333        4.7680372179467197E-002   5.1441348063946974E-003   5.4083736792099853E-004   6.1665897049939687E-005   4.4878787898072699E-005   2.5171053077999346E-004   1.3890755285244287E-003   5.7270192272115402E-003   1.0717075238009618E-002   1.1727010383775332E-002   8.8290985743129918E-003   2.9682347205593910E-003   6.7000373751103159E-004   3.4309147618263392E-004   2.0387119791040139E-003   1.7722128553490431E-002  0.14877214257130311       0.85135747074546497       0.95898428993021445       0.85085497902117457       0.11963850580927776        1.2866946571592429E-002   1.3638221596943547E-003   1.4621676202537372E-004   1.6702285149369876E-005   1.0000000000000001E-005   1.0000000000000001E-005
   1.0000000000000001E-005   1.0000000000000001E-005   5.0069878970845759E-005   4.2785152796977389E-004   3.6593957418353711E-003   3.0792567678826301E-002  0.23765253936981631       0.90630946323047301       0.99059006601124300       0.99900774202217357       0.99981398079363715       0.99991097015368902       0.99996411672426178       0.99998753986314992       0.99998326766284307       0.99986379879701637       0.99868287592602634       0.98715046412315699       0.87751518439495335       0.12204508064966542        1.2822042140889885E-002   1.3731588859227538E-003   4.4846591733741084E-004   2.3479892624247898E-003   1.7498977492681048E-002  0.11494456436094035       0.42683422657365144       0.85620765858216508       0.97752693919783096       0.99688352694171167       0.99958509729821721       0.99993380759510864       0.99988076124777003       0.99897118492612280       0.99035726338517838       0.90907375397526080       0.28366397561649981        4.7036244740543652E-002   8.3149806558500215E-003   2.7969072890479153E-003   4.5670534352542317E-003   2.4354655630999200E-002  0.17354927460394184       0.89028046745799816       0.98852016026426659       0.99877436384517382       0.99975626663451433       0.99954705356306006       0.99820998426578167       0.99184818920303908       0.95449105823273817       0.75019609256925968       0.17379886330884245        4.1126356945733099E-002   4.2509153637124958E-002  0.20449698061824673       0.89942940498906920       0.98980799891899596       0.99882639320208655       0.99838429347312752       0.98579233347634365       0.86990314121844192       0.11888897283785338        1.2388495138448172E-002   1.4354405279251756E-003   7.4306247701369922E-004   1.1121322560197907E-003   1.4537583696407981E-003   2.6051353079490636E-003   1.1401762672250045E-002   8.4585976578517061E-002  0.59980297123935988       0.63139126549048441       0.17818060622955187        3.1780357883265296E-002   4.7400594085537651E-003   7.1788080533693186E-004   1.6092364259845989E-004   2.0159953588034984E-004   1.4396244715321562E-003   1.3359352883040725E-002  0.12483915245965656       0.87857985828930341       0.98667941929048519       0.99499581014162186       0.97925971963935621       0.91578938225532380       0.88645839429989637       0.87240645590667953       0.82579876990402412       0.56666561382487890        7.3675992898659309E-002   9.6684259978496046E-003   1.1309651796338176E-002   9.0296981769115978E-002  0.68692085424395988       0.93622088376996715       0.97781299785267728       0.97775837967767620       0.93292786285534668       0.64699522628360229        7.6647336969346766E-002   7.7086697150790884E-003   7.6605814239869734E-004   7.7507658393005563E-005   1.5046838298665528E-005   4.0790359338573770E-005   1.8530381175655344E-004   6.3226346928050474E-004   1.1209560220853899E-003   1.2226897114640293E-003   9.1200426674970946E-004   3.4873631336711355E-004   1.0037352900720406E-004   1.2430013916715841E-004   9.7538522890420164E-004   8.9981038354199315E-003   8.2838797477945897E-002  0.64180404817710668       0.84689864846318297       0.69286873086462530        8.7077176959653432E-002   9.0718135816566358E-003   9.3518784508955528E-004   9.7200817029569032E-005   1.1368542568883038E-005   1.0000000000000001E-005   1.0000000000000001E-005
   1.0000000000000001E-005   1.5907557267074092E-005   1.3197781617259939E-004   1.1663010424859004E-003   1.0238685263898047E-002   8.7965228797032183E-002  0.62580617974896102       0.95405296736461220       0.99482419507041076       0.99882030703347047       0.99900453418491453       0.99921561301658302       0.99970439352844387       0.99992296215244303       0.99997041531413111       0.99986457882709301       0.99871493910299847       0.98745315013155144       0.87996106721237788       0.12905147751520810        1.4664920058160323E-002   1.8807052157067546E-003   5.1412947483405423E-004   9.3955621280708437E-004   3.9218092265928314E-003   1.8461352812086707E-002   7.9455614098937449E-002  0.33639550064920692       0.89414513673253437       0.98666984960383008       0.99836222799834717       0.99977072525451571       0.99972381748381001       0.99789880292962752       0.98246779735186096       0.85606285559796635       0.13722194398571066        1.6722826017071795E-002   2.2006527077564775E-003   5.6704043854155907E-004   1.6421001463703881E-003   1.3544829374057673E-002  0.12267811023236364       0.85984915278494967       0.98343681660306059       0.99774398097712647       0.99882671889606356       0.99666399179162990       0.98751151610458376       0.95293398903686211       0.77208610312767401       0.20589270338714918        3.4926117987029104E-002   8.9169545834116588E-003   2.4654278051951795E-002  0.18487072614186986       0.89668574199763018       0.98957960142123225       0.99876712873818418       0.99801934145208793       0.98296264227050734       0.85198790439605698       0.11338540040579935        1.1664195028039202E-002   1.1977435945829098E-003   1.8778456758304613E-004   1.4447979181656548E-004   2.9497668033626320E-004   1.4708017223650535E-003   1.2174170285263236E-002  0.11191068266460054       0.82181213694086941       0.91822087044666023       0.72939193042659056       0.16122832824932740        2.0766895939958611E-002   2.4242592563443049E-003   2.8993900483489677E-004   1.6201640994907015E-004   1.2677245833070461E-003   1.2440015927972666E-002  0.11968750984149573       0.87214245327207396       0.98582887672343844       0.99775200952760512       0.99697840615930899       0.99125906933394181       0.98806842867410127       0.98479320767192435       0.96548042713975046       0.81853676830214062       0.11690787822655035        1.3767952278142327E-002   5.2849447761098289E-003   2.7610565038350805E-002  0.18847902864766519       0.69979844029619420       0.85373068911567718       0.87288334128740297       0.79589265431715106       0.35505563716211486        4.4730799288414023E-002   4.9005412120641514E-003   5.2062078142480958E-004   5.5739611764805937E-005   1.0000000000000001E-005   1.0000000000000001E-005   2.6135402013057585E-005   7.2050144519071558E-005   1.2092488585731171E-004   1.3075798589183831E-004   9.6663172359126869E-005   4.1372634109391389E-005   1.6691249618977252E-005   4.0030431394413350E-005   3.0838025400579667E-004   2.4515998956552197E-003   1.7981700672807563E-002  0.10562668827608118       0.22325350495812249       0.13062994967773869        2.2454185578521454E-002   3.0433529967663474E-003   3.7648617128068960E-004   4.4785976180617960E-005   1.0000000000000001E-005   1.0000000000000001E-005   1.0000000000000001E-005
   1.0000000000000001E-005   3.8782042535914612E-005   3.5493882158263554E-004   3.2437891165033863E-003   2.8703893376756193E-002  0.22775512489190525       0.86473512466257973       0.98314175057448239       0.99627591177828101       0.99338404635532496       0.99051842124585521       0.99227516897451640       0.99748741816453224       0.99945821072134722       0.99989257483738680       0.99987016737263923       0.99887693027728464       0.98894022661720560       0.89252109790123613       0.17718826705487450        2.9005439573432976E-002   6.2350358621209136E-003   2.9168833911511869E-003   4.3588333420616554E-003   9.2788851421506755E-003   1.3090734083042793E-002   2.4474778274596813E-002  0.11500367570960741       0.69390221704652444       0.95741325196328586       0.99474150504940306       0.99927674903075281       0.99914133421439355       0.99370596882691131       0.95240184205187661       0.69276105238233632        8.6299209932928556E-002   9.0945233640367003E-003   9.9067161033148613E-004   2.2031918614637058E-004   9.8989236888649039E-004   9.4648262927031039E-003   9.2123252936107208E-002  0.73983581086408046       0.95954530752936673       0.99153086568066429       0.99154411364570383       0.97394635697852872       0.90477958099766642       0.73259210352764215       0.20320456960303693        3.8067055298355010E-002   6.8361382345484955E-003   6.1237086462964871E-003   4.6610120525206321E-002  0.37766489146764076       0.92672274299516200       0.99257528819901786       0.99885191253556915       0.99613198208618714       0.96593473950150255       0.72676809834797096        8.8517305749211628E-002   8.9299250488897274E-003   8.9551530483468272E-004   1.0831251984793872E-004   8.9486159067704690E-005   4.1493539777299500E-004   2.4722468062034738E-003   1.7507170397011020E-002  0.14220319144915686       0.87562563481564837       0.97478777440626563       0.93003441767391792       0.58919459193028501        6.9628702022592609E-002   7.0622653757534222E-003   7.1805925462286408E-004   1.8320550463990140E-004   1.1292783681060555E-003   1.1229155835687442E-002  0.10992155071892533       0.83852073430165275       0.97800152729769096       0.99625158447500128       0.99885828414450595       0.99890791913247723       0.99846002902593256       0.99567344386604562       0.97174184914599626       0.78116099267727712       0.10300636379660984        1.1269574942410971E-002   2.0740976998782448E-003   5.0863464272456194E-003   2.5798604059053144E-002   8.7422461286315742E-002  0.12399896486746913       0.14203103374205572       0.11696568851965727        5.0494677206443309E-002   9.1174470526715345E-003   1.3036758729541430E-003   1.7043768279326039E-004   2.8907087700781437E-005   1.9993114058921023E-005   2.4980323492910073E-005   2.3537143630179482E-005   2.0858005952075718E-005   1.8663306710467829E-005   1.6123280450974989E-005   1.1800910855217005E-005   1.0000000000000001E-005   1.0000000000000001E-005   1.3212790616178755E-005   7.8176475506046395E-005   5.0638299317877359E-004   2.9776566631807794E-003   1.3509901025399264E-002   2.8722203299665818E-002   1.7398601457910140E-002   4.0631329926709685E-003   7.0130689237294297E-004   1.0434317342332853E-004   1.5361625726892058E-005   1.0000000000000001E-005   1.0000000000000001E-005   1.0000000000000001E-005
   1.0000000000000001E-005   8.2395782312454170E-005   8.2787983398381355E-004   8.3618718074915388E-003   8.3362377347245192E-002  0.69514442381441244       0.95716577172485084       0.99218260424091820       0.98527183638427906       0.93837802095934819       0.90588766071533833       0.92377673667125071       0.97938682792008280       0.99640896133963208       0.99946273774214722       0.99985361707593401       0.99927329563920719       0.99303815038152710       0.93322407314535638       0.44910315365484077       0.13743640401749765        4.1370606451310632E-002   2.3819380687637927E-002   3.8442163406479490E-002   8.7224072095171926E-002   9.9104954697491587E-002   6.9693114009204457E-002   4.5414343081058732E-002  0.22935022932920870       0.86731899606902529       0.98385680494618355       0.99783653592958732       0.99702302020447375       0.97588723916025022       0.81112787924823260       0.20533363343591665        2.6632514520720837E-002   3.1183719462083044E-003   3.6586745331940981E-004   9.0707715273006119E-005   4.3308256096606451E-004   3.8287647115257339E-003   3.3225438409552603E-002  0.25514743357131159       0.82406152892314177       0.94761078692509348       0.93367299432608519       0.80703232810145054       0.35612372627511474       0.12372431291331865        3.0042544314783561E-002   6.0261850011664383E-003   2.0100876961701309E-003   9.7424939950737956E-003   9.4664783150035320E-002  0.76481972269692855       0.97076720365168057       0.99660633940457910       0.99875750184454259       0.99115673748175703       0.91241586826078513       0.27727355408193682        3.4641485359659892E-002   3.8715101408748316E-003   4.3119993322128595E-004   1.0767320564715143E-004   3.7981166395924894E-004   2.0760417017594789E-003   1.0317610837032440E-002   4.8074181751412995E-002  0.27324806603992652       0.90909668397913834       0.98729893576023398       0.97461279311669602       0.81442105516373697       0.10324736280466736        1.0385113841313194E-002   1.0308043569178193E-003   1.7972653501393922E-004   7.9723990393573794E-004   7.8666095390112611E-003   7.7599332680218208E-002  0.64757490727809608       0.92494258019448439       0.98079774222667726       0.99470805726043310       0.99868231720858591       0.99900161261743314       0.99317594205469473       0.93383130315115859       0.43339957633543746        5.3879889807908705E-002   6.0403710289984496E-003   8.3392745268013842E-004   8.2111563139409291E-004   3.1324240811407686E-003   9.1675399818553077E-003   1.3743898697581108E-002   1.6655239310405665E-002   1.3510648149430191E-002   6.2313826822847440E-003   1.4546660616656831E-003   2.6227649769115547E-004   6.1403732601716970E-005   7.6876044601150912E-005   1.5170246387582052E-004   2.0814061591416128E-004   1.8024483864149290E-004   1.1459715869708678E-004   4.5364109807183543E-005   1.4665924834451334E-005   1.0000000000000001E-005   1.0000000000000001E-005   1.0374798233292768E-005   2.3074958348438618E-005   5.6694276736152409E-005   1.5268644367386300E-004   4.9539285418282017E-004   1.6852933777183224E-003   3.3485423331011867E-003   2.1782996204455260E-003   6.3397317558902934E-004   1.3251732657741338E-004   2.3883183094049726E-005   1.0000000000000001E-005   1.0000000000000001E-005   1.0000000000000001E-005   1.0000000000000001E-005
   1.1687677342767485E-005   1.0714515346201501E-004   1.0802555895931488E-003   1.0907123017650955E-002  0.10773421725796839       0.83382213856670417       0.97642139339207801       0.98288672263115229       0.90670830865445018       0.48723581744809685       0.23503136123654136       0.35977080816646090       0.85044045799943291       0.97988499335885570       0.99757164441446289       0.99969107057421969       0.99974341253158161       0.99817733466659975       0.98636343578580288       0.91593167279918908       0.75423678383426052       0.29634287763606926       0.19032007594898542       0.30886194715759596       0.72221572877039919       0.78490985485363352       0.52263083075907502        7.9169018558913395E-002  0.10102013647701436       0.64512380125984892       0.95583480863996451       0.99439400353489071       0.99175762700983894       0.92317553196089819       0.35178178598810023        5.4703591861178430E-002   7.3010082100192922E-003   9.9726059466012911E-004   1.7146929364936101E-004   5.1606696009011642E-005   1.4568148829503878E-004   1.1110204339391853E-003   8.4388915993886676E-003   5.7939817424437920E-002  0.29753443377404609       0.65673780457081676       0.53707140191161884       0.17535929933381136        5.2314248918437549E-002   1.5854894348600105E-002   4.0250803055247222E-003   9.7453728009645583E-004   1.2433543751832544E-003   1.0779437592395327E-002  0.10590540820134146       0.82490983452028144       0.97745473935243166       0.99708066988420063       0.99853686019539312       0.98879749420155816       0.89024127546333121       0.15808085728048413        1.8778961039920824E-002   2.1495540451785251E-003   2.8669921518686769E-004   3.3374504233219909E-004   2.0933054532794593E-003   1.3063555491917232E-002   6.8710761236022377E-002  0.23388795809522847       0.78020885534097262       0.97032095868548052       0.99396412000746959       0.97800933758098652       0.82356423843884574       0.10487396868004707        1.0544015121681249E-002   1.0407274745801202E-003   1.3359949636912609E-004   2.9326997289624526E-004   2.4705048255930788E-003   2.0517609820667679E-002  0.15037269681936741       0.61412035574899360       0.86325996940916117       0.96071656426760987       0.99216740628844691       0.99790198055699308       0.99146275533849837       0.91593932176807180       0.29199563752656860        3.8360670407977568E-002   4.7061436651476343E-003   6.2223068491067243E-004   1.8815306725358070E-004   3.8324967516516526E-004   9.6835601815755334E-004   1.5125130810802947E-003   1.9133930420744555E-003   1.5578572400104154E-003   7.5908918008600092E-004   2.1662721065637168E-004   7.7987904569033566E-005   1.6961756180245064E-004   5.8828475282754445E-004   1.3217429185746732E-003   1.8107338396794622E-003   1.5873316446459421E-003   1.0230522418208255E-003   3.4969936023610980E-004   8.8685530100434708E-005   2.5130676309238513E-005   2.8996682690001666E-005   7.8067771087158205E-005   1.8655742782838785E-004   3.9506289871341679E-004   6.6935525958017751E-004   6.2261896170004221E-004   4.7375886230720168E-004   4.9923499233508486E-004   3.0937853765148417E-004   1.0697010351068628E-004   2.7764828354246067E-005   1.0000000000000001E-005   1.0000000000000001E-005   1.0000000000000001E-005   1.0000000000000001E-005   1.0000000000000001E-005
   1.2038596818372497E-005   1.0319849939325804E-004   1.0290430342065708E-003   1.0338759048202818E-002  0.10189422827359497       0.80029833608266177       0.95338399188981204       0.92823552758885297       0.65443830594797270       0.12679981474826821        3.9161259653835052E-002   7.8626733339694374E-002  0.40190925045064707       0.92791143009662269       0.99250962556038813       0.99921494786253784       0.99986723257428645       0.99964408983108266       0.99787914367179886       0.98963651976628120       0.96886886495708113       0.91575232010338814       0.89850434893597853       0.91737020246124279       0.96264550534881821       0.95254754413769072       0.77577020063829316       0.10297445212420196        4.1848124125218385E-002  0.23426564828917609       0.90439127826025989       0.98926459484430007       0.98867210070854639       0.89724111402467754       0.18759494271216617        2.5486512220292655E-002   4.1742498177639717E-003   1.3338251287772036E-003   5.8832385248092144E-004   1.7886821824907763E-004   7.4873845440572855E-005   2.5345616863048202E-004   1.5981572597764948E-003   9.0025987352226420E-003   3.7924017396369067E-002   7.7384907596604838E-002   6.2844297518079059E-002   2.2062772919069683E-002   6.7410504747128118E-003   2.0916412805414551E-003   6.3241818020832953E-004   2.7008630181302385E-004   8.7739175042019814E-004   8.2252612961776859E-003   8.1224711075110617E-002  0.67706446548218224       0.94606104256536083       0.99241160322267674       0.99796363071408245       0.98924713413973697       0.89511283629628924       0.18072465150570269        2.3096858368092939E-002   2.8598233281893633E-003   5.0124840862871608E-004   1.2617415769102080E-003   9.6177279054246410E-003   7.2111826050717601E-002  0.44578840084996607       0.84035357916089271       0.96395574094078784       0.99357689956597373       0.99433918641242969       0.95650789176788364       0.65146056160788035        7.6918820208218552E-002   7.7029968613019232E-003   7.6286414512828171E-004   8.4486702470147336E-005   7.8154617332178836E-005   5.2783823473618837E-004   3.6154434410357937E-003   2.1165422893649779E-002   8.5912091644457012E-002  0.22478117516547316       0.73248381699154530       0.95387711158002741       0.99297010887191528       0.99360656554827387       0.94683697240198894       0.55529098990267467        8.4639126835572065E-002   1.1618207751427493E-002   1.7347443617572490E-003   3.5699474772973459E-004   1.5802013454517235E-004   1.4059542013747709E-004   1.7850925862337660E-004   2.2256500641595382E-004   1.8259743647813974E-004   9.6723602656579794E-005   6.0259696223974130E-005   2.0689269192418152E-004   1.1081441911898044E-003   4.7470349667260783E-003   1.1767975008095961E-002   1.5858943324482847E-002   1.4197137910101498E-002   9.3970888648784359E-003   2.6840515892833624E-003   5.7132769730997024E-004   1.4894779217308098E-004   2.2111848336818681E-004   6.8090805285546071E-004   1.6658490416895854E-003   3.6271301300953704E-003   6.5881082418314876E-003   5.5404716877893072E-003   2.5346289273977065E-003   1.1829346067392871E-003   4.4809445237126383E-004   1.6384784405288740E-004   5.2219173128204050E-005   1.5559059717339748E-005   1.0000000000000001E-005   1.0000000000000001E-005   1.0000000000000001E-005   1.0000000000000001E-005
   1.7706756701761573E-005   7.4704345911435422E-005   6.5852704784652623E-004   6.3035797857571669E-003   5.9192868852606030E-002  0.47673407205582957       0.76702249154966740       0.65690765012056218       0.16027171779287877        2.6067738148325945E-002   7.5058773398943273E-003   2.3001473479655213E-002  0.16824935004170738       0.88780801519444630       0.98811233597698112       0.99874457430158337       0.99985556951413357       0.99992853496509271       0.99970319892280790       0.99877207843610294       0.99647661580569968       0.99153979241600521       0.98960588926484550       0.99031789696964156       0.98740202836262925       0.94221540016573246       0.66434617845315358        8.2003096889708055E-002   2.4784699205374315E-002  0.14176366453350947       0.88477318723705234       0.98720544406488409       0.98967017709191230       0.90974321749575771       0.26448277891447697        4.8462881344629984E-002   1.6157502883879585E-002   1.0007149463738544E-002   4.7753793317515322E-003   1.2109075099342485E-003   2.4293393864855951E-004   8.6487483403522154E-005   2.6570417126855128E-004   1.2330294405940496E-003   4.3145997630575821E-003   8.0196276586785090E-003   7.2295029878598361E-003   3.6847746675853486E-003   2.0619695673481050E-003   1.4654532018627748E-003   1.1191688846229069E-003   7.0602559418650511E-004   5.7410283789784773E-004   2.9138237291368241E-003   2.4384831613488357E-002  0.18790909054371446       0.77404048128548575       0.97013677416928523       0.99575554252190612       0.99248682584989589       0.93028363185986618       0.41129479392785190        6.3302130719583058E-002   8.4667351128967124E-003   1.4477096462394764E-003   3.2467542042725348E-003   2.6572420616535294E-002  0.20620763791929805       0.83910134918555279       0.97072023799957086       0.99396627415531003       0.99776530195466206       0.98954878479412700       0.90246573439077526       0.23579575346461493        2.9110297048074999E-002   3.2394706851524746E-003   3.5057008427318394E-004   4.0353997538988164E-005   2.1551581082792616E-005   1.0097246220119838E-004   5.5885635815077416E-004   2.7686545002362124E-003   1.0894014940686982E-002   3.9127940239608493E-002  0.20089288024900989       0.79813843120289862       0.97379278460063257       0.99495793985162739       0.98217191793192993       0.86048789811828752       0.26700996141688549        4.6667930885795544E-002   8.3199856655437228E-003   2.2103741411199796E-003   9.7433404918873098E-004   3.0356868930401886E-004   8.8765034676741237E-005   4.0014183275307725E-005   2.5917207724941143E-005   2.8273566585048293E-005   1.3710480069833604E-004   1.0007383977100397E-003   6.7445714320038697E-003   3.6761764144497666E-002  0.10515968827031308       0.13678689944778608       0.12612027352560329        8.6808552501025926E-002   1.9013134604913502E-002   3.2263131928257308E-003   8.1415756099599329E-004   1.6872295489785982E-003   5.9261365603384512E-003   1.4762603206913718E-002   3.2560819279543386E-002   6.5365756663498240E-002   5.3514756186940265E-002   2.2333480185412657E-002   1.0509680403316287E-002   3.6577171960016554E-003   1.3391132215913300E-003   4.1444620099311311E-004   1.1399582963974393E-004   3.5671208425387136E-005   1.8265634064612103E-005   1.4699460727103142E-005   1.3964134105964657E-005
   1.0866799838413128E-004   9.2582368460352346E-005   2.2509082588712770E-004   1.5529475411145402E-003   1.0878897249945698E-002   5.9010435514934109E-002   9.6033882204995202E-002   7.9035560831361276E-002   2.1816501880368565E-002   4.2960799076256651E-003   2.1985482377653428E-003   1.3541249053479847E-002  0.12389759324695733       0.87127465812883598       0.98583207946397911       0.99845548482164648       0.99982723615006408       0.99997215870173883       0.99995797506401340       0.99984965313335961       0.99956899542167088       0.99890445923477345       0.99755303786284155       0.99134511471688258       0.95602093909686958       0.76793567455400169       0.18879664448412908        2.6136175997056674E-002   1.6414765171821603E-002  0.12557431497953278       0.87964870435738152       0.98703487780219834       0.99471404884770143       0.96550550361006349       0.74193109263545698       0.24022074272205313       0.12769464619903279        9.2618968876194474E-002   3.8050811696339774E-002   7.4317064472757578E-003   1.1636594381019413E-003   1.7595231571040611E-004   7.3420350779656202E-005   2.3506782383129788E-004   9.0024556704323120E-004   2.9441527902520385E-003   8.7848226767673048E-003   1.1783793001906222E-002   1.2477545062245061E-002   1.2152208173914504E-002   1.0530868024929640E-002   6.4292210575592470E-003   2.3130614634227250E-003   1.3474704146298555E-003   6.0683916052728564E-003   4.3640147373951915E-002  0.27442183656616603       0.90741051452616561       0.98979436461916659       0.99634204005580562       0.97819130039119528       0.82971199129097217       0.22552313376804639        3.2120762812288102E-002   4.5759250121550849E-003   4.4230286411000167E-003   3.4805524307162189E-002  0.27730705924579402       0.88837356337794460       0.98348763654403870       0.99615935562956526       0.99643915977105335       0.98249333734057420       0.86141821141872843       0.13251988250611993        1.4853505348886244E-002   1.6116119779958601E-003   1.7590046480076138E-004   2.8077709758843883E-005   3.6094810250667535E-005   9.1541223407031003E-005   1.8180875812799340E-004   4.7330126559230539E-004   1.6778580089210939E-003   7.8352505643942381E-003   5.0123325768122541E-002  0.32075919276721165       0.91873863985361848       0.99127872610800416       0.99489374469617731       0.96835230923047710       0.79674068745666859       0.22348256959917617        4.8370883256317790E-002   1.6855837769484554E-002   8.7571906938513858E-003   2.2167073725602995E-003   4.3917225242789059E-004   8.0590191151546170E-005   2.0015200890384938E-005   4.7856549636460725E-005   4.0991351704012478E-004   3.6735171737564162E-003   3.1630781533155287E-002  0.23972174037533742       0.76107930819367620       0.86636821821067289       0.85136766532898089       0.67447132034901902       0.10668712605509986        1.3770767240580248E-002   3.8409565489010483E-003   1.2380178811003159E-002   5.0677469813217781E-002  0.12631009170153956       0.26226237762989474       0.56213297576920351       0.45421725794529527       0.18322903044496686        9.5598168667186303E-002   3.1261924541649451E-002   1.1788535661420475E-002   3.4614789025818695E-003   9.0281288958574883E-004   2.8648781151029699E-004   1.5884783565224230E-004   1.3367686951035971E-004   1.2420681992672086E-004
   1.0631403508737948E-003   6.8718874571657782E-004   3.0057493176547886E-004   3.5742175208157011E-004   1.5872542320793290E-003   6.3555937278187737E-003   9.8579145115462175E-003   8.1079453936860491E-003   2.6725191052427680E-003   7.2988530439932139E-004   1.3903461731773418E-003   1.2456136777908838E-002  0.11932189419391936       0.87048882083474466       0.98580310389513082       0.99846244346763269       0.99983051889877084       0.99997907044715162       0.99998684907501656       0.99994233163677348       0.99969750438209537       0.99835660221764277       0.99118385997026381       0.95448027771415855       0.77055134434556460       0.21096151779821748        3.7335232376902318E-002   6.7510830979990444E-003   1.3577788470542612E-002  0.12242239401745411       0.87812357673667785       0.98710240410019956       0.99759548289348854       0.99272365007574237       0.96153510157122246       0.88883395549338040       0.83490299950680635       0.70897234533884790       0.24118306349126187        3.2964363372210884E-002   3.9706819275186107E-003   4.7578666983925981E-004   1.0980055004726746E-004   3.6769196025418765E-004   2.4009015082073451E-003   1.5238749758356571E-002   7.7904892417330646E-002  0.11123146260416901       0.11916574436066388       0.11737351882714014       0.10361092534861840        6.2064806601857495E-002   1.9170772584753783E-002   4.8369757330164959E-003   3.0373059554381120E-003   1.6623482685960894E-002  0.13574831070548962       0.85513286112302067       0.98131563818457246       0.99610017395437078       0.99346745509220535       0.95896523641858877       0.73814261580453999       0.12080181397989244        1.5510912602786574E-002   3.7883053384451149E-003   1.6122740260620029E-002  0.12738127436836730       0.73841213977217901       0.94278652341048452       0.97931070931125486       0.98049931106970689       0.94691200252098284       0.72482233624453207        9.1293321971739144E-002   9.5014639048331372E-003   9.8306876170323990E-004   1.1631619972632967E-004   8.2024320679096734E-005   2.8602190057910984E-004   7.7003342240728053E-004   1.0542491276226554E-003   1.0832559029630253E-003   1.1791512471476528E-003   3.3704399448850476E-003   2.2067650607761662E-002  0.16907352286901717       0.89305962421996687       0.98906203552624961       0.99802073521219647       0.99374087875155015       0.96137631385658184       0.79243827152002499       0.28524809154166025       0.13669996934239867        8.0661694927033248E-002   1.5346634946977781E-002   2.3513801053448805E-003   3.4049120107329029E-004   5.4599929004013186E-005   6.9249111283330668E-005   6.1229710955154593E-004   5.9783389939691046E-003   5.7601806097436196E-002  0.48501277315974761       0.90607211749943983       0.96832320945947548       0.96098560235478936       0.84610747962134358       0.18626611070396409        2.5578849396616695E-002   1.4866355083827585E-002   8.2016463140096377E-002  0.38107676550997099       0.79932851772704827       0.90050408562327644       0.94602938308786777       0.93243004849442923       0.87164262608702736       0.71384988517959136       0.24157629221760124       0.10212216302408002        2.8137979805032538E-002   6.9688482517421685E-003   2.3475327707729878E-003   1.4691703017364309E-003   1.3041371776248421E-003   1.2297232437801556E-003
   1.0668812131774591E-002   6.7363336267414311E-003   2.3116668961460645E-003   6.8626200719250244E-004   4.3107622346831597E-004   8.1502540581010312E-004   1.1185236048343369E-003   9.0800447127991626E-004   3.6821110945678577E-004   2.6929490647601616E-004   1.5650968969648912E-003   1.4189474497032202E-002  0.12931708813337003       0.87796429864468606       0.98702915603613595       0.99864144146584843       0.99985537197070951       0.99998077105609728       0.99997109545616214       0.99980494776037143       0.99865645756285482       0.99122986367083687       0.94795515405131370       0.75365191885150740       0.20397254483566699        3.8416533235082866E-002   6.7021088279194847E-003   2.3122448465494505E-003   1.2701667599621833E-002  0.12060297497806065       0.87495232071573426       0.98635382896867152       0.99741215402291872       0.99435524669842279       0.97616430388304853       0.92256647770476874       0.85088955896462315       0.72182751629289676       0.25655914685021208        3.4702357727688926E-002   4.1463808668768349E-003   5.0985749628774111E-004   1.9241583889527975E-004   1.0676782522390010E-003   9.1479253075388185E-003   8.1405246977926629E-002  0.62804671753585994       0.83690997517648791       0.86986175207248495       0.86602862836124861       0.81032934759526443       0.52111899798656414       0.15142655698904242        3.4019193122368140E-002   8.8884002005010614E-003   1.1770140460651189E-002   8.8270562409415568E-002  0.69243588929616162       0.94293732624604321       0.98245319327085090       0.98935134282712545       0.98449647917971750       0.90061511593967514       0.33106156134674986        4.9206570284106625E-002   6.8548181376242101E-003   4.9384397247817305E-003   2.9635338511502102E-002  0.18382782231091707       0.67502513297719791       0.83950434003380880       0.84830464828020269       0.72256107339633990       0.20841718615652918        2.8389803633841384E-002   3.4071586168774736E-003   4.0638845825129399E-004   1.3669577071967590E-004   5.3740328733666812E-004   2.4944257780591052E-003   7.7160627229108259E-003   1.0587572643941726E-002   1.0411796918863328E-002   8.4379011589857441E-003   1.0027430700288099E-002   3.3834763750457665E-002  0.19867816538117727       0.89846373565536541       0.98970618568059021       0.99880599565519856       0.99884589853797245       0.99413809531125019       0.97234219720773529       0.90867177365735619       0.84891784980710538       0.63247334985635206        8.2048268118769974E-002   9.2085123710919734E-003   1.0618399780265122E-003   1.3141989309526901E-004   5.6320550119085989E-005   3.6829511469512789E-004   3.2352855847952353E-003   2.7440731494384588E-002  0.20727844272332666       0.75815064855246450       0.88303707441646029       0.86994442326808130       0.69505935329094337       0.11176659676450423        1.9413808003786892E-002   4.8526752727906207E-002  0.37294911424625160       0.86016090041389204       0.96917763345618402       0.98857563118987446       0.99404669926003053       0.99265094412365829       0.98495306356461676       0.96177219582214779       0.88303543475900115       0.71076635829641188       0.20642227642888594        5.1282158064446567E-002   1.9398389493944367E-002   1.3786705750678561E-002   1.2767207898953793E-002   1.2204170575789495E-002
  0.10502731198233675        6.5698933119909680E-002   1.9931085369240150E-002   5.1686298965510661E-003   1.9699890773696234E-003   1.3905909511870269E-003   1.1806544837449358E-003   8.0704328833452088E-004   4.0611058135757948E-004   5.5599801672157555E-004   3.0679779767890198E-003   2.3673924847487818E-002  0.18393514760486260       0.89427301274656201       0.98914169895825799       0.99889965138211056       0.99988598019154562       0.99997651808414734       0.99990310802240145       0.99923900960379486       0.99412634155503421       0.95663969411878946       0.72137861820435367       0.18657383724736454        3.5642419604968598E-002   6.4028493286176161E-003   1.2325803070905707E-003   1.3704070572381889E-003   1.1804571221228254E-002  0.11441999755180510       0.85509650551698546       0.98049182927638001       0.99064369068198044       0.96726930491066099       0.85253421400434071       0.49632419172285019       0.18061389488015545       0.10246985140304661        4.1219656806427175E-002   8.0422602068701571E-003   1.3597156323486685E-003   3.1246259147458709E-004   2.6661415415717875E-004   1.3918486581523050E-003   1.2047263123962877E-002  0.10877453169245488       0.79554811881886844       0.95261342014564854       0.97738182767370052       0.98242552624010582       0.97465457409511358       0.92543617839786740       0.74472012788832698       0.21712767254244289        5.6321244147296959E-002   2.4186847746506136E-002   4.2182185974679827E-002  0.21430446842150519       0.73183408480720125       0.86831237962816266       0.91501146287282464       0.97019965718004930       0.96591787255595818       0.79622523064170592       0.17244927138923233        2.1789639218158376E-002   3.2876122379712830E-003   5.0489244324884658E-003   2.4156087554002028E-002   8.1024334524588681E-002  0.10980675255321568       0.11224617433810903        8.8858953988760592E-002   2.8221545110462709E-002   5.1448198296879842E-003   7.8101136074831714E-004   1.7553499635591228E-004   5.4154786682691686E-004   3.6204036293043572E-003   2.0817507437237794E-002   7.6493916101473200E-002  0.10518761226979231       0.10373493975318893        8.2479892265256816E-002   7.8905033762891208E-002  0.16024535057211964       0.51046681290483120       0.94032988181686550       0.99369580366554044       0.99927197637828324       0.99971471422099345       0.99914229685007316       0.99652707302840260       0.98873335233641635       0.96732732906764740       0.82054423631804285       0.11458975411184680        1.2709099104294179E-002   1.4253322952454638E-003   1.6858618092197467E-004   3.8406011897704282E-005   1.2428952875414393E-004   8.8806813294095587E-004   6.0295257343116696E-003   3.4297908306073543E-002  0.12030955041359487       0.20536295847029240       0.17894194282143774       0.10154199786945944        2.2277198254743346E-002   1.2757780888271855E-002   9.1508571992261742E-002  0.74568282450147505       0.96211735219273808       0.99390237686277849       0.99847486327022505       0.99932149490300315       0.99919481973408553       0.99827079163295751       0.99535192835275133       0.98543919784511957       0.95376384791210433       0.80494062069186867       0.32390559709648820       0.15715993118943658       0.12742805675144908       0.12198078378762507       0.11807535578573485     
  0.81747772613075742       0.55368165486448240       0.15736111706414438        3.9543320005163855E-002   1.6824479514802620E-002   1.2723165995750241E-002   1.0780295992882072E-002   7.1577352205586661E-003   3.1663438864531048E-003   3.0010147445870749E-003   1.1091805414568556E-002   7.1384990202095780E-002  0.45846616450543287       0.93550910625260630       0.99334161982248781       0.99931933631687531       0.99992619653573311       0.99996234102425374       0.99973977481434018       0.99775975364680636       0.98108089449521796       0.85020547906469557       0.21371953474674527        3.7216238068889726E-002   6.5285033999048199E-003   1.2054059680529502E-003   3.2273248434543361E-004   9.7277531739631891E-004   9.1894487804998100E-003   9.0093013825391741E-002  0.72878326317054853       0.93814422638639372       0.94208310393493400       0.79194763565870574       0.26294722100556062        7.7493630712484676E-002   2.3969604537880666E-002   1.1862250475394426E-002   5.8679071858875652E-003   2.3860544201180457E-003   1.4972911302514112E-003   1.2219843285990208E-003   9.6051197495577762E-004   1.2415764909627983E-003   8.2475895831999619E-003   7.4620282064008364E-002  0.59322879655741712       0.85128997001792106       0.93250673884082702       0.97772964895122494       0.99158647593359495       0.98863335171929045       0.95810908858946742       0.81480913545467060       0.35485440231749871       0.16611850409753290       0.13585831599359308       0.14790937956598535       0.16406343138497265       0.17073154063133580       0.32169545452277781       0.80113776517777369       0.94979689658132560       0.92640079648025431       0.55264053739768326        6.5209211694300800E-002   6.7755158024308771E-003   1.3377469949819184E-003   2.9036751132510029E-003   8.2580084748277317E-003   1.1468466668742515E-002   1.2113875406170123E-002   9.6274520552419845E-003   3.6081918642141314E-003   8.3758844070968804E-004   1.8395906089072546E-004   3.0168714546659474E-004   2.4437165681973792E-003   2.0522171201531506E-002  0.15316831751835644       0.64224708740021808       0.82435215990093214       0.82064292537859007       0.69369023854196454       0.61978914455171963       0.82287730497643607       0.92958875532140606       0.98801791914786807       0.99815883241200043       0.99929014015909956       0.99940706001680801       0.99954642062813603       0.99895238630305294       0.99454506911303564       0.96222884131509756       0.72763102588311512        9.2276217922312179E-002   9.8241140557612239E-003   1.0736393710669464E-003   1.4522588431495519E-004   5.8238521174073889E-005   6.4359724888151374E-005   2.0247589730894929E-004   1.0428757949205545E-003   4.7508162709088168E-003   1.4539349784800608E-002   2.5926541225599078E-002   2.2460853818815393E-002   1.2102403331397045E-002   4.0974192732843038E-003   9.5511527006082314E-003   8.8984788335177645E-002  0.73596926806526897       0.96652863627390495       0.99604690481765856       0.99947682638383151       0.99988736828818980       0.99990662999043811       0.99979903431340889       0.99943744991030781       0.99819348295515287       0.99375755677824673       0.97492860095194456       0.91900611441791991       0.88928933810654476       0.88045223718234322       0.87714013460766838       0.86839957225512943     
  0.97627635904756993       0.92961329293964778       0.75327205010890830       0.26559201180405578       0.14312908083704468       0.12061694476925024       0.10598194978434490        7.0508285354120126E-002   2.7704153079166932E-002   2.1599987130710797E-002   5.4239391492554849E-002  0.25328210452083760       0.84369435321701380       0.98013735873048613       0.99769380452595657       0.99973739363868197       0.99995859349744831       0.99993718836894829       0.99953837589599859       0.99582848827945880       0.96244020326262014       0.69855476137866845       0.11457325690713026        2.1764537443282540E-002   5.0312423840069512E-003   1.3857330958700960E-003   4.6588546546772326E-004   5.9416521445086398E-004   3.6686016719863134E-003   2.9443970627029869E-002  0.21125680246590223       0.66139714068202315       0.63875551713836654       0.19741321854439486        4.4345864026484862E-002   1.0878098767332756E-002   3.3246419298041665E-003   2.6999447957338986E-003   6.2927320997840574E-003   1.0711201204197118E-002   1.2199340708987417E-002   1.1543855737546406E-002   8.4966454125165371E-003   3.2321187345025091E-003   2.7987475619386973E-003   1.4487571745314566E-002   8.0743183655115916E-002  0.17595734450388567       0.48578176966144498       0.84006257867316625       0.96157670685195440       0.99222093162850000       0.99331642030639422       0.97612636143632725       0.92306530787990859       0.88950182160722435       0.86686345047090785       0.77425808817064234       0.32291438878150269        7.7936003691341099E-002   6.2670590148530797E-002  0.22220563925280074       0.77265803958219548       0.93764685689131111       0.78795114460380877        9.8373522808929775E-002   9.8926927816397631E-003   1.0741537532073669E-003   5.0924424257701062E-004   1.3481171204785469E-003   3.3524449388052380E-003   6.9385288427437890E-003   6.5408030674322130E-003   2.5142650605275664E-003   6.0487015663837954E-004   1.8509223451178118E-004   7.4968741996148320E-004   7.3671642669187430E-003   7.3153247395860738E-002  0.61925105446075002       0.92479950340681893       0.97577693692939094       0.97788966897209462       0.96227010379123668       0.95422314443315714       0.97784469658310857       0.99133214420278859       0.99770856907904348       0.99782996317639772       0.99512912053119196       0.99471109216791587       0.99716718692962447       0.99679212209912038       0.98459043570033000       0.88349131136175452       0.25472237085462568        3.2834972757340215E-002   3.8741458502990359E-003   5.5618208770872170E-004   2.8747473638617580E-004   3.8312828159300976E-004   3.2042837058969499E-004   2.1944782061007772E-004   2.6525731169920006E-004   6.9301512450786491E-004   1.8161866162200023E-003   3.2357076185798527E-003   3.0084365807779173E-003   1.6812289906110664E-003   1.0288608045715660E-003   4.9422100206998037E-003   4.4651618243972346E-002  0.36555615383173357       0.92471001977878653       0.99235457486562328       0.99922244685573269       0.99991515559202937       0.99998204415568515       0.99997515672323600       0.99993128403030029       0.99977516720044457       0.99920971216025123       0.99711246266023579       0.99184146942959761       0.98869519641920012       0.98759036837082426       0.98702888509879116       0.98533943725344164     
  0.99631956869033922       0.99055168320963438       0.96803142728268199       0.90931236533063675       0.88347355716190601       0.86936238204132177       0.82292099136437302       0.59797775412248455       0.22362556974199960       0.16781969485204806       0.30677859587335787       0.81032747856808029       0.96806859022059033       0.99548430242894959       0.99940364264797144       0.99990165425630195       0.99991591297259785       0.99985083449336465       0.99957273392800716       0.99730358816307929       0.97866308556819726       0.84032539508028081       0.26540011126845392       0.10578961097839805        3.1292446363242930E-002   1.0045181298816893E-002   3.2983317257128234E-003   1.7875554637614849E-003   2.1855954788063772E-003   6.7167882129073406E-003   2.9801965397288094E-002   8.0167326907373562E-002   7.6353135013462553E-002   2.5788132240465035E-002   6.3215797519322880E-003   1.6873379989643630E-003   1.7556837016611507E-003   9.5645859149992365E-003   5.1348837225662691E-002  0.10204985411070026       0.11691584190496021       0.11203758095388076        8.3507661576837450E-002   2.5351891189108487E-002   5.8536139409292439E-003   3.1767277930458658E-003   9.4917905284300150E-003   2.2741943184471234E-002   7.0813872423040769E-002  0.22505109730447004       0.76610126108673904       0.96782382332092565       0.99529499377401376       0.99672569607589689       0.99211621143632955       0.98844992101600526       0.98413118531832233       0.96125669882287657       0.81378803574379344       0.23298596064926660        4.8981239357127684E-002   5.7464812172776172E-002  0.28123557234655383       0.87477908639807156       0.82041627211394474       0.10664093322031537        1.0887648136608608E-002   1.1736160210350519E-003   6.9220613594700366E-004   3.6413881382650619E-003   1.8711094685295443E-002   5.5765557060839278E-002   5.4107708332475080E-002   1.7858012320737891E-002   3.4081785683461271E-003   6.1809346029412042E-004   1.0274427475610601E-003   9.7707468747248831E-003   9.7973407905955739E-002  0.79176185223548645       0.97138968899484213       0.99496514125351077       0.99722712417481663       0.99582635944708864       0.99511612782284209       0.99737564119677991       0.99850971493406926       0.99674721186756665       0.98456179627547225       0.95487103111563143       0.94962365326283726       0.97595358973249347       0.98040355997172690       0.94445997335307574       0.69811235028833485       0.10234571921882926        1.2068328083612634E-002   1.6560263400980713E-003   1.1280064407864579E-003   2.0853404413045044E-003   3.4128476115053859E-003   2.7941107167388708E-003   1.6921915498546809E-003   1.0445123499464813E-003   7.6255045030443032E-004   1.1681715159152998E-003   2.2957637765949009E-003   3.4860916430624863E-003   1.8006291409294779E-003   7.9056588830129137E-004   2.3911479309004515E-003   2.0218232364000156E-002  0.16925787573456882       0.89009738405279981       0.98859957476467697       0.99883461735696322       0.99987925258888921       0.99998580137732784       0.99999000000000005       0.99999000000000005       0.99997148303070582       0.99990356947624226       0.99967880346604754       0.99918536728608154       0.99885539444278226       0.99866884780890064       0.99837252688180711       0.99764367052311764     
  0.99478005975093009       0.99728467202366367       0.99597420067897136       0.99069518924499089       0.98781705850864054       0.98569241106067318       0.97868441614606694       0.95089061214825354       0.90259198738492308       0.89140654751812132       0.91588369088870714       0.97492093699072491       0.99500376972449167       0.99916693084905273       0.99983537894023589       0.99978664611200052       0.99932999370172548       0.99889144643622096       0.99870270904692615       0.99825975742303052       0.99450482889135483       0.97148479185000747       0.88544638067230841       0.72232456277997659       0.23313492050998297        8.3061093088302881E-002   2.7345590135439066E-002   1.5298427582458720E-002   1.3294856165203607E-002   1.3633263557326811E-002   1.6074738108223616E-002   1.9762179507582023E-002   1.5932654457375406E-002   5.6158956590822151E-003   1.4367678732016835E-003   8.9361627647116298E-004   5.6407023807343391E-003   5.1018720386895464E-002  0.40363493947390300       0.79350061291200769       0.86191644719746030       0.84561298283323705       0.69074339326007073       0.19365571855873884        3.7448699020127166E-002   7.0023153906291430E-003   2.3651202684710926E-003   3.1874744639681838E-003   1.0244788524045775E-002   4.5423318553261254E-002  0.25865119724566066       0.89860002521809801       0.98768338533911848       0.99765369601751885       0.99872570185320997       0.99863539839874738       0.99792650075110068       0.99306102584744238       0.96001080200989830       0.76209449380653638       0.19172562741915683        8.5331635185893775E-002  0.25007103177365664       0.86910600442542663       0.83292538071138167       0.11412322318029902        1.2117301726650636E-002   1.5651704940882799E-003   2.7271250439358345E-003   2.0745053574511063E-002  0.14155530864040408       0.47041829446646394       0.45522741551165441       0.13594858427815434        1.9925805532888006E-002   2.5667824429556536E-003   1.0903061303748985E-003   8.1414210236815353E-003   8.1406406791804650E-002  0.68652767368650036       0.96065050418067255       0.99544344220067438       0.99925983575193489       0.99950445343972127       0.99945742217580513       0.99944823578876085       0.99764542681540958       0.98230851182006385       0.88277668957696376       0.62839789836005988       0.57621410636034931       0.80534574259706526       0.85061240612840228       0.72836628480808818       0.18837640791539023        2.6697328179204040E-002   3.7365399106802349E-003   2.4048096215511443E-003   8.5155160404192035E-003   1.7873972909419340E-002   3.0028741318695304E-002   2.4210883218969862E-002   1.5159551568422506E-002   9.7839190191998625E-003   6.3224594771299847E-003   8.6151204034308621E-003   1.6455443891990947E-002   2.5940966074428952E-002   1.0066465549552681E-002   2.5807130196259472E-003   1.8768072042658079E-003   1.3387750451336566E-002  0.12315132262803555       0.86082984720040701       0.98419975786753588       0.99825771430580479       0.99980700172959625       0.99997764476306383       0.99999000000000005       0.99999000000000005       0.99999000000000005       0.99998706420324157       0.99996287782018534       0.99990700129509924       0.99981739682157056       0.99950028838217631       0.99820244306986394       0.99474963199037758     
  0.97152021101813979       0.99257253944062207       0.99826757318643855       0.99886171173282656       0.99872129801509524       0.99846501266151022       0.99759228655262733       0.99469363046607340       0.99006024913372104       0.98883293293520502       0.99142443154557680       0.99703161479885738       0.99929754796661852       0.99982616366729704       0.99970932093117992       0.99848594556773684       0.99373779232127757       0.98927238506277382       0.98824699969411733       0.99002198862825086       0.99415588815697564       0.99374303293949173       0.98464962400769906       0.95929332375177645       0.85852307123600835       0.58001992343403541       0.21213013148906862       0.13628553795757664       0.12414631822910414       0.12218287541593245       0.12050150028314247       0.11203990445714346        8.0210791406854068E-002   2.2084679160293639E-002   3.9859185896583783E-003   1.6152518894598292E-003   1.0383865369137610E-002  0.10094903706825116       0.79187636113933935       0.96082801200903123       0.98305935272469402       0.98061684366764401       0.94791810422367329       0.76947278618076564       0.20918257821600023        3.9990102695903584E-002   8.3438093696578657E-003   2.6030012573164665E-003   2.8086253254828936E-003   1.5145717479329673E-002  0.12147372207323663       0.80252305240722011       0.96389151226423953       0.98868114919746031       0.99630972373301563       0.99853891811100115       0.99929043109469873       0.99853295302494827       0.99148996924569843       0.94699850631283844       0.72808001166148928       0.43622752855086933       0.70345778499414091       0.93911679908096823       0.86864673687975791       0.14815708988883386        1.7417949977714717E-002   2.8077474176652836E-003   8.6072201733233995E-003   8.1548142371212176E-002  0.66759032844952138       0.90756753449936334       0.90459124529836898       0.65668967177643056        7.9483192643584277E-002   8.1528695255973869E-003   1.2095126480152947E-003   3.6765636440789489E-003   3.2312822869393625E-002  0.26047081481929668       0.90951932076423991       0.99085967851986689       0.99906168036771792       0.99985489543317296       0.99986398046598257       0.99922408124592932       0.99255913058396839       0.92685318827262475       0.38728624563311387       0.10842914662451129        7.3025111295779446E-002  0.10799693581758640       0.12676378300735922        9.8434889276732690E-002   2.7403394683541152E-002   5.1441419088664852E-003   2.7620770547721178E-003   1.3870092190186681E-002   7.4011342485247308E-002  0.14769155007628695       0.23970231757684929       0.19475402180273060       0.13301573946454434        9.3752269947173963E-002   5.8432418765980688E-002   7.7125802930404663E-002  0.13338940426366516       0.18858823548537540        4.9917767293199009E-002   9.1372546518566928E-003   2.3792190935110094E-003   9.7387015208528268E-003   9.3031158740398578E-002  0.74595542521738212       0.96762318955685434       0.99624572264799438       0.99956961706690717       0.99995013220603468       0.99999000000000005       0.99999000000000005       0.99999000000000005       0.99999000000000005       0.99998930732022029       0.99995513687129889       0.99975483250793185       0.99853315831597689       0.99204975776171689       0.96924948598159411     
  0.87753944868036715       0.97662200533462296       0.99659734937968936       0.99947153295996072       0.99981719153474535       0.99982835083351185       0.99972912037014738       0.99942728852513329       0.99897362605183837       0.99882916589352377       0.99909783699950483       0.99964439182557063       0.99988215482349563       0.99978998212698622       0.99850517081722145       0.98943930626935706       0.94195699106346442       0.89599287155027629       0.88649918625812696       0.90352569690405293       0.95436043502292045       0.97979535448388944       0.98596352152526068       0.98715086914950279       0.97953738069964380       0.94772593222486312       0.90012395395073186       0.88326837225315558       0.87915171995911923       0.87769652589216440       0.87268116780791238       0.84089389179976837       0.65841022374294367       0.16003873753912218        2.1579245775944340E-002   3.7781881629658522E-003   1.2313155168758954E-002  0.11643047265673917       0.86283326911187042       0.98324768152560826       0.99672482277047836       0.99726580397580411       0.99145442703932407       0.95627184471915105       0.77030162248049794       0.22162233257989428        5.3767360871396420E-002   1.6399130216741831E-002   5.2193208866048420E-003   7.1024029067233924E-003   5.3138013218643657E-002  0.40446470876803592       0.80786802225980114       0.90744882558523454       0.96978650123735610       0.98828358911731029       0.99655009191061106       0.99897176759179884       0.99832008520291426       0.99164171828351044       0.96493748035328353       0.93336457403983719       0.96065339533684202       0.98242313008026771       0.91257843384869031       0.30525014111549065        3.8684126050370908E-002   5.7644124548715345E-003   1.3141950690791908E-002  0.11740764190638316       0.84628417767094111       0.97573733905459126       0.97505277762155207       0.84189038976933572       0.11156280099341906        1.1523230973000823E-002   1.3899548692639790E-003   2.0672480914945236E-003   1.7277593513190036E-002  0.14876966453435730       0.88718269170680752       0.98843066067629914       0.99883342640877470       0.99986776456709736       0.99988324175918519       0.99898643671606413       0.98974831336011126       0.89792963469406406       0.19067472316212122        2.9141709172395495E-002   9.7234023976506389E-003   1.1841012977549900E-002   1.4455054933417892E-002   1.1152973973896542E-002   3.7744415460092308E-003   1.8844287666540166E-003   9.3676022053988724E-003   7.7839979883151403E-002  0.55777043402794069       0.84247436342304072       0.90243889019733081       0.89594373848677522       0.85970457817845347       0.74527647833860844       0.48029068719901452       0.60549212114818229       0.79569777003564646       0.71140816438543764       0.12945090281885852        1.7232195246818845E-002   2.6235585342284746E-003   4.3755142834078871E-003   3.6616914218789605E-002  0.29086024004999506       0.90875634813695372       0.99012079517299922       0.99892094192607872       0.99987949781975727       0.99998499219166881       0.99999000000000005       0.99999000000000005       0.99999000000000005       0.99997684355825533       0.99990396083021582       0.99943828358142139       0.99612032106953119       0.97347131498055639       0.86087057556744873     
  0.94405991252166943       0.98697787325436481       0.99783544395444090       0.99968327526318024       0.99994589163892444       0.99997507052867152       0.99995923082877813       0.99989373100735779       0.99974463913588141       0.99958494550464771       0.99965456383726881       0.99986049621368478       0.99989876472664907       0.99935610042274015       0.99388092227307323       0.94251564448722758       0.53459799870507618       0.19556817149069214       0.14889223920594347       0.22913327223870758       0.63070725476925726       0.83518469101761872       0.88597440741147215       0.92951070177845374       0.97959784656013305       0.99040896169874115       0.98899984664619511       0.98778786709174304       0.98739909001181037       0.98716720683387804       0.98605138369703738       0.97859269435588714       0.92925522021294438       0.64128686117533007        7.6231975784720657E-002   8.9013779329963245E-003   1.2676456137252424E-002  0.11530102157946169       0.85831474899647353       0.98239789572565839       0.99674283622167370       0.99825507130246383       0.99754535741672623       0.99192824846122951       0.96020636309840424       0.81098584649456895       0.33098038232287225       0.12492327679042750        3.0527091849432447E-002   6.7719595599714192E-003   1.0633669322682535E-002   5.4372972401494461E-002  0.13180707341433220       0.30399160956059640       0.76498659581137640       0.89800165741816051       0.97262845696446554       0.99448834903892624       0.99883816054883401       0.99871754574155758       0.99599472614940898       0.99316314230311442       0.99524752440291631       0.99515271348930967       0.96810492987979269       0.74839120207089260        9.7132989265847305E-002   1.3491558303800727E-002   2.1429430653220293E-002  0.15860748994856727       0.88509818493560832       0.98604923922284282       0.98478535393746314       0.87358674572244854       0.12104606261075369        1.2752208265620806E-002   1.6614242267533074E-003   2.4431776651502976E-003   1.7900256383215119E-002  0.14676549298600727       0.88606371027771769       0.98824917297742731       0.99880825209739588       0.99986864666184117       0.99989670535221475       0.99908669168899011       0.99074946676185760       0.90760821620316889       0.24491455811345997        3.0958129878439052E-002   4.1489380599239786E-003   1.6216408049504665E-003   1.6862920217327580E-003   1.3469640079375041E-003   9.1560439048935470E-004   3.4600227361045745E-003   2.6403911234648116E-002  0.19832704634725812       0.85209101859985936       0.97221115911220302       0.98889595207920755       0.98905643087272510       0.98365337709133271       0.96761540417454039       0.93615316753231592       0.94071380066993437       0.91755749492310434       0.66201357683812789        9.2069375256976033E-002   1.0938401852132103E-002   1.5106260201870273E-003   1.9955410208424614E-003   1.6348483255377820E-002  0.14061046444240868       0.86101168187307586       0.98365687448260475       0.99812148146546886       0.99978283091888542       0.99997074735672431       0.99998609347665723       0.99997757377275520       0.99994720964399053       0.99986089584094062       0.99965416145006236       0.99901850005815673       0.99673165517335882       0.98407675393863658       0.93394803001436910     
  0.98811086486985489       0.99659803045666118       0.99932966288707836       0.99988953021272076       0.99998089530153966       0.99998496466694109       0.99993159407919530       0.99966559678932221       0.99874831912248230       0.99744852703543174       0.99790751982991543       0.99933156468049367       0.99975467677896190       0.99895800203430984       0.98976836082119368       0.89897603182043895       0.20263623405395728        3.8438469237831285E-002   1.8722544964561307E-002   2.8516892176358003E-002   7.5622824972549643E-002  0.11698152341229520       0.17893763768863846       0.45884537801286046       0.90932275958058761       0.98589624188160507       0.99685464346602615       0.99843898714791579       0.99866556025655639       0.99864151993479611       0.99820556638908675       0.99496432447434191       0.97068860957569159       0.79398313689439126        9.8879267104098389E-002   1.0901386782342273E-002   1.0692004953832317E-002   9.4965941697886913E-002  0.75746570878314079       0.95430514235459474       0.98311266784280560       0.98737213036628180       0.98902856394852512       0.99151076647566871       0.99106385762896476       0.97219997003545788       0.90123820124190213       0.74006178266309885       0.16162073204127594        2.1925659065366726E-002   4.1163965196934476E-003   6.6489717820821161E-003   1.5740472141794967E-002   4.0294120938634694E-002  0.11736436420508639       0.28603734655956525       0.80256583898454026       0.96476652999123624       0.99484030986105954       0.99917251481505098       0.99946597664671954       0.99924397769188866       0.99922589932857475       0.99801331756528355       0.98491025349903427       0.86890510431483214       0.15667946836955687        3.5169372342537433E-002   6.3014493862118923E-002  0.34234135612301253       0.92071085971390099       0.99058766863845049       0.98650094783798659       0.87883008281473540       0.12404130202203367        1.3611129254694055E-002   3.1293526426553397E-003   7.9518186749774240E-003   4.4004568671598590E-002  0.26160410619758556       0.90839224393934626       0.99063121485981864       0.99904585594364836       0.99989506509507853       0.99993595300940918       0.99948959572091889       0.99517440296295900       0.95536202035562534       0.63552692573898451        7.5189142521816063E-002   7.6524046435164118E-003   8.9825541500982375E-004   2.9924894353527699E-004   4.0182380617142800E-004   1.7507602089098075E-003   1.2114676801866626E-002   9.1121600231055602E-002  0.61442764449155152       0.94775742978661381       0.99292446105989496       0.99832345198866290       0.99840857462249011       0.99659787561627200       0.99141394943601968       0.97747635050141513       0.93984442097662713       0.74828601845719678       0.18516549725258846        2.6171688422048672E-002   3.4409167041273502E-003   6.4063224368578252E-004   1.7290788725406079E-003   1.4343046636009441E-002  0.12372062752734120       0.83236042338269223       0.97932135276672860       0.99757803677927570       0.99970689481803310       0.99992666749192050       0.99989779966762127       0.99980775492958396       0.99954124883247897       0.99878373121478226       0.99728077068923582       0.99385824431959358       0.99257670667482445       0.99306551006332600       0.98573141585623159     
  0.99730671502963508       0.99924505518237616       0.99983795562554922       0.99996974961411766       0.99998783694558391       0.99994466262053983       0.99962589197650620       0.99777540790963737       0.98999177677431138       0.97895367442383063       0.98354687516980255       0.99586387254863240       0.99915077067526814       0.99881828776579773       0.98919986339505239       0.89331280597466400       0.17039760765152528        2.2785882806649470E-002   4.3117181302512950E-003   3.5125967694551821E-003   8.1972031266507438E-003   1.6526997539545812E-002   5.8007569075445062E-002  0.35322818989091742       0.90525215841031459       0.98740818383813700       0.99808973631419340       0.99959423919890678       0.99980750808673768       0.99971496880130473       0.99876423574714457       0.99189541300077499       0.94440840862502462       0.65753109520641206        7.7986950626276794E-002   8.3109737882950240E-003   5.0735106722676381E-003   3.7034655090462665E-002  0.27747866092241369       0.75914995332447321       0.86218258481106169       0.88065503305366422       0.89398234960810719       0.92729290014067356       0.97098031349903913       0.97947621516765870       0.96368235134559388       0.85943748106745299       0.25098558390780040        3.2050825220579976E-002   3.8513422242055181E-003   1.1307664513830144E-003   1.8643695182486270E-003   4.8773878783190594E-003   1.4911402230706357E-002   5.0056584282741734E-002  0.23725281161730224       0.81776932903217792       0.97645472152075663       0.99724403879879386       0.99958181155384240       0.99958891776097547       0.99887465828727184       0.99759001192675389       0.99056906449839688       0.92207172087660849       0.38678906127084201       0.17678155763281947       0.28438481055224540       0.82305771350087198       0.97650553568425080       0.99600170624707729       0.98744637106118127       0.88171421122929949       0.13136431588073838        1.8229553006052644E-002   1.4238364379679819E-002   4.5823688890941516E-002  0.20843301794595412       0.76165439292625770       0.96840353989406569       0.99627404339543024       0.99956231244398785       0.99994067408571574       0.99996451889295879       0.99975115832711103       0.99774919216882874       0.97988696004441178       0.83102613730747177       0.10766047785050485        1.0952816289170589E-002   1.1263746005335858E-003   2.8946898598688489E-004   1.1474160983448902E-003   7.4599970922113162E-003   4.6633471755410404E-002  0.26565532049333962       0.87112464914671484       0.98368556404655849       0.99786104451913327       0.99907415641792274       0.99664350708165095       0.98661288492294974       0.95980144621861274       0.87783828019744270       0.69499864291980762       0.18777164803884133        3.4610370674029979E-002   5.3949012029419000E-003   8.6744665857702941E-004   6.9713930681581044E-004   4.4649312271355839E-003   3.3697179114455113E-002  0.23377248264302408       0.88702091090211610       0.98675250992435992       0.99842294011198574       0.99968401259622885       0.99959729370425132       0.99905586910762423       0.99827287662203212       0.99596562057229998       0.98886910842331666       0.97596686088241646       0.94120700096514343       0.93492393061177093       0.97522752320007455       0.99295205417596966     
  0.99591182730167149       0.99941094725038626       0.99991263339534653       0.99998401526041680       0.99997162606909351       0.99977322357826715       0.99815993458508634       0.98644140579149298       0.92106689785700635       0.83691373684825876       0.87686823453157292       0.97769042226931702       0.99680084988101469       0.99880166245578628       0.99187241847360574       0.91956458577213018       0.32610988615322822        5.1090396228644912E-002   6.9367402557218676E-003   1.2734140083609229E-003   1.7500478854568029E-003   1.0052472722496503E-002   8.9541719933558431E-002  0.72583569662239200       0.96159700818480376       0.99469851988473890       0.99919443049424983       0.99985068529800747       0.99989403166343027       0.99939933497965161       0.99538711404337210       0.96572718126745705       0.77756257733448908       0.18775462588740285        2.4188003731005530E-002   2.9313101549889565E-003   1.3339849343393490E-003   6.9070238851116879E-003   3.7049366599550528E-002   9.5659741915406091E-002  0.11856949604314920       0.13162750195229292       0.17533821497925478       0.38477356347550395       0.77169991801929549       0.85415831065420067       0.83668126299317269       0.64820135223501218       0.11050978402644594        1.4193640356782616E-002   1.7523814407279625E-003   2.8792879038115176E-004   2.3748409129558521E-004   6.1196835993112110E-004   2.1123671577597211E-003   9.4358077739941267E-003   5.7075830429100936E-002  0.34635418059363293       0.92222456085613569       0.99210950979800494       0.99884711557719785       0.99790462466651797       0.99186893064927550       0.98678000824519374       0.98818865378684706       0.98185990512913957       0.91666899349733455       0.87029622278724372       0.90186828721222800       0.97379161852676066       0.99542687646871875       0.99824954152042267       0.98892996246047260       0.89300549643693428       0.18078751684396355        5.4358773976809979E-002  0.10124681582486413       0.27445042372690232       0.79191386097331706       0.95679643889406107       0.99313714642043727       0.99891192257880512       0.99974870635073787       0.99990791627344933       0.99995659868651388       0.99983663251409705       0.99851273817617825       0.98594393971596550       0.87049366532263617       0.11915193272524298        1.2383011383670811E-002   1.3444215085077647E-003   8.4213223114766329E-004   5.4547129247997364E-003   3.8311328444765945E-002  0.22408831085192121       0.79698258596607074       0.96954021132946466       0.99585695321862799       0.99893486718827595       0.99611256558113681       0.97626834143862473       0.89253852388711385       0.70617848626947810       0.23266396706307638        9.8561786662197420E-002   2.5989391214340126E-002   5.3034942930118385E-003   1.0255378233627360E-003   5.4335564985510129E-004   2.4067743386801551E-003   1.7794629755340338E-002  0.13367455322070274       0.72956880400202084       0.96256434181233508       0.99523519655007575       0.99913173096868046       0.99875938143385690       0.99656544736514507       0.99090710717187980       0.98446730918491954       0.96526511344980714       0.89940690316081728       0.80399021047337083       0.49738534588134603       0.44566676224749724       0.81866547613154883       0.97126298784276854     
  0.98633345256783256       0.99837108905766547       0.99980187779943686       0.99996853600922209       0.99992801332080905       0.99932209441128383       0.99335917644483007       0.93613046392696631       0.47316015292735036       0.18805131465032396       0.31921530552941346       0.91495014257437046       0.99113125465821361       0.99876865767120571       0.99700296646902886       0.97473596924322214       0.80294299107366163       0.19962364781688846        2.5656085368297020E-002   3.0835073773546866E-003   1.3979582465682636E-003   1.0241297822181429E-002  0.10083300447643323       0.80402149031153003       0.97386989179849581       0.99649886836853185       0.99949395058627244       0.99989563886922483       0.99974906248155493       0.99788018889833552       0.98167536304850078       0.85341573537486970       0.24557694133055677        4.0647911116643259E-002   5.6630200624979811E-003   7.6888839203964371E-004   2.8718535663972841E-004   1.0412426650195372E-003   4.3104410677407314E-003   9.8209703512717305E-003   1.2457085179510127E-002   1.4469861858708868E-002   2.1071533016240655E-002   4.7039239444905082E-002   9.6028071174832710E-002  0.11349780070422738       0.10995922347642240        7.9045688702843786E-002   1.8064037836038820E-002   3.0243815633127541E-003   4.4830707461375734E-004   7.0712669748618893E-005   3.5137601198084242E-005   9.4108701211949780E-005   4.4178969754200386E-004   2.8193759157386106E-003   2.1523668505448255E-002  0.16844318439252093       0.89270970195392796       0.98890384911148643       0.99714764204387274       0.98752219162452137       0.93261632536482419       0.88759920179533791       0.91306242729139142       0.97598926693393129       0.98651913500354071       0.98393472062715659       0.98862947703229276       0.99644964081782750       0.99917485946274354       0.99910715534309325       0.99281889896931808       0.93309622880672971       0.46794861778343094       0.31222363669392095       0.66659830227930172       0.87910438959908577       0.96953610597346696       0.99309354905044189       0.99784005945448662       0.99848763482780312       0.99879849964524137       0.99931971271940789       0.99979016124022324       0.99982736919593085       0.99870517726608699       0.98735329917581638       0.87891888814955488       0.12542681653851290        1.3410201976415251E-002   1.7013912943520042E-003   2.8905407345890459E-003   2.3775967128712786E-002  0.18483602041067054       0.77344702748412575       0.96000147562476434       0.99384507842258063       0.99885133989427821       0.99750489958296218       0.97979817642522427       0.84570832959190867       0.31180742413748214       0.11024498699497789        3.1551984730254938E-002   1.1469846400553563E-002   3.2815032772771971E-003   9.2133929645026426E-004   8.6603127670911240E-004   2.1909411108503724E-003   9.8146300748102357E-003   6.5714776639375166E-002  0.43405767711609627       0.91322801525857944       0.98883266301826733       0.99825338594987534       0.99780085967252419       0.99014660036279301       0.97014312560740135       0.91261922171169985       0.86445767762355064       0.73087177405380466       0.26515034023922113       0.12252134530414426        6.3694012249772863E-002   7.1949750480804264E-002  0.26517225910606712       0.88660648306381007     
  0.96194846697775749       0.99525527712293849       0.99940682129108849       0.99991507120606493       0.99989422604304901       0.99903264232688371       0.99024979214924813       0.90326069160358147       0.22407188691249158        6.7246848434974013E-002  0.19340793173630103       0.89649493478717779       0.98942467449562088       0.99883850205441616       0.99906895250670580       0.99340929838224257       0.95036425857672402       0.68248054632503585        8.1927236964663946E-002   8.3328071361556243E-003   1.5821449353513187E-003   7.6649344421882122E-003   7.5406306349794033E-002  0.63815665355772488       0.94201919217659935       0.99133181010352844       0.99870581250181445       0.99974884970535505       0.99937105484384159       0.99413047405927546       0.94383304429867965       0.53081689979931335        7.8615690762144558E-002   1.0486774571645976E-002   1.4304684967128309E-003   2.6804090463599550E-004   1.5513431542177287E-004   2.2191570740637709E-004   5.1689312548569230E-004   1.0071912276848410E-003   1.2880195178344267E-003   1.5549587066869919E-003   2.3748996930257503E-003   5.0713188089816959E-003   9.6970632370038667E-003   1.1630784844006139E-002   1.1271368614391450E-002   8.1133299883858999E-003   2.3827459375020369E-003   4.9712648324580521E-004   8.7706079862340784E-005   1.5865898214600833E-005   1.0000000000000001E-005   4.1486348640350607E-005   3.0551857587439809E-004   2.4510761176544660E-003   2.0220974403829608E-002  0.16308482884872194       0.89145675261358770       0.98833611655592368       0.99268642749950520       0.94093149447097446       0.51546803683019138       0.21615743090379400       0.33047840646036758       0.85686270759518290       0.97897232645067878       0.99557629125005942       0.99832997868628126       0.99944466817888067       0.99974740452828625       0.99950151272463961       0.99766720918026675       0.98676460939975064       0.93394337934384919       0.91629776839881316       0.95826446476303095       0.98505465503631240       0.99535500445286185       0.99604326456974002       0.99063799444938272       0.98762617949702602       0.98888317535359604       0.99381396697444824       0.99850506227586877       0.99962034718820736       0.99879855559866249       0.98838215398860096       0.88662780657517382       0.14673766702895902        1.6939230903007262E-002   2.6200515727640306E-003   7.7661095625452944E-003   7.5478857764425200E-002  0.64053518483587746       0.94211580361625358       0.99125023233189524       0.99860457309952921       0.99908107061142137       0.99279843665861778       0.92944151946315245       0.40518217826339764        7.2387905847553669E-002   1.6216283284658083E-002   4.1495185076736267E-003   1.3832821441207824E-003   6.3327945861700943E-004   1.4505945638738182E-003   5.9720128960253638E-003   1.5053541763925496E-002   4.6172117545484885E-002  0.22770998724373781       0.83437612330731437       0.97717195127951473       0.99682532033675697       0.99788312618044284       0.98698520134263867       0.92034355281320790       0.76663749956541294       0.29750745509953752       0.14350788325752978        9.2839374120745832E-002   3.3624314353827213E-002   1.4138915298116232E-002   7.8040089828631774E-003   1.5853089816717840E-002  0.10565382416137926       0.72163681854152029     
  0.87682147127889398       0.98420531907895248       0.99795483658286832       0.99971718693526090       0.99987598887490026       0.99914931889326863       0.99161801932831273       0.91798552521749543       0.32929045175758231       0.15176314130065024       0.35139671904795283       0.92097715685255088       0.99189548892863577       0.99914605968062464       0.99964140242442734       0.99770192796435597       0.98088673995548858       0.84422470347389655       0.11107458117915736        1.1379027217300393E-002   1.4345875984948726E-003   2.8113949869728798E-003   2.3387957423840471E-002  0.18218638321200889       0.77274199825426126       0.96003759141929523       0.99397472037323908       0.99905090651861539       0.99890313834954725       0.99004366269192379       0.90105742764243502       0.20898841592223938        2.7267300546857290E-002   3.5346788262393008E-003   7.6438646833359991E-004   8.3201348681350221E-004   1.0140096633467907E-003   8.1521864105237789E-004   3.5186221904498364E-004   1.7725533833783835E-004   1.4900509081916603E-004   1.7051990711343352E-004   2.6374025675374971E-004   5.3541239900587161E-004   9.6469473631418366E-004   1.1658526381133820E-003   1.1332791096980270E-003   8.2389582341146320E-004   2.9030572053686670E-004   7.2790001954607021E-005   1.6211990012595870E-005   1.0000000000000001E-005   1.1903675449018853E-005   8.9604724782356546E-005   7.4513193633447871E-004   6.0507078531360156E-003   4.6921593467754846E-002  0.31471441279254980       0.91784000702315338       0.99103796376667874       0.99232723758646624       0.93274279792830050       0.42936363186704363        8.7584024507522840E-002   9.2022224127888727E-002  0.47427365421547851       0.92406322479026703       0.99007476505448655       0.99842560284731940       0.99939915706852223       0.99899917786733816       0.99777347962028073       0.99466021733657473       0.99049826981425770       0.98764115600351432       0.98992026161249536       0.99494834329276816       0.99750097944281702       0.99499973939533792       0.97521666606700741       0.91260537490276239       0.88466410929044792       0.89467817343766820       0.94391824934165969       0.98978819481891223       0.99846440912107703       0.99892171788874162       0.99097515706616968       0.91052524578031757       0.26654337165012543        3.3704947189068024E-002   4.7526647383084571E-003   9.8146564652161448E-003   9.4224352100099495E-002  0.77035931195164487       0.96737189379907207       0.99499026642725419       0.99902230009541571       0.99876312417954438       0.98915080324042370       0.89352134168177455       0.17512055246186251        2.3153820865990948E-002   3.4890578428781053E-003   6.8549872193257469E-004   3.3953138971407656E-004   1.3349888751046498E-003   9.0418361540444813E-003   5.0385088280910137E-002  0.12126066823725729       0.26267416922469083       0.77407361530249963       0.96266110821477813       0.99460171116744100       0.99860068032787219       0.99332542111076005       0.93657066407280565       0.47335805700638545       0.14393724136014865        4.1940986474222480E-002   1.7039205444606693E-002   9.7769725574188161E-003   3.8279348247615814E-003   1.6100327930205279E-003   1.1342890105923687E-003   4.1740766409387193E-003   3.1946513730358853E-002  0.24037956957635614     
  0.67466133140684026       0.94705949229922570       0.99228730708871637       0.99886442474630532       0.99978152849989987       0.99960485413229283       0.99702323816503025       0.97769944986898627       0.86633129062190273       0.74574401443175664       0.88485265217122300       0.98111746740613304       0.99750140984635716       0.99967867887737194       0.99980690981556986       0.99853200562645417       0.98623398569915011       0.87264470580432940       0.11940500707640159        1.2372826632093319E-002   1.3332688189991461E-003   8.2634637693552722E-004   5.3933227566346238E-003   3.8163058705602201E-002  0.22557837263545422       0.79830403083839052       0.97122387483051487       0.99617392502651791       0.99843208407719131       0.98883321267957991       0.89031255942367449       0.15692718567780972        2.0071886990203906E-002   3.8044584346501112E-003   3.3901903964343783E-003   7.7837509847226696E-003   1.0033052333621818E-002   7.8908279995112407E-003   2.5710212329853135E-003   5.5772141368693210E-004   1.0893706832678727E-004   3.2826518714421887E-005   3.1068651014831386E-005   5.6683341813468954E-005   9.6559701401831454E-005   1.1734899326942553E-004   1.1484427623788367E-004   8.5337918126233257E-005   3.7258750857042857E-005   1.7097828528856483E-005   1.1777683857522270E-005   1.0960034134186986E-005   3.2930077011437983E-005   2.7692740355195417E-004   2.4945125849621941E-003   2.1790072883384796E-002  0.17303812254564352       0.79070716687176290       0.97329716351867945       0.99662955182027313       0.99683064624648920       0.97558111780759860       0.80971279064672297       0.20337530394765571        4.9762165683477876E-002  0.15714770532466507       0.77729018149159357       0.96494419462644787       0.99341804518694621       0.99593631919588543       0.99111529043366153       0.98084021668696397       0.95328929771842208       0.92443766455376630       0.95203404401227720       0.98920685708973843       0.99734779335926205       0.99594976668406976       0.97350973853212841       0.81932679841594735       0.29849394174185806       0.15741496907743602       0.19955896181705454       0.55839919589801212       0.94523325934390079       0.99408700718543852       0.99895996312768642       0.99600394703113149       0.96464016870052527       0.71684793471482977        9.0070685601803979E-002   1.0158757336869882E-002   7.8169704814791321E-003   6.7042741439720652E-002  0.56792649920810723       0.91960929925829393       0.98212588815176927       0.99586015580984044       0.99790731655982379       0.98737323052566972       0.88067152017408223       0.13133051305401222        1.4614108007191420E-002   1.6675162351300788E-003   2.6895617057785289E-004   5.8030895911213333E-004   5.1507834400302994E-003   4.7053100045249804E-002  0.37334230764887200       0.79691279071702836       0.89870684007293644       0.96903255422642687       0.99385052734337964       0.99888492640702031       0.99886864966067779       0.99006681145694742       0.90116465397602374       0.20772676885513880        3.4028211618297791E-002   6.8443728355267030E-003   2.1347458106610426E-003   1.0529093830547803E-003   4.3910058683112459E-004   2.0287348118127444E-004   2.3658837259485897E-004   1.3458914036752019E-003   1.1286731799968508E-002   9.6383802054275991E-002
  0.18878536807389054       0.78069699451779151       0.96490049831234925       0.99453972277300995       0.99905065172801588       0.99968709347180462       0.99924665773051324       0.99588340775178075       0.98192705832069849       0.96749097800233097       0.98494888522032209       0.99674515717954915       0.99945828457763608       0.99990699857864707       0.99985169416129782       0.99866419687813779       0.98702067249635950       0.87670609563091784       0.12099718725783178        1.2575717312715359E-002   1.2920242244487826E-003   2.8594042069957434E-004   1.1310863445323882E-003   7.5127900260829918E-003   4.7469614350056366E-002  0.27253729747254307       0.89248664696521263       0.98723534220784437       0.99758552420405322       0.99035712999054304       0.90632931032214126       0.24477155087733438        4.5578213237290791E-002   1.9134642084087754E-002   2.8528912561919955E-002   7.7071369167796402E-002   9.9408371852028013E-002   7.7767395323522268E-002   2.1203181332874826E-002   3.6759052007130817E-003   5.3594591197904265E-004   7.2924135688965836E-005   1.2352324201845721E-005   1.0000000000000001E-005   1.0896193380015877E-005   1.2902566237222684E-005   1.3733219219708457E-005   1.7021557912940454E-005   3.3061958003898494E-005   7.2972013201874915E-005   9.0843670606817090E-005   7.2205805982554952E-005   9.2753956677700327E-005   6.9951232716710852E-004   6.9364987380428683E-003   6.8371217265162390E-002  0.57965119222197392       0.93749875429584006       0.99211490134904234       0.99894225156758132       0.99902469567208829       0.99316050252806998       0.94861883452398932       0.67051474044350579        9.3011137958988632E-002   5.1776723850092340E-002  0.27074264057431430       0.83943277384029280       0.96089181849437355       0.96689979240759039       0.91893583280829305       0.84099394859966614       0.61380843468424628       0.36211017162065440       0.62318123728819008       0.94222736999997236       0.98945296898488966       0.98370408612601090       0.89065134829620274       0.29677203354503146        5.8374296270081803E-002   2.2338892107274078E-002   4.1597587161781545E-002  0.22222440194691273       0.90309740282847717       0.99020932626796543       0.99883564657967716       0.99812900962238693       0.98386864017169751       0.85910023486164777       0.13083259725689350        1.5115329311879895E-002   3.9268723236268290E-003   1.9206977223733376E-002  0.14406522645721490       0.65135111142828594       0.88145156932361413       0.97157196023044889       0.99279541157807849       0.98357443441303627       0.86475758139052850       0.11970822706278605        1.2655685742737410E-002   1.3339074653486306E-003   2.2956797844032360E-004   8.8869589709687834E-004   8.8481560670532304E-003   8.8499714759349188E-002  0.73182709364441545       0.95324724916748682       0.98658748174700572       0.99601721480784844       0.99908513931802823       0.99973653304930543       0.99904544476265633       0.99058715915166484       0.90570054256360188       0.22956695331059127        2.9253276090005029E-002   3.6353071476838889E-003   5.8236151547110676E-004   2.2325139336380357E-004   1.6249782372494161E-004   1.4914672871322362E-004   1.7828217958695445E-004   5.0000726371426159E-004   3.2694330980609838E-003   2.5778511686149475E-002
   4.1197313461591889E-002  0.24822310949858403       0.83655738845495742       0.97143820268663494       0.99444543767415827       0.99844626320285390       0.99941565918624176       0.99923033492210012       0.99770482239718628       0.99627925160545949       0.99814188934456816       0.99950860821217347       0.99990059239694784       0.99996795562672647       0.99985116312717259       0.99860223087357869       0.98659491972964308       0.87431552595126960       0.11996341549890602        1.2430159416645038E-002   1.2578877835267657E-003   1.6352170712575519E-004   2.8263877391410884E-004   1.9643010931932442E-003   1.4936914500379601E-002  0.11981796155222170       0.79864370169873922       0.97458089071113563       0.99656982480628509       0.99525771313047862       0.96141850689065766       0.70718951169284294       0.23361360962622654       0.15020455971949917       0.22915687409347929       0.65153252272235329       0.79472969713483232       0.65088392816634766       0.15521904283501983        2.0746364679396945E-002   2.4631693035606708E-003   2.7966557278476966E-004   3.1788814411106954E-005   1.0000000000000001E-005   1.0000000000000001E-005   1.0000000000000001E-005   1.4805396348015516E-005   6.4110545232505948E-005   2.5433675357045476E-004   7.0659065934138726E-004   8.9726782900466102E-004   6.3244250686250909E-004   2.9257046176359890E-004   1.0710556519454744E-003   1.0460694432259221E-002  0.10387570324083464       0.81688322132944258       0.97673828910772220       0.99718342369909319       0.99962832121773348       0.99968677127046157       0.99778642498721559       0.98198159194161605       0.85530224967991819       0.15133696404617092        2.9874905019321336E-002   7.0115017154873990E-002  0.37109253380729484       0.75251049607611609       0.74524062818975711       0.36758320320066823       0.15026163158156894        7.8963265626584650E-002   5.6543893002909719E-002  0.18420639155160895       0.82113997710444886       0.95467084078186537       0.93320740403746483       0.69833946111097644       0.10821838012959877        1.5194378639323474E-002   6.6094707673595935E-003   3.2249165433515775E-002  0.23948192837165683       0.90653403129775734       0.99060246370329752       0.99895498073485589       0.99878387103079802       0.98891089542609711       0.89211281170473100       0.17088222763925093        2.0970543124335293E-002   2.9361749275010518E-003   3.8380566890152006E-003   2.1938299736412446E-002   9.9196934669330591E-002  0.28260290796709980       0.80747501182809411       0.96030392922121222       0.96083742015041818       0.77698403043477882        9.8843842640418025E-002   1.0180104646005708E-002   1.0484824012446836E-003   1.8428581079884000E-004   7.7749644158638597E-004   7.7687506925868738E-003   7.7894870171820993E-002  0.66169599678167235       0.95611843418727782       0.99424045758887114       0.99906275201081896       0.99981989706330077       0.99989825703404778       0.99932739926168956       0.99358428829799728       0.93866187785988353       0.48523640793481371        5.6935226652379815E-002   5.9582013944407732E-003   9.1329421066518239E-004   8.6356513246897996E-004   1.1296572511997286E-003   1.2395250290947804E-003   1.2470108383949611E-003   1.2015607064585448E-003   1.5048603818281832E-003   6.0531230859725083E-003
   9.7933541948195899E-003   6.5058283786496862E-002  0.39217636441183629       0.84334976617548474       0.96377705608123321       0.98770350750073266       0.99627199659410826       0.99888099431323751       0.99946603220282215       0.99953085989075730       0.99976603549913079       0.99992905336369031       0.99998126295103718       0.99997403854222122       0.99979445085045393       0.99815486858871605       0.98340180912701480       0.85543129763286796       0.11391801390843671        1.1671407859167100E-002   1.1687656629321681E-003   1.3599639804513197E-004   1.7132924156853155E-004   1.3429862246776901E-003   1.1707465768206337E-002  0.10384216946225272       0.75628961584642851       0.96936938579541287       0.99638033691493300       0.99854467833725014       0.99267346936868672       0.96048880870353615       0.90061148261714785       0.88122430105249550       0.89967763777275833       0.95545122314466635       0.97141712070581332       0.92637735875987071       0.62351226021527895        7.4235046764126400E-002   7.5235562636156942E-003   7.5267777101435934E-004   7.5819459611745635E-005   1.0000000000000001E-005   1.0000000000000001E-005   1.6464727033419748E-005   8.1785881808808282E-005   4.5155921239327840E-004   2.1341693420403336E-003   6.9911827497700692E-003   9.0035412274952539E-003   5.9257332704920175E-003   1.5908066358238729E-003   1.4038341280144856E-003   1.1519551813374818E-002  0.11320760628321255       0.85842918002596780       0.98372683738166078       0.99815932200661972       0.99977649686578196       0.99986494259981018       0.99902665583873307       0.99114362860044225       0.91778430529620336       0.34560115190157625        5.9122041788772846E-002   1.8650719701192212E-002   4.7647499270394904E-002   9.2274631594368273E-002   9.0568169315303995E-002   4.4980962668341784E-002   1.7994662282126588E-002   9.1018369911534964E-003   1.0874466088066369E-002   6.0352561951664406E-002  0.40850564357136893       0.74276845021453330       0.64617297909146931       0.16975898381641435        2.5469127328509616E-002   4.5569241370355647E-003   9.9378203246122260E-003   8.2452684976531562E-002  0.61138553761003989       0.95256977299242096       0.99489380627106871       0.99936242197007397       0.99891606334144156       0.98951560966067564       0.89514998151143477       0.17118010099050823        2.0909449519392179E-002   2.5164737755482081E-003   8.4776918121452576E-004   3.0843286624755561E-003   1.3338704555331593E-002   5.1239175495197874E-002  0.24515402144349077       0.78434545242577303       0.82266218584122419       0.35195149230244088        4.4939518145195187E-002   5.0178621031966488E-003   5.5169612863027327E-004   9.9059174280171527E-005   3.7413286210310576E-004   3.3886266256364268E-003   3.0370225383039955E-002  0.24508747510019491       0.90459878119809223       0.98997962921444382       0.99891456910772725       0.99986372835156756       0.99989519149219031       0.99920206498844510       0.99279878627415830       0.93490798068114311       0.48240714739653640        5.6685388429136847E-002   6.4558287076772426E-003   3.2820670784399837E-003   8.0121336336860562E-003   1.1220083992642793E-002   1.2272414313706874E-002   1.2244659483213207E-002   1.1003754615332531E-002   7.2582963238047487E-003   3.0847279140083809E-003
   3.7454065851917785E-003   1.2458483050273573E-002   6.8986188173478388E-002  0.27200067524359473       0.76197109413748421       0.89657855162883437       0.96977295086993387       0.99192819675160759       0.99799988546870044       0.99954917895535711       0.99990057428312040       0.99997820438122731       0.99998989546297967       0.99994738700293473       0.99954579270482891       0.99605981878937411       0.96653003966784390       0.74268500707593799        9.1142088339914204E-002   9.1868133609191646E-003   9.1662669274939065E-004   1.2939517606533424E-004   3.4273043323797926E-004   2.8992840819956089E-003   2.4962563540390236E-002  0.19863848232616504       0.86529501659205965       0.98365783995112621       0.99806126382080262       0.99958007268469329       0.99887218989823456       0.99532783881849440       0.98946514017699927       0.98711499361806110       0.98926768238997465       0.99473599501806620       0.99513904220878990       0.97749256487240066       0.83239755351455791       0.10824076681811265        1.1017041614247177E-002   1.0971940727392015E-003   1.1068748253415268E-004   1.6581808602482358E-005   2.0776027772317119E-005   7.8432606471296736E-005   4.4388305066682670E-004   2.8813676550320305E-003   1.6717690086196304E-002   6.8301081573700684E-002   8.9288812437453485E-002   5.4776963011236829E-002   1.0366596924499104E-002   2.6028363824830984E-003   1.1481789788596351E-002  0.11164912870228608       0.85404054954831643       0.98300179961667111       0.99806330540150900       0.99976880022196379       0.99991504322854274       0.99960841241935994       0.99709181367852706       0.97622226952921720       0.81878580374861964       0.22660281939398536        3.0892095224186358E-002   8.5578941538480367E-003   9.6377452185035309E-003   9.0964541702490444E-003   4.8608712252446356E-003   2.0458903949772986E-003   1.0988984984416372E-003   1.9179457435368093E-003   1.0190346164172465E-002   5.0782226376932797E-002   9.0640386324665284E-002   7.6644970609829763E-002   2.2555564574551486E-002   4.4936830945925378E-003   3.3316553937669420E-003   2.3611169861567388E-002  0.19017611224805309       0.85463862383088962       0.98240572429249617       0.99797896288763088       0.99966110529962682       0.99883497685169209       0.98848706875895387       0.88667007339273973       0.14159091965377027        1.6193011344651866E-002   1.8203788592068958E-003   2.8853226846369082E-004   4.6016941979465235E-004   1.9872131453104059E-003   9.1209349598028629E-003   4.7085384867100365E-002  0.19526478016325188       0.26482919620964163        7.2643181300948309E-002   1.1386855748018634E-002   1.5222496884120685E-003   1.9264128973527772E-004   4.7507226393502467E-005   2.2507346190400192E-004   2.0037344179088179E-003   1.7881262830511131E-002  0.15261987209086431       0.88367455794693728       0.98754024908281890       0.99865816657338879       0.99982811552890050       0.99978122700331507       0.99821696687722894       0.98434451698358838       0.86767198326988937       0.19395217839674581        2.4873724875380844E-002   7.4320547329315310E-003   2.3314773971423064E-002   7.8788443728764021E-002  0.10993716618501026       0.11871712882465828       0.11838007971270499       0.10731277606496846        6.7938797529583164E-002   1.2835523083016382E-002
   8.1918808906977381E-003   3.1366197970348099E-003   1.0434184034434696E-002   3.8058572996908568E-002  0.11663108117541283       0.27557991792906017       0.77613224799426350       0.93954841755556928       0.98561220329686505       0.99731018536219029       0.99956199011453162       0.99993252728210380       0.99997481040523506       0.99985570693880688       0.99871235667743252       0.98846959083995423       0.89900494329292280       0.29011922171371329        3.6419327161896220E-002   4.0599955675797439E-003   4.4980634454854510E-004   1.4276376555218904E-004   8.7378372995252425E-004   8.0658866950464800E-003   7.5805253203478737E-002  0.61819535248444946       0.94814932941207697       0.99363297260697536       0.99917702518752971       0.99985444669479862       0.99983163591172319       0.99945849298587996       0.99887757592662896       0.99859960887299792       0.99882583289945936       0.99926948776496394       0.99822667727421688       0.98574127185784777       0.87067811875963852       0.11868208754336197        1.2267266123972213E-002   1.2363237337263873E-003   1.3126323435503419E-004   3.9378643728228154E-005   9.1213961138253820E-005   3.3164976869793451E-004   1.9128694216761332E-003   1.4753233679484399E-002  0.10979920355386021       0.57202654283252607       0.73044208331615423       0.43438020385701431        5.4653628762089304E-002   7.1007753823193959E-003   1.2176020254818695E-002  0.11176111097529084       0.84447617844328016       0.98139877654463892       0.99784207230663724       0.99971121946329355       0.99977772035774792       0.99929212874228290       0.99821753223200926       0.99276002514797468       0.95333923054036596       0.70535629459744509        8.5251478006021036E-002   9.1193881064143261E-003   1.7707265334270680E-003   9.7981102174198378E-004   5.2411971358417328E-004   2.3638405652797199E-004   1.4616106603769827E-004   3.1039330590184450E-004   1.4268220628033718E-003   5.5230685707283083E-003   9.1825760461647418E-003   7.8030104703026076E-003   2.7677557360989958E-003   1.2321411515538946E-003   6.2753272376242517E-003   6.0681747995241640E-002  0.52036898042933133       0.93667579482580576       0.99256227310764134       0.99909966933467276       0.99976406529631601       0.99875051312809693       0.98771598458227650       0.88101780642187255       0.12734686721435207        1.3717857799544719E-002   1.4499760943221833E-003   1.6714849584630086E-004   8.3693577289072177E-005   3.2286156853675513E-004   1.5546053648836111E-003   7.3535036139916994E-003   2.6141883715216110E-002   3.4499137767140163E-002   1.0983346467852885E-002   2.1619291420480061E-003   3.4862123205620088E-004   5.4480009446706641E-005   4.2449236565727808E-005   3.2548846109465250E-004   2.9557546481248798E-003   2.6323626359426172E-002  0.21395502821088974       0.89778802457638529       0.98918705124961592       0.99883824226167794       0.99981830215112089       0.99950097488899758       0.99556750106643510       0.96014528211011629       0.68091938604048474        9.3927997557224890E-002   1.5898126353586627E-002   3.2105152118802230E-002  0.17611415422594787       0.65881607749045779       0.83954867629077023       0.87088587548847618       0.86927997530740719       0.82406242225061432       0.55757490483700212        7.0482204087057757E-002
   1.6590828473330363E-002   5.2300892624178776E-003   8.1660653293422290E-003   1.1606538749747847E-002   1.7119270710866979E-002   4.2976794705662194E-002  0.17288428861909666       0.61921843484754346       0.90072158287725235       0.98374478219201555       0.99769595176349668       0.99968965257180431       0.99992129256231765       0.99962711732278209       0.99662956139465220       0.97008452323442707       0.76192837907265420       0.11909923294176897        1.4014960499473633E-002   1.5926366907365859E-003   1.9781391976958899E-004   1.8965067477832710E-004   1.4976760941047670E-003   1.3383509661735005E-002  0.11970200886514554       0.83385536591279619       0.97842593376094278       0.99651189250220995       0.99907974449548764       0.99977019805831380       0.99993356032567848       0.99992933507965498       0.99987581929683755       0.99984256344207589       0.99985663942667080       0.99979756704955591       0.99864495587654445       0.98706326651866294       0.87703196358460944       0.12134494179011306        1.2642757081865554E-002   1.2917121830759849E-003   1.5993468061645572E-004   1.2343155085224662E-004   3.5711037035698743E-004   1.0777161328377651E-003   5.2042656816719927E-003   4.3196677866041845E-002  0.34411014103858883       0.85905874535173443       0.91571541389201916       0.70345190483308406        8.5777520332869048E-002   1.0565805416505787E-002   1.7115366412524109E-002  0.14075577366804914       0.86839010501611502       0.98493389190154268       0.99825509210184371       0.99954314352169849       0.99854299297180393       0.99413356335428249       0.98944470648266447       0.98511402604894582       0.96206251377330909       0.79293241519760049        9.9402800331674201E-002   1.0071789184644893E-002   1.0867662366289726E-003   1.9527553064458341E-004   8.3876556460334105E-005   6.8495618734235695E-005   8.1096950045005432E-005   1.1582103564935287E-004   3.0316167380861625E-004   8.7304908276862115E-004   1.5406062568926913E-003   1.4666326463830838E-003   7.0760511281374374E-004   8.3878403838782316E-004   6.6204965915596520E-003   6.5256815885712000E-002  0.56035045823699070       0.93812995465932703       0.99166515086518858       0.99872775579253359       0.99963845028545351       0.99866622471773181       0.98734876795701654       0.87864890111430338       0.12288781312710600        1.2903334078899086E-002   1.3219288767421275E-003   1.3796598067535346E-004   2.5947510613786436E-005   5.8190033698783757E-005   2.6019524453425939E-004   1.0714767488401672E-003   3.2202640569920699E-003   4.0565241355059404E-003   1.5236959374490741E-003   3.6421487658995662E-004   7.1580652783269811E-005   2.1601384437644193E-005   8.1025783233080800E-005   7.4089823788154273E-004   7.2165117219620952E-003   7.0394182178852682E-002  0.59274971717200897       0.94954268597481273       0.99441234117599508       0.99936489130489636       0.99983096071205213       0.99906930022379015       0.99091298893327218       0.91054985021190726       0.26855534746948501        4.2856431291429541E-002   3.4502496385778153E-002  0.16353772829581639       0.73521833246693291       0.94025070779394637       0.97948558333076829       0.98576193512558441       0.98470014298862629       0.96787141978394697       0.83364697050843406       0.12760257799957653     
   5.1757414451956224E-002   3.4090233908306379E-002   6.6926532778997391E-002   6.8372435987702401E-002   2.4808456710690045E-002   1.0412737713437393E-002   2.6794697268729108E-002  0.11810297270659188       0.46420375318263640       0.91887559731547852       0.98993844927944508       0.99878883565896259       0.99977224360908801       0.99912251895346171       0.99137839614932233       0.91466680575403414       0.29513628345108944        3.9468435164081897E-002   4.7320680104226695E-003   5.5775893691719486E-004   8.9051842902342730E-005   2.2045422439375605E-004   1.8307824879739262E-003   1.5764149045970309E-002  0.13387489358398075       0.84622099863453082       0.97072423145505438       0.98751318354837714       0.99407398094657407       0.99856950708971381       0.99973514569754152       0.99995062274613933       0.99997976585866322       0.99997975171532549       0.99997174043408066       0.99986198639907020       0.99871370810427895       0.98735668037597468       0.87867069258276820       0.12327293544861972        1.3053668990133473E-002   1.4036381975544370E-003   2.4382503718855045E-004   3.6739782098915160E-004   1.1194168336398451E-003   2.6442301552585673E-003   6.6648306136499382E-003   4.6066308445916374E-002  0.35363092956595532       0.77122889530700156       0.78633478788993105       0.44975692075894869        5.6161056824146217E-002   1.0277431128233828E-002   3.7490173798177935E-002  0.28977154368416891       0.90993572853977167       0.99035866306440068       0.99876476913103296       0.99840783508159558       0.98989028068383156       0.94575396816591306       0.89880549536809384       0.87906107261783251       0.83192732144850012       0.56175480658658039        6.7956470167707797E-002   7.0515489018661099E-003   7.5170684624653432E-004   1.4175523856905419E-004   1.7305761454502658E-004   3.5598328544447528E-004   5.8139819985341833E-004   6.5942661271486253E-004   1.1270766223844917E-003   2.7122813643977481E-003   6.3832224478328065E-003   6.9543113529988909E-003   3.0563039649070243E-003   1.1257561738326092E-003   3.1070662332272868E-003   2.5645928204573717E-002  0.20149653621543695       0.82099050589741163       0.96834934972174791       0.99394909205591464       0.99845916358413800       0.99829908654441746       0.98696815937010662       0.87713133192854897       0.12136148121661854        1.2634660900660431E-002   1.2802083255664585E-003   1.3118821810968216E-004   2.1275590196506124E-005   3.4193978102924625E-005   1.0577328631139695E-004   2.4247623624793066E-004   4.7537554810857106E-004   5.2138146035444685E-004   2.3012013015152324E-004   7.4403899918262006E-005   2.9929530088659868E-005   3.7067450397556791E-005   1.6925606984104327E-004   1.3009807114269859E-003   1.1770248590812599E-002  0.11062974393905009       0.82568548400756514       0.97892620068922565       0.99758087454139610       0.99970522887274427       0.99986139496462012       0.99903077180952482       0.99064514285098526       0.90926901964808204       0.27174776858777056        9.3687099721958073E-002  0.17624777610489203       0.62111316955664309       0.93454015634701015       0.98878993103314383       0.99716590267713978       0.99835381920595767       0.99755020280148965       0.98817486000353616       0.90033819602967735       0.24740325687579590     
  0.28086061818593178       0.26028077708391700       0.57148289790704077       0.57696298353016762       0.16964635005915407        2.4912843592317765E-002   7.2129285775815524E-003   2.3454152727188756E-002  0.14085155104031985       0.75277375837059757       0.96817298419989151       0.99632577967562030       0.99946383070163247       0.99872359356879736       0.98797535779404011       0.88491461056458753       0.15029503484930251        1.7641100049792129E-002   2.0018710444988349E-003   2.2921994909668066E-004   4.2844565131360923E-005   1.4423895773038793E-004   1.1815641003034220E-003   1.0055839566471318E-002   8.6862051143886412E-002  0.64158776125963379       0.84553473956371084       0.89409410586329319       0.95020914462499118       0.99076997385933174       0.99864901393480898       0.99981920819757997       0.99997496381081608       0.99999000000000005       0.99998510100032589       0.99987526467142041       0.99877209243376319       0.98782480981303156       0.88224525652599506       0.13318769058019936        1.5566498794562523E-002   2.1632066634311858E-003   5.3612355445224714E-004   7.7957658795081133E-004   2.3468031026753554E-003   4.9420412960524225E-003   4.7864910321699875E-003   1.1557952460504985E-002   5.3261214837634338E-002  0.10412567076191803       0.10326255307160395        5.7841281400936931E-002   1.1665224560705659E-002   1.1462838494370051E-002   9.5010784066610329E-002  0.75080196759817197       0.96833256583290617       0.99625629309607944       0.99889291891176002       0.99376595596881756       0.94445774994827281       0.56479539227690534       0.20619474431053725       0.13820166411819959       0.11679134417376090        7.1295002550310765E-002   1.2942854821902845E-002   1.9486791400300783E-003   4.4979678191985935E-004   5.1778255646405316E-004   1.3690633555078259E-003   3.1138515988067468E-003   5.5319297067068021E-003   6.1064436756778041E-003   1.0001357475131834E-002   2.3509332799340955E-002   6.2085794246935125E-002   6.8248847516403990E-002   2.5530460395761425E-002   5.7393467371466920E-003   1.9387684747770196E-003   7.7505828196617211E-003   5.7008699622356052E-002  0.35472177627662377       0.82689497225769437       0.96143961598623318       0.98947797477322974       0.99550044099628676       0.98489701292221588       0.87168150931515220       0.11915422944696498        1.2331735633021961E-002   1.2433943561158923E-003   1.3313640259468400E-004   5.6786304791986837E-005   1.9919711653612425E-004   6.3903076453432621E-004   9.5830677743129059E-004   8.8198371802990466E-004   4.7915752594318806E-004   2.4238820038031692E-004   1.6197143337913801E-004   1.5311505347344838E-004   2.2204764116768851E-004   6.2448822213243102E-004   2.9662330695084701E-003   1.9268083375279868E-002  0.15078718249442125       0.87974276842368337       0.98699009678742100       0.99859824408796249       0.99982878776874584       0.99991441428216732       0.99946518896826209       0.99545855467669520       0.96285842527396726       0.74634674404115176       0.52880160906889540       0.79528087942218106       0.93874571440382581       0.98835987072370934       0.99797112236328955       0.99956494231811766       0.99976975624387576       0.99937727673110055       0.99559746862963883       0.96379829804563599       0.73576537206263459     
  0.91270530805459438       0.91012238170018311       0.94527217741909297       0.92238027851807103       0.67128483465602351        8.0534836070254093E-002   8.9455990320670420E-003   6.1718567513720096E-003   3.8572878945724802E-002  0.27026595582292973       0.90798672490306642       0.99038046864868068       0.99881513747250850       0.99816909707128276       0.98413893863823076       0.85965635443269006       0.11919959534579128        1.2624682607208138E-002   1.3148232250240618E-003   1.3964640393717497E-004   2.1995659666462831E-005   5.1771783289947297E-005   3.5857757559226141E-004   2.4748926923716806E-003   1.5867731583940847E-002   8.0658295680271039E-002  0.12657887002127061       0.21827555588174988       0.64572513807457610       0.95521012366072400       0.99505295566387131       0.99946416621517875       0.99994110089061949       0.99999000000000005       0.99998811347443650       0.99989447503918805       0.99895083818830976       0.98952393782644787       0.89729248927998684       0.19814015149780459        3.4163181967944566E-002   8.2901676561530340E-003   2.1885962348550895E-003   9.9713309750973475E-004   1.8376893138368497E-003   3.3767682256410614E-003   2.5018790078312511E-003   2.6242569808578851E-003   6.9547208635178780E-003   1.1609249574729197E-002   1.1149518650239847E-002   6.6502270233752218E-003   2.9435025560388666E-003   1.2852628544313238E-002  0.11795141166323729       0.85619044669451838       0.98328870585678330       0.99792304327674264       0.99853195730176003       0.98856273489825619       0.89332966815007986       0.19939944830216502        3.9142665688052102E-002   1.7417191222121407E-002   1.3642880560026599E-002   8.9479369856231058E-003   3.2464705018846749E-003   1.8394325165138280E-003   1.9952576372830834E-003   4.1045537827122409E-003   1.1871932610237002E-002   2.7158418358879319E-002   5.2659651921456524E-002   5.7109418138242614E-002   8.9809709747650818E-002  0.19066222561024943       0.53273281561510355       0.58429574465341871       0.19543379910214881        3.5731987872927813E-002   5.4572175745320212E-003   2.3437818787414694E-003   1.0729836968842370E-002   5.9382218997146151E-002  0.23423362731920347       0.75674838137310718       0.91972161388847251       0.97295457217538306       0.96852700082572818       0.83629020003464816       0.10993194143995154        1.1256645739977009E-002   1.1336033881536884E-003   1.5991726894484625E-004   3.0472770050786420E-004   1.5703156298660346E-003   6.1364761025485930E-003   9.5129979129461011E-003   8.4543041634943562E-003   3.9149191336543040E-003   1.9531482475773046E-003   1.4472623659894173E-003   1.4193082811798916E-003   1.8660125159408797E-003   4.2175246705701240E-003   1.4585626392841141E-002   5.8767261302495148E-002  0.31850694191711915       0.91684825381857449       0.99140749151507268       0.99903942253294575       0.99983823769283886       0.99994235260436204       0.99983264635279046       0.99887825053645762       0.99295408939647756       0.96631201704933611       0.94399317887649592       0.97376641445467893       0.99179365579814482       0.99819898671754403       0.99965786231807863       0.99992936007228295       0.99996059514973079       0.99984891744611193       0.99897906501369826       0.99331182995015821       0.96481982093797147     
  0.99100537884754458       0.99041635685183960       0.99063014696602292       0.96483365747020911       0.76245395670551830        9.3193399304042343E-002   9.5414692844634514E-003   2.8014829198040217E-003   1.6126187092753159E-002  0.13728407140981641       0.86306416270111830       0.98422604308682504       0.99786256330689238       0.99640399251252343       0.96952357272542233       0.75401776592900838        9.3555681251146924E-002   9.5128888605051608E-003   9.6559913008841284E-004   1.0681183691479723E-004   1.8089577804759065E-005   1.7068696771659179E-005   8.6823746176383355E-005   5.0488688908263126E-004   2.6638596879127274E-003   1.1411164985050215E-002   3.1270398654868373E-002  0.11388499765032441       0.54314573299426183       0.94520791128548598       0.99422971818183303       0.99939586566519867       0.99993522933913692       0.99999000000000005       0.99999000000000005       0.99993471961284242       0.99937585564301701       0.99403576620632284       0.94425268158562026       0.54905529645571005       0.16916293941334046        5.9120933687464704E-002   1.5064839125822438E-002   2.9420442595373144E-003   1.1174095072923119E-003   1.3054275765456962E-003   9.6412715944412300E-004   9.8853848033848249E-004   2.0294711254000273E-003   2.9957036951472299E-003   2.8091309860712203E-003   1.9343781192057241E-003   1.9171694726197951E-003   1.2123087160471377E-002  0.11354493724180266       0.84408008369734289       0.97993208618155025       0.99682695920012487       0.99802423177827371       0.98696631078251817       0.88166807673860803       0.15595738262179071        2.3428920535087681E-002   7.3933809068297916E-003   8.4660731665518671E-003   1.1768929287815800E-002   1.3159134232988139E-002   1.4032862875275621E-002   1.7106350595115859E-002   3.3995795244728511E-002  0.10200687884544926       0.21653982086115819       0.44318168563433102       0.47343877692493797       0.67454176374399810       0.85869419272821901       0.93731353367547632       0.93472705877721463       0.76787890652370416       0.17422509996954327        2.2638072369389171E-002   2.9693564262921000E-003   2.0081853428180179E-003   8.5006291480187648E-003   3.5317762744917908E-002  0.14379576230855989       0.45390711482518487       0.80109712870275285       0.83788255606949646       0.62261083262896799        7.5977864346654406E-002   7.8318358062432081E-003   8.2514494883037743E-004   3.1607326427828637E-004   1.7384534484666365E-003   1.1455836897110765E-002   5.8370154134420336E-002   9.5002542849229502E-002   8.4673917955657999E-002   3.5284552192396852E-002   1.7595524392196152E-002   1.3745635984717125E-002   1.3529298737588086E-002   1.6579819530352001E-002   3.3748494830036856E-002  0.10650315189399086       0.28276345018544580       0.82059457550433401       0.97592738724725625       0.99658767776405444       0.99883738548549916       0.99935363188855553       0.99979738870655810       0.99992002652602263       0.99978252612912499       0.99894045596297665       0.99609842125903292       0.99417167448187471       0.99695272518121936       0.99895192170626645       0.99973496769178039       0.99994223433297447       0.99998637758073183       0.99999000000000005       0.99995993325252042       0.99978300009526977       0.99892439182781867       0.99578929481112555     
  0.99761207974182120       0.99613463504726707       0.98685103559813980       0.92009548960819321       0.49382012922226165        5.8618925030658346E-002   6.1710280981133172E-003   1.6359388808312701E-003   9.7547767502399445E-003   9.2887923197501457E-002  0.73678112581821409       0.96529802562250044       0.99499791792462744       0.99145928243855241       0.92003167531799468       0.32718741478040375        4.0842478091211741E-002   4.6286679908310868E-003   6.0765147839049287E-004   1.5358243616771675E-004   6.4852707752737000E-005   2.6056386193340398E-005   4.7172701150145466E-005   3.1147653232139794E-004   2.2996913150886379E-003   1.6597773489071811E-002  0.10520329906652302       0.36595037135490877       0.86684200355218632       0.98220349730555145       0.99782631302565428       0.99974035805456951       0.99996747097818606       0.99999000000000005       0.99999000000000005       0.99997653285273436       0.99981209681843741       0.99850411142550721       0.98911399788134624       0.93562302224873017       0.81816942314973584       0.42748742322607830       0.10662257773829770        1.5504002571454747E-002   2.1552726518787937E-003   6.7996616768833094E-004   9.8491240981498068E-004   3.4494534439665639E-003   1.0321237625145164E-002   1.5218098538430225E-002   1.4604951396046844E-002   1.0416529260613188E-002   4.9998988848724323E-003   1.0042254583596703E-002   8.3161869036188774E-002  0.67951309312023522       0.94099750348170641       0.98598349800711460       0.99556667343528948       0.98974079841219498       0.91144140582370903       0.30248728547963577        7.5542306284302391E-002   3.9289977670692353E-002   6.6758596434190395E-002  0.10545442955976386       0.12141104780331896       0.12832070418403044       0.14681311629204133       0.25774897126197788       0.70843518601791455       0.87863955061351595       0.93180728932142021       0.93823913372688195       0.96011484642598310       0.98290911643700019       0.99228836605741133       0.98858375311232394       0.93830770973311561       0.60471431731161185        7.5265614325351185E-002   8.1436701991005715E-003   1.1300641028485817E-003   1.2521445378866497E-003   4.7054941760216237E-003   1.8187460090559070E-002   5.6879933656915696E-002  0.11187308725829624       0.13125683498189031        8.3894496749337452E-002   1.5058521817819413E-002   2.1031911154164211E-003   3.6809554273002502E-004   9.5261030429713664E-004   7.9868565852863234E-003   6.7319419327214261E-002  0.47983864967310053       0.77119918689484501       0.70816118217039825       0.28418603943700121       0.15178106236223704       0.12766121406306669       0.12634316812053886       0.14418789893209941       0.25565291737028617       0.71024733361486025       0.88805494869971457       0.97297910134474741       0.99408355906578327       0.99392436324091493       0.99156489489393795       0.99418345714268852       0.99848962801121888       0.99970078287594155       0.99990862026531113       0.99983685841685432       0.99954709138600550       0.99936883010733779       0.99959381846317819       0.99978744018800147       0.99989226999446013       0.99995446573964042       0.99997911868609246       0.99997726969275758       0.99991937634715866       0.99968278705799274       0.99907597954632077       0.99838201571813545     
  0.98624406856424862       0.97901297579309943       0.93779065479579671       0.72634126701357615       0.14529733383502572        1.8417321990800359E-002   2.2170136272417311E-003   7.4779256722172234E-004   4.0843396602902151E-003   3.5132620295706081E-002  0.27648107503327596       0.89332610749594232       0.98562724628021536       0.98760063513619023       0.89463406960078673       0.17743351672948238        2.2954894988747348E-002   3.8073644897021648E-003   1.5067727611747853E-003   1.0434413893427310E-003   5.5045936236947741E-004   1.6697428199178273E-004   1.1047194849233901E-004   7.4695979283662681E-004   7.2511122885822975E-003   7.0323970987736836E-002  0.58460485617923919       0.88569125629499179       0.97725995377861208       0.99636522778988434       0.99946879285995660       0.99991692937743826       0.99997693614668348       0.99998486835837130       0.99998861974609332       0.99999000000000005       0.99995738481463947       0.99971961184750058       0.99832085762557665       0.99188167269458627       0.97331278481877859       0.88806013495972769       0.53016435410901108        6.3212647086166127E-002   6.6658868922294546E-003   1.5258820965510498E-003   5.1301532477949193E-003   2.6684323130144263E-002   9.3338480629586620E-002  0.13140995560246643       0.12841881152985665        9.6140497525266183E-002   3.5580189041139763E-002   1.5934312699769169E-002   2.7710377599371516E-002  0.17998714534292171       0.71874943094953381       0.90155106980952671       0.97428586539938500       0.99153028947090394       0.97605385525061183       0.84332271896585864       0.44219182171480931       0.29734729246923958       0.55787534389499249       0.81374082221536603       0.86896853605482427       0.87908696094249594       0.88587644962057410       0.90855620129338843       0.96326174328775738       0.98582204253990269       0.99267593367368767       0.99365489843720578       0.99565584465735157       0.99802589361607585       0.99894300611707054       0.99720048533755978       0.97982050070129378       0.84105786836390750       0.13955193664942570        1.6815349664281543E-002   2.0519375624289977E-003   4.0902816513637238E-004   6.3601464701860944E-004   2.1768917163625915E-003   6.3503147450351544E-003   1.2491521570729998E-002   1.5462161134498066E-002   9.7292214379453342E-003   2.3554333009343331E-003   4.4691163619011001E-004   3.3123005547729275E-004   2.4259084246982597E-003   2.1279161380175562E-002  0.17271671452374876       0.83437165404644076       0.96131125772340009       0.96257667574532524       0.91349294195054354       0.88829394342418300       0.88095662461303548       0.88040500878829797       0.88596801883650900       0.90850577844888214       0.96348417097691874       0.98637488228744163       0.99471800733904170       0.98861405566421012       0.94947091836174746       0.91716473809762489       0.94538916203517309       0.98912991162041486       0.99824516201214397       0.99964106188931501       0.99980909305459664       0.99976352064948593       0.99961293410762164       0.99930757376521284       0.99910845373940571       0.99925626376183196       0.99964805227559594       0.99983311806212427       0.99983872847953459       0.99941895120301016       0.99746178712616707       0.99211660350298803       0.98854779453258268     
  0.87422428837459787       0.83751101780191950       0.64611774418074197       0.17122102840348216        2.8954747065619135E-002   4.2088577420024533E-003   8.4280719398146901E-004   9.3161856551325672E-004   2.4371286881707372E-003   1.3994500795234602E-002  0.11278621010222217       0.73469720613579093       0.95513855758254318       0.98362618102020305       0.90234748208289384       0.22991661826165194        4.3063636059274921E-002   1.6588402372686890E-002   1.2566395943288492E-002   1.0116402076240141E-002   5.0063605409235200E-003   1.2131303455089743E-003   3.2635531023698119E-004   1.1294796895294878E-003   1.0972189204902975E-002  0.10751134387520050       0.82720174386549816       0.97343054292813314       0.99563539379142418       0.99926512210572127       0.99981956404579120       0.99987480488117753       0.99987043578609913       0.99987522345324453       0.99991046023392216       0.99996591252299927       0.99998335842363439       0.99995059649824747       0.99974364514547120       0.99879176635292055       0.99457204747202543       0.96702528425577405       0.77745601931832875        9.5801630555825606E-002   1.0110772044519368E-002   5.0195050174013196E-003   2.9993465211005071E-002  0.19352077167501439       0.71693632611824298       0.85965524452379849       0.86181472885754873       0.74627707667912480       0.27341434796683889       0.10956150536229918        3.1760623280609190E-002   3.2526906360530808E-002  0.12108187397333510       0.34725109610946320       0.81798738933107795       0.96259721621331340       0.99028886048672671       0.97872868209315134       0.93454330795669838       0.91663759753332075       0.94694338793127675       0.97590733117510642       0.98159445485724228       0.97944387663237853       0.98126952263382849       0.98813888815225004       0.99523196340191522       0.99826224446046763       0.99918840060815284       0.99934850717805901       0.99953720533105350       0.99976935282044854       0.99979806671557714       0.99892648507992632       0.99048393341772378       0.91221846426222730       0.31471777916794919        4.4985324204252483E-002   6.1472814627274710E-003   9.3961971793864564E-004   2.3530268404982606E-004   2.9116014255230421E-004   7.2171558164455657E-004   1.4034912781798168E-003   1.7996428265219582E-003   1.1461809310995665E-003   3.4687407603477293E-004   1.3668647687779898E-004   6.3697913266238843E-004   6.1057373052776668E-003   5.8758674813313767E-002  0.49310555939521106       0.93334755233277866       0.99054470786095061       0.99531287778269262       0.99126744233452768       0.98860526276991356       0.98770191990461331       0.98762446678310067       0.98830446622455148       0.99072589395645538       0.99571389073107164       0.99722969191031818       0.99073174020705268       0.93467996020020638       0.59174262012318180       0.30967627551318672       0.55366798413372953       0.93670765437747472       0.99128395728588836       0.99781261230601315       0.99850613043288039       0.99826712816625185       0.99699789669787853       0.99343211360845507       0.99098728353972010       0.99247745333227311       0.99676980777896562       0.99853448712590598       0.99881563891494141       0.99580177607697595       0.97861350275871639       0.92242092540667864       0.88929092560055911     
  0.12524834146316224       0.11021114039422153        7.7135292964540386E-002   2.2417550299499479E-002   4.6586260240205476E-003   1.4602526598930007E-003   2.6532542870266406E-003   7.0042746347760794E-003   9.6760055221661156E-003   1.0699040945700808E-002   3.2658175758485369E-002  0.21814880104767034       0.80106621133254674       0.96641556956964370       0.95019372016915860       0.64707859577300253       0.21975493255716874       0.13540268990085150       0.11867775951367859        9.8627744687089389E-002   4.4053947943645727E-002   8.1432133023528266E-003   1.3053029138979520E-003   1.3875899321962953E-003   1.2271396254379785E-002  0.11854971697996693       0.87012869374309776       0.98534630627245823       0.99821445627898953       0.99952423929387890       0.99928018740768931       0.99891974080709744       0.99876353884392088       0.99881381019249027       0.99917543569358735       0.99974490859885590       0.99994117417365946       0.99997720461091955       0.99991866494703041       0.99943279780470440       0.99550413750040079       0.96177585669371590       0.70040717480292780        8.3797481213353231E-002   1.0226627282662734E-002   1.6490903424211167E-002  0.12703514717241660       0.73702873715653694       0.94771210672749728       0.98237369996272272       0.98398847214706575       0.96628029243628188       0.89027522544382010       0.71548609567821364       0.18298518864130031        2.8759200111376223E-002   1.9049115769359005E-002   5.6971814145698477E-002  0.23040961750234992       0.79135548704200454       0.97171421350527565       0.99428054895457008       0.99290548257531441       0.99108879178241949       0.99132875087142103       0.98474532583843821       0.96358406292598298       0.92221683368663754       0.93156541754517674       0.97704578962916766       0.99461362196035930       0.99893362474415792       0.99977429372529525       0.99991271302453344       0.99994727691304197       0.99996810197434605       0.99994202488298445       0.99961564035340522       0.99674413052544431       0.97221767569142759       0.78459769318072958       0.15471600017520340        2.5194129799206384E-002   4.5415748883736373E-003   9.5011438832927765E-004   2.6449938723506640E-004   1.4391322625078825E-004   1.7700556396417448E-004   2.1457505582873578E-004   1.3946361619852066E-004   5.7791047428039790E-005   1.1309504881392140E-004   1.0210929452648761E-003   1.0266438583092608E-002  0.10151267317732522       0.80140248343532106       0.97525567341558650       0.99694881555688120       0.99926717718249514       0.99911048019812654       0.99886292698333345       0.99876151671391922       0.99874060131394060       0.99876092286212292       0.99877436555395516       0.99836257496013681       0.99458055369138809       0.96699221908210775       0.77940976439530973       0.16833186654977783        6.0015175826215017E-002  0.17658412686710495       0.83385157551387612       0.96681965838708561       0.98453048040397551       0.98631682960612954       0.98420739602640606       0.97318500404281982       0.93510335765021946       0.90885892122556744       0.92444162766351545       0.97111880297861275       0.98701121092990740       0.99135282026020233       0.97277821841478418       0.83915259846357093       0.35200358876807464       0.16124559834833199     
   1.3648405646185142E-002   1.1362875189055511E-002   7.9189020229834817E-003   3.0660977457272844E-003   2.2605441981626596E-003   5.8492854571118519E-003   2.2116241783627411E-002   6.8679504354293555E-002   9.1970350894309869E-002   6.5580732590919011E-002   1.9844860181136719E-002   5.1481899571829144E-002  0.29152406448515222       0.89241970510097213       0.97848444562142123       0.95259840597680168       0.90055991893416409       0.88099957403683549       0.86388554690070229       0.77596533164150583       0.33268670002028766        4.2695677024695129E-002   4.8808416667367452E-003   1.7818191769132712E-003   1.2612978273110812E-002  0.12090580200672782       0.87655692629117721       0.98685127997589350       0.99811713640388133       0.99757743945907584       0.99317893321860229       0.98926040393110681       0.98786613580060623       0.98848360306409522       0.99218916266584700       0.99806954100778977       0.99964848705948384       0.99993273508159564       0.99988483754424651       0.99900894532038420       0.99054020605633830       0.90891752761421329       0.26909512832644084        3.4002031924895898E-002   8.2306396871122608E-003   4.1158190469388886E-002  0.33189131668918437       0.90280427740913227       0.98688522435431003       0.99729546019549997       0.99811248748954995       0.99576760443908652       0.98514723150835526       0.94195081178893458       0.68984344978861611        8.7202162308764777E-002   1.1425324470612218E-002   1.0294600853578180E-002   4.8961449509941635E-002  0.28325789085312331       0.91168359674182498       0.99061215926855195       0.99789543619989085       0.99545139721911191       0.97683598162797070       0.89592221853846798       0.72354908063564483       0.35233055707362587       0.42747935831652351       0.82884095586685458       0.96609449901526645       0.99477467577849044       0.99927190330345972       0.99989661206336600       0.99997424817191294       0.99996943094338242       0.99992520046819011       0.99977470035836769       0.99882946384591498       0.99104818211176293       0.92771435639725963       0.50460037637229971       0.12645473514786332        2.7691966438837461E-002   6.4137632084573229E-003   1.7752749598166711E-003   4.9705326365649487E-004   1.5162265797023694E-004   5.9331667445025970E-005   2.6794604236511972E-005   2.1670559246280457E-005   1.2581630230059314E-004   1.2183689062940080E-003   1.2087682157655212E-002  0.11710795273977945       0.86528293768367570       0.98504235201322732       0.99836336299810591       0.99978210235960874       0.99989627327261055       0.99988302448309019       0.99986023624578768       0.99978000096561659       0.99936801768382955       0.99752798306601953       0.99133029654469473       0.97235629230544940       0.86128608369522208       0.27754435180432857        4.3100778067631351E-002   1.4957608576336238E-002   6.8363895110480105E-002  0.49117104061671990       0.81112017558731930       0.86776751273064257       0.87329213303716058       0.85994138754247063       0.78139216831745562       0.44439234435656455       0.24404393593516632       0.35489955245122518       0.76729032104278438       0.88633583986997699       0.93582530045420742       0.85815088289176544       0.31992389231546531        6.7831978277473851E-002   2.1321105261800689E-002
   1.6296090225469658E-003   1.3792048465081921E-003   1.6280614527626580E-003   3.8450106065935031E-003   1.3355541617888310E-002   4.3203268756734498E-002  0.17462026830944100       0.58541261120104982       0.75317396729334396       0.53234879372375032        7.0412030221184807E-002   2.2634056151237987E-002  0.11483388751272097       0.73825421727219021       0.96510859601643217       0.99092784052739447       0.98935229900874078       0.98718208944125341       0.98209667329687944       0.94723237472332922       0.70701432186567670        8.4752520422579330E-002   8.6025278283195054E-003   2.1084295598380719E-003   1.2644905054917452E-002  0.12093897389193338       0.87666877862247328       0.98639084987717696       0.99496953517625020       0.98051258979324063       0.93370311820109353       0.89464048383514139       0.88306637925121612       0.88932103340808233       0.92587415735983636       0.98650030461518157       0.99809855859226937       0.99973860803856407       0.99980923992430049       0.99854285977518498       0.98663132443297707       0.87775387807597616       0.14336396601564336        1.7153904760370053E-002   8.2547781460548513E-003   6.2871020171890196E-002  0.53660878115835131       0.94299025394431779       0.99363036208309286       0.99918384062972065       0.99972149971735802       0.99937659767380993       0.99709956550565726       0.98164982712897864       0.85680230959539405       0.13851313399163603        1.6849012047485509E-002   4.5059048452310855E-003   1.8635715759030710E-002  0.14790108443726721       0.88459260615688007       0.98760507300447531       0.99639969254730232       0.98085353943049169       0.85605056020205794       0.33309999973789267       0.11615933374452472        4.7894823473641678E-002   6.7281306602775676E-002  0.24191945697676775       0.80849319433079536       0.97452058737820468       0.99693860378600396       0.99961521003026144       0.99988231961100948       0.99977151106340822       0.99943197239529646       0.99895812803412010       0.99853583902922516       0.99680753012738965       0.98442803959053737       0.90797060350455405       0.64168419941152521       0.18180592156555395        4.5842041568859536E-002   1.4033378210068007E-002   3.8696750335596567E-003   1.0513981857125702E-003   2.7158542572018390E-004   7.2606386410328840E-005   3.9849746665555127E-005   1.5693009027358107E-004   1.3730411967380421E-003   1.3134890053234805E-002  0.12386390549053068       0.87740422881561120       0.98709321321407961       0.99867102084664749       0.99985858251301429       0.99997572344696972       0.99997470356587825       0.99989889476368210       0.99939838482393206       0.99638092667708578       0.98104741809357521       0.92912825715662117       0.83354705553000796       0.50343564110026595        8.2100145803443797E-002   1.1374357726735005E-002   3.2967148732882374E-003   1.1756368511226623E-002   6.0388978342905207E-002  0.10500117261318920       0.11819997463180192       0.11951406413236425       0.11481887507915461        9.7323527005028998E-002   5.3522484822019850E-002   3.0661511843379900E-002   4.5567387339782391E-002  0.11029844949919812       0.22132332522483172       0.54858717079853936       0.43298167232797458        8.3153961135998336E-002   1.4033961817362885E-002   3.2770315945390184E-003
   1.2301825461325537E-003   1.9254752358345050E-003   6.3360145003539198E-003   2.7740599331175928E-002  0.10656169395934346       0.27919539084081485       0.78390538267039123       0.93583554001446378       0.95511071582237761       0.82112060527281427       0.11267945658751555        1.6855690075883358E-002   3.7928604382342725E-002  0.27228955391720028       0.90683307823956871       0.98958926964123772       0.99783487748163657       0.99774382991205512       0.99122310269115443       0.94078317998023675       0.61586049210821936        7.2143674286996917E-002   7.3568317385611674E-003   1.9613479920502423E-003   1.2417710775778246E-002  0.11937972947019433       0.87292431662743131       0.98319157686052794       0.97621135675955584       0.85138205781761866       0.44257750043881622       0.18202075562122388       0.13707614945408028       0.16681189121060808       0.39882586311280854       0.92649680830186565       0.99236071286673699       0.99919168757674515       0.99971884002874745       0.99824188367830646       0.98451931398190407       0.86473566844108762       0.12746757043299078        1.5073600682884367E-002   6.1592506779761611E-003   4.0927243194377211E-002  0.33295341345243828       0.92134978127479039       0.99211276617148658       0.99920259632966846       0.99989059393362723       0.99984332927942765       0.99890751697705260       0.99036523257713238       0.90958020155066255       0.28404786901026324        4.1612598674688174E-002   8.4987426249203656E-003   1.8144640885808520E-002  0.13957579580185811       0.88084900242697928       0.98658990150982206       0.99180763848475839       0.93431193454016270       0.45005863374070676        8.1739415145209063E-002   1.8466773829709130E-002   6.6591417475503397E-003   1.0827119318958587E-002   5.2919152927378754E-002  0.30688939500427920       0.91185109878383563       0.99034443409362172       0.99869368260754809       0.99923286702844549       0.99800770822243079       0.99465730649674289       0.98995186680470160       0.98815757393714820       0.98859221981578216       0.99036823938013341       0.98480953360960521       0.94353657070293118       0.79140660531380547       0.29802626446700281       0.11189771627081398        3.0423925937630988E-002   8.2055949701468293E-003   2.0520352216158002E-003   5.2980728156929878E-004   2.2773601685808335E-004   3.5144875031266679E-004   1.9695560747355857E-003   1.6492240970194548E-002  0.14257384409599477       0.88504269804036673       0.98816309670333524       0.99880912014364054       0.99987877871672703       0.99997956180076686       0.99993989819605000       0.99956174959371646       0.99677694912651982       0.97729772733112807       0.85880104276660152       0.45926755460928032       0.16231822337593704        6.7344252248856221E-002   1.3477480265141480E-002   2.2114730259064439E-003   6.1927801943916460E-004   1.6416831595394013E-003   6.4230147612915640E-003   1.0781224017797434E-002   1.2250553634426668E-002   1.2371985706095405E-002   1.1754219991312983E-002   9.7896151358136240E-003   5.6643643790138185E-003   3.5185031438876666E-003   5.2494372400554616E-003   1.2615629024298816E-002   2.8287856294090113E-002   6.7303042288630585E-002   5.8117878765234512E-002   1.6471097581806510E-002   4.3977110666137235E-003   1.7653502135149036E-003
   9.9959453607280351E-003   1.4701566542069730E-002   4.4233896711511095E-002  0.19840230611355333       0.70546447042052940       0.88876101010899655       0.96980522250298662       0.98997738624334974       0.97981466659308247       0.85015858712698888       0.11657261940351815        1.4266552302572639E-002   1.7099541125150719E-002  0.13547153429000702       0.85294136786257457       0.98271744408312089       0.99764682581434494       0.99673343112583634       0.97446037850350931       0.80158134433117334       0.18829808697553957        2.3899474691165930E-002   2.8519473496392187E-003   1.4657181674499764E-003   1.1682521740618824E-002  0.11395641507747695       0.85684515839455211       0.97237844714220956       0.90606037438125042       0.31675102664100219        7.7177963445976633E-002   2.4324205361262331E-002   1.6753317351188231E-002   3.1828790402048689E-002  0.16756518634031367       0.89058783746915693       0.98875363362520408       0.99884711289730510       0.99972500792062013       0.99858681121917481       0.98745679382988938       0.88725625165626720       0.19402440782434285        3.0270312566366989E-002   6.8364099718200046E-003   2.2898574391345437E-002  0.18249537347215336       0.89676135874623641       0.98964399125496016       0.99897546158969719       0.99988700127853614       0.99993329496304040       0.99958856711089761       0.99650548876532374       0.96998646870639260       0.76776965163295252       0.15603730385442807        3.8285311658599983E-002   4.9209094991198361E-002  0.23671317615787235       0.90157198739842803       0.98857732387514019       0.98908526612356085       0.90491285548083134       0.23858151655280269        4.3384176871877553E-002   1.2951458448690039E-002   3.8604926341395803E-003   3.1050000542926035E-003   1.7610691122584801E-002  0.13963487835368485       0.84926924582887098       0.97902959991583227       0.99514377034762702       0.99422150299805301       0.98276052303895356       0.95028164700043671       0.90123159460118074       0.88564890254040407       0.89295249341806315       0.93214991498144895       0.98577676081915100       0.99069060932213515       0.97100644626364574       0.89389973343431839       0.72009838420933980       0.21895216453647087        6.2381136006211570E-002   1.5413521874605290E-002   4.0203830023704005E-003   1.8283312884824635E-003   1.8996271091722666E-003   5.5482890396696656E-003   3.5160663693299274E-002  0.25151081314831514       0.90757829790364708       0.99065329220458853       0.99906801939715162       0.99990322579308089       0.99996168886567693       0.99976902802621148       0.99817717820203611       0.98564158971276028       0.88968325460006559       0.32906105048632861        8.0827748388509729E-002   2.2153268804604432E-002   7.9413698014254071E-003   1.8805760333096184E-003   3.6218626645993595E-004   1.0386835235501985E-004   2.1218939245711940E-004   6.7526039340468330E-004   1.0921416003122440E-003   1.2416066343710703E-003   1.2479197304082414E-003   1.1729960425146467E-003   9.6793837967598184E-004   5.9234803693458541E-004   4.1619554226953067E-004   7.3339195799705648E-004   2.2557258140996771E-003   7.7072302846327686E-003   2.4822024349611987E-002   4.5036492438360533E-002   3.1780746794719324E-002   1.7748171531959522E-002   1.2150864418718876E-002
   9.6214318369730156E-002  0.12178081855009389       0.27067108330039802       0.78760129742462726       0.95125169531696829       0.98573712332422314       0.99575759783422912       0.99530396374549734       0.96706327999024788       0.73915558680527382        9.1986644071369625E-002   1.0436075958688935E-002   9.9115782148643892E-003   8.5269123756650356E-002  0.68804693225828006       0.96099524824437088       0.99480810783580209       0.99120995412732926       0.91886210729898909       0.32905270484231958        5.0263581507974366E-002   6.5669406124176707E-003   9.1383699780392142E-004   1.1018077757559870E-003   1.0099246237706815E-002  0.10021893117286201       0.80000101352991426       0.95540509162984910       0.85407100942234548       0.14983241438761766        2.2337391089755194E-002   4.8271030808668793E-003   3.6658919342583596E-003   1.6630441477740718E-002  0.13527188200918699       0.88311900976638047       0.98793691729204336       0.99877428832608139       0.99979354443430124       0.99926923837398318       0.99371977579717952       0.94487400147331380       0.57051713504197554       0.13484845176590843        2.0791990156485494E-002   1.8676984369430494E-002  0.14110984259794448       0.88353878404280717       0.98780041212516634       0.99870615548721575       0.99981240093334889       0.99987891252735051       0.99975116347204762       0.99876817406455587       0.99079068986448793       0.92892220705796580       0.54845070729728485       0.22555679800455580       0.26496917648489149       0.72419754946964254       0.96216070639248230       0.99455598332761463       0.99188706054533582       0.92935084475827823       0.42364226773280828       0.15949208508516377        8.7221319723173082E-002   2.3225695364313740E-002   4.9590226144694506E-003   9.2481492503790081E-003   8.0586757778526613E-002  0.64401711661764627       0.92189618283554098       0.96975715800539097       0.95407676392158647       0.85939998606168699       0.59311423596749402       0.21601535671769731       0.14440262721518335       0.17877202163263345       0.44914315479175748       0.93193098130824148       0.99184403030894497       0.99560258558075798       0.98675642532802332       0.95740367695588380       0.83002351942395858       0.40611245191774936       0.11065886782595093        3.0462786899043737E-002   1.5868440100708963E-002   1.5209741357739387E-002   2.8052010311525034E-002  0.12724338353104050       0.71086437552809434       0.96327514824264993       0.99587467873343949       0.99954921441782774       0.99993866360125161       0.99989137778349879       0.99917315344346125       0.99344996932436702       0.94982257140743431       0.66735773285958722       0.10693966112393656        1.6661463333399632E-002   3.3791100343771585E-003   9.8686620071275575E-004   2.5067178944621397E-004   5.4914246003502213E-005   1.8201013346178991E-005   3.1182985850314721E-005   7.9971920324360256E-005   1.2213563256721825E-004   1.3607186729118533E-004   1.3245792888302380E-004   1.1973013670298339E-004   9.7857020754588120E-005   7.2102259776161311E-005   1.3016857451833737E-004   7.2192460973124063E-004   4.8094038775739209E-003   2.9683134957460743E-002  0.13852252465664955       0.30766537426659335       0.23728890209841499       0.14841360061780934       0.11417353976527243     
  0.76973018532803505       0.81496829229003553       0.89549004731263193       0.97043135054141849       0.99307604452022702       0.99807447573660713       0.99862783927069954       0.99108935665130771       0.91313578063148848       0.28467351794094453        3.5847028692346329E-002   4.4432913147440184E-003   4.0331040499935059E-003   3.1693026240988520E-002  0.25259268619092379       0.90708977341646602       0.98900235160564842       0.98617210322627680       0.88223164863856374       0.15468727323415882        1.8969501444506254E-002   2.2808492523821501E-003   3.8323546092257989E-004   9.8659308415363135E-004   8.7760888678231706E-003   8.3454955239168183E-002  0.68288006084864949       0.94027006227631227       0.86220605940692929       0.19517306020987318        3.4596365632902276E-002   8.4124020449398221E-003   6.1423130801586037E-003   2.4767682445962565E-002  0.16851420394273015       0.89167011382180961       0.98894381406298193       0.99889014506254259       0.99986025531437250       0.99976638569338172       0.99828040097614723       0.98719433202785123       0.91430102164922467       0.61606862632601822        7.7846882115768234E-002   2.1767663508639640E-002  0.12256274491932892       0.85603443403587953       0.98234849945507430       0.99754817575025800       0.99922060630894494       0.99904003515889839       0.99880234463252671       0.99849400981949565       0.99688568106143494       0.98711934321883321       0.94297391274969089       0.90175912497174637       0.90796142894537135       0.96187969283823627       0.99162428591369467       0.99751348217506586       0.99717762033771229       0.98622850468546164       0.92500620245342557       0.85883362337288827       0.67788585973486237       0.16652256020011555        2.2559981116855737E-002   5.2137271428709785E-003   2.0937422765391775E-002  0.14787061887404443       0.59243329993086391       0.78270535802660801       0.67084794706598594       0.22278430844188327        8.3610735775659653E-002   2.7917260826880501E-002   1.7776667997107962E-002   3.3497623042552896E-002  0.17445350946635005       0.88937923392356588       0.98825939926884465       0.99833784027479733       0.99822380669625976       0.99408447791446730       0.97499228145047612       0.89302838334428858       0.61207724344227088       0.21788358918664658       0.13820116191725829       0.13249816837315190       0.17660640928866647       0.43558032367103477       0.90807674209651568       0.98835431197024393       0.99859959337250548       0.99982836234445638       0.99993087308381312       0.99962379965259918       0.99701456662809662       0.97581699786084575       0.81711685034951076       0.19660788562649112        2.7490780230776508E-002   3.8100144182930361E-003   6.1963465059381557E-004   1.4007503544612743E-004   3.6471375485277741E-005   1.4913903883706660E-005   2.1735181535532952E-005   4.8569613046996999E-005   9.4760052112496468E-005   1.1908268857920082E-004   1.1377584536156078E-004   7.9764733259673104E-005   3.7326866620259802E-005   1.9727399696549471E-005   3.8104240719492333E-005   2.7566952305837974E-004   2.3744719827259370E-003   2.0047799902096888E-002  0.15564824960778983       0.74508746137324722       0.90096089284674574       0.90455610435668843       0.88026745703786380       0.84215020965137921     
  0.97109487153276430       0.97680152325156477       0.98785427704770024       0.99624836598268773       0.99904799133420741       0.99963767274843818       0.99875999041790309       0.98836714723119268       0.88721243008796946       0.15099920836319966        1.7579531632635908E-002   2.1613029376635552E-003   2.0065858434122376E-003   1.6191996307606409E-002  0.14153244337159193       0.87709653684536970       0.98267120932253327       0.97620162680722167       0.83480083138199834       0.11355218590207394        1.2082335753519720E-002   1.3249488621291177E-003   4.5045732784038762E-004   2.0792774764467397E-003   1.5133986001191325E-002  0.12053368353368445       0.79763088010260896       0.96604693593436075       0.94121887380324853       0.61688861460562083       0.17780169837288143        5.6368310574614236E-002   3.7502910752506044E-002   9.6589317973454797E-002  0.38618451037722323       0.92645896949092155       0.99248741179547262       0.99923289106198243       0.99990906689219994       0.99993119896428961       0.99956819210587600       0.99686788204803289       0.97744228741781014       0.84084412262662378       0.12736384830336347        2.4010580504170997E-002   9.0552101422584796E-002  0.70978198680588922       0.95029507900630272       0.98971806730702272       0.99403004081111523       0.99050890749896370       0.98834275753512157       0.98757108362316182       0.98710110472541635       0.98566552431281318       0.98093838099260366       0.97675898250386251       0.97728383378265937       0.98241637021842954       0.98611948823155149       0.98860860309906384       0.99262537866434886       0.99558242023950094       0.99081088578712251       0.98063895794808564       0.93273997376580708       0.65252823525572023        7.7630340899546818E-002   8.3416818749481713E-003   4.3036877333637166E-003   1.9752500564447360E-002   6.9850140831410931E-002   9.6336987909044325E-002   7.9360043775582451E-002   2.8031140088302681E-002   9.8445087285325954E-003   3.4300222132895419E-003   3.0412636041995669E-003   1.4365192489508837E-002  0.12269036862606782       0.86314690532104865       0.98462848997597574       0.99827341667072578       0.99960738125751492       0.99917853583264049       0.99662105561620085       0.98610377600534471       0.95203581719410202       0.90158126349570766       0.88419356032157836       0.88245031009702180       0.89327311014810917       0.93201146016959635       0.98552370913956089       0.99768624087469904       0.99966054359686451       0.99991308784880362       0.99977839604209695       0.99860624871632209       0.98950289723371021       0.91463215685609456       0.38343796060723417        5.6960814954642766E-002   7.4166489473426328E-003   9.7022445462867314E-004   1.3918752179028547E-004   3.1323381684507139E-005   2.6795081119600830E-005   6.2980779013453825E-005   1.7467864329057922E-004   4.2636280980323500E-004   8.8172650530321561E-004   1.0920497084508248E-003   1.0227064789055280E-003   6.6142318447877510E-004   2.2145166304763031E-004   5.9203064068453202E-005   6.6342685516599184E-005   5.4246537867250894E-004   5.2458303018869676E-003   4.9930582731286498E-002  0.41806352506455025       0.91288632679205628       0.98322479205735702       0.98959485872209152       0.98700658596767399       0.98116714931614968     
  0.99613198973044792       0.99667321617458848       0.99829439986731194       0.99941625689310065       0.99983015482296511       0.99983468259222086       0.99876139405614972       0.98791177729805169       0.88334946846837104       0.13739341718282477        1.5525968064058208E-002   1.8474845094789119E-003   1.4110594959879769E-003   1.1635111581605316E-002  0.10960928969309842       0.81489655870360722       0.95394962933339844       0.92171116636500938       0.62261275516179537        7.4777040360939198E-002   7.7074883648954214E-003   1.0467165661296803E-003   1.6181287353274202E-003   8.6870637260922298E-003   5.0135628238757092E-002  0.28221307518726368       0.89593278742903226       0.98596514824404813       0.98781019095583167       0.94131156089739021       0.80553589042643148       0.39274324570588831       0.26885312900686642       0.53469592143673617       0.87546233649764227       0.98195383387902035       0.99765612369970591       0.99963506166579075       0.99990383482186806       0.99995656956513501       0.99984616708879570       0.99874257849155867       0.98880883184260604       0.89750651717026297       0.22188350658755546        3.1001827763791765E-002   3.0276547030825444E-002  0.20183979312290734       0.76817367736476327       0.93347444263281332       0.94773725197475345       0.90595745552965479       0.88610655100536484       0.88033999490528581       0.87888379795960891       0.87813880988927961       0.87695729612509254       0.87583621736462536       0.87534662784199879       0.87580176233526741       0.87882087396719322       0.89246228334147359       0.93266428424191905       0.97903573214124084       0.99324972016424318       0.99319533373921953       0.97029058822058412       0.79791551908702929        9.9562759202411935E-002   1.0061956690339918E-002   1.5083877542205518E-003   2.4863585245944553E-003   7.1648393520392139E-003   9.7089131336130109E-003   8.0228408896987520E-003   3.2331310072911388E-003   1.1618933203801540E-003   4.9021245542680268E-004   1.1753276562218632E-003   1.0026234133312585E-002   9.7375550656365009E-002  0.77520821570791210       0.97237975317690628       0.99691563908888925       0.99963883256542818       0.99985707348401609       0.99955820056866351       0.99832397373831483       0.99480407252651215       0.99001942308025392       0.98809196996497106       0.98787743160136088       0.98911546875623624       0.99297631761350569       0.99809684128532561       0.99959816582702066       0.99984073742662305       0.99969998589268072       0.99885180390042516       0.99411517939110183       0.96447744159922810       0.78007679399772867       0.13798978186674821        1.7663363982625243E-002   2.1949303869180522E-003   2.7895117601034881E-004   5.2850745307199363E-005   6.7199153774561340E-005   1.8690880578003689E-004   5.3031999112200696E-004   1.5555382494920340E-003   3.9417035632305581E-003   8.9187578919604667E-003   1.1044065642653601E-002   1.0332638848001990E-002   6.4696115945684831E-003   1.8192033820217497E-003   3.7625901610570611E-004   1.1277054879184688E-004   4.7734798190205238E-004   4.4301258147533690E-003   4.0839369212854824E-002  0.33349688263666893       0.90263329255977143       0.98759020861311164       0.99764041340882204       0.99840242070320651       0.99762129709004921     
  0.99411873994023980       0.99346662106676342       0.99700581236633845       0.99891866675631102       0.99972146195820188       0.99983982960228679       0.99893808033093812       0.98953823891262582       0.89744194662574017       0.19681357624604479        2.5239393957191717E-002   3.1338128578243620E-003   1.0856623122433300E-003   6.7480151354700219E-003   6.2029635399913741E-002  0.49336126040152128       0.75859580916538860       0.62590975682138683       0.15109753034377105        2.0473091976825605E-002   2.6835867243246601E-003   1.7622477084492721E-003   8.8449374950489885E-003   4.7994087978158399E-002  0.23989102304328358       0.80511341928731861       0.97239601922874164       0.99613905268450309       0.99790318418715040       0.99248375529004040       0.97552616388276858       0.92905100203278645       0.91237279177331354       0.94438028114181416       0.98326601398352254       0.99612445654939741       0.99843698896993638       0.99891348175318229       0.99938184295317412       0.99981229363689927       0.99989733782236156       0.99941177127419600       0.99464533252020637       0.95099195721397034       0.60181599766953064        7.2330247606314541E-002   1.3079337496722781E-002   3.6836896948287276E-002  0.17769722385134715       0.56566321329449876       0.58148143529957397       0.23757257766194226       0.14351279366086969       0.12603891638137121       0.12296592717255064       0.12226012522383944       0.12177637929090074       0.12130419721866124       0.12095475715101170       0.12155042417792603       0.12888501341968886       0.17791672622570390       0.43638364012924297       0.83694647838504199       0.95642100180824641       0.97395548387390862       0.93311355886903602       0.65995415396985091        7.8556907039845997E-002   7.9393300719480305E-003   9.9880598191668876E-004   8.5365338289273109E-004   1.6872660750483375E-003   2.0841795586790815E-003   1.8185695759004715E-003   9.8134303505919727E-004   3.2188891832615703E-004   1.4272978246278881E-004   5.7937007670275716E-004   5.2468352204889752E-003   4.8607062026428463E-002  0.39796829424980812       0.92947900154825280       0.99290768636132654       0.99929148247303978       0.99991485851922668       0.99993675344279720       0.99980288350828761       0.99944935591282824       0.99900354890703502       0.99880383791334126       0.99877779975618097       0.99890302062480396       0.99926118684395027       0.99969272949128885       0.99967452038419868       0.99915342994312872       0.99778382693837642       0.99245382876744304       0.96660584504264468       0.82923258980186176       0.28685541283441607        4.1371841810304608E-002   5.2885255188521415E-003   6.6554220642177765E-004   1.0883959435746961E-004   1.3783732215351852E-004   5.1159298970196161E-004   1.5902220057732767E-003   4.4867183675005445E-003   1.3722993470123283E-002   3.5370270644470000E-002   8.8930362474883382E-002  0.10916074081797499       0.10236559357920980        6.2212633480459793E-002   1.3853911325518822E-002   2.3151887815588308E-003   3.6372416288090847E-004   2.5896462342978375E-004   1.8843048840559054E-003   1.6188813866349690E-002  0.13156855928473130       0.75230572164683818       0.96627643048226486       0.99565814093849969       0.99893781112191227       0.99789257295709377     
  0.94759335021897639       0.93894218128941520       0.97521125015515375       0.99148775921498700       0.99820968669882337       0.99963729644188282       0.99932477334947445       0.99388834940651805       0.94170048297248621       0.51387342196853392        7.5106891916846288E-002   9.4557731325929165E-003   1.3768241258887361E-003   1.7533132881176643E-003   1.1212138783943388E-002   6.0075655875252716E-002   9.3024830660507291E-002   7.4089411027077542E-002   2.0494535201136845E-002   3.7356658356463950E-003   1.6398381830182787E-003   7.8930577286948876E-003   5.0164577295901250E-002  0.25655246121169201       0.80338815073367986       0.96404740331242689       0.99446894228860105       0.99916192173236018       0.99966325658318789       0.99908095563411581       0.99721328519872710       0.99287119328842510       0.99116303763992286       0.99349013277084386       0.99507604432402397       0.99115730611202224       0.98891341433247582       0.98978764193556579       0.99425341728599903       0.99860533837603394       0.99972163769933642       0.99970116023424327       0.99764530392017869       0.97910703189389225       0.82578009230168914       0.10761295677824968        1.2042651702807727E-002   6.4204482710338746E-003   2.2941932875021047E-002   6.5951934810470611E-002   6.7552406858180300E-002   2.9296011410948803E-002   1.6329286359111184E-002   1.3471124827969756E-002   1.2920371320467045E-002   1.2792275129234745E-002   1.2716331245910560E-002   1.2644229625914662E-002   1.2589468722214605E-002   1.2711014243907753E-002   1.4088285931008939E-002   2.2721008522555930E-002   6.7128533131834880E-002  0.23052634701869132       0.70907767845527914       0.81443297027338102       0.67499626781880984       0.16994455098010816        2.2819366167293555E-002   2.9126442627034929E-003   1.4386959972707196E-003   4.7297541025473500E-003   9.8200987753238617E-003   1.1533623034021031E-002   1.0458907737512638E-002   6.1074886358307634E-003   1.4909121041378353E-003   3.0431642019786002E-004   3.6497794726817406E-004   2.8892459323679159E-003   2.5227578559749320E-002  0.20391037013802665       0.90126212654309334       0.99015563131558482       0.99902929736533708       0.99989307913587422       0.99997171633958104       0.99996427432205104       0.99992970617129029       0.99988689827642008       0.99986167201749176       0.99984120790622466       0.99980423580471756       0.99972222753731210       0.99933921841392315       0.99766915260915423       0.99260053000433801       0.98221642330396108       0.94674911873998657       0.80070868414811258       0.29646269911143897        5.9738890502872892E-002   9.2363419480792856E-003   1.3031135445309803E-003   2.0067089645962991E-004   1.8439373196150858E-004   8.9450748636593982E-004   4.1086263008692780E-003   1.3603848138763541E-002   3.7054664271545440E-002  0.11693069223864423       0.28207195702115007       0.73175891828765061       0.84108015115008672       0.80664506047758999       0.51566069037510831        8.6931648502008352E-002   1.1430341696912368E-002   1.4213683795849946E-003   2.3845172465285493E-004   5.9575485893106136E-004   4.6393162289166895E-003   3.6070469205467019E-002  0.25188335903064302       0.89346656963951965       0.98728976277635971       0.99602870970799762       0.98600100162649440     
  0.56564442432252227       0.47878346155806317       0.80323240458485246       0.93227323354205527       0.98872935498761882       0.99844064653020281       0.99956298904124730       0.99779053461775502       0.98106634455913511       0.84846118162403550       0.23131926222957941        3.2212478282602701E-002   4.0790133733962343E-003   7.7613703660024300E-004   1.6288533343730295E-003   6.3107016086055602E-003   9.3256873520400074E-003   7.4790823118990810E-003   2.5247710029667782E-003   1.0997634496226537E-003   4.7396571794243846E-003   3.6420549523923540E-002  0.25143228392825417       0.81007462479042280       0.96491712384514661       0.99390367245938838       0.99900558610898149       0.99983964945194115       0.99994723824411136       0.99988773794170716       0.99967425078034278       0.99915846603268421       0.99823985841103602       0.99412258789286345       0.97460998941794419       0.91689197552589574       0.89188855152777091       0.89980910390671587       0.94711360852851967       0.99028010815187628       0.99859110001452256       0.99966372493376565       0.99849865118118142       0.98598724954699291       0.87080748706301281       0.12027620006963634        1.2764730881988866E-002   2.0130115259843341E-003   2.7936946125958801E-003   6.6779134625799411E-003   6.8279222024523311E-003   3.3598575505803048E-003   1.9017265566708685E-003   1.5121100248467894E-003   1.4018555062984596E-003   1.3448160300255994E-003   1.3200495846382623E-003   1.3131444593493088E-003   1.3114860285685691E-003   1.3200242706740844E-003   1.5253322177027271E-003   2.7785095449570588E-003   8.6158734878250213E-003   2.9572090135972111E-002   8.5515730310064611E-002  0.10321645200326171        8.0969000350523554E-002   2.3051262699033591E-002   4.2027483366330358E-003   1.7254179740199892E-003   7.7350873506523265E-003   4.1135792988091280E-002   9.5957229058311513E-002  0.11204680834027429       0.10211850146368154        5.6830801083017489E-002   1.0442684236345022E-002   1.5348364366975409E-003   5.8841453198944771E-004   3.6488204680472213E-003   3.2404017285354317E-002  0.26049523677163827       0.91045307155403554       0.99102864942370417       0.99904181512979973       0.99980286980103650       0.99986764129989869       0.99987084428724282       0.99986760275460540       0.99985613528695738       0.99981381458645902       0.99965594993749740       0.99918773535669336       0.99825718391855289       0.99495106411359191       0.98052640095308874       0.93389456936397974       0.85763714159080073       0.65056298464086637       0.19111768141711830        4.7643306434025007E-002   9.7752733706530700E-003   1.7067502720458203E-003   2.8455685919039249E-004   1.5936853078378391E-004   8.5555514771164254E-004   5.6195728362310373E-003   3.1672587720628073E-002  0.11405104316234815       0.27443919173779441       0.75584216705490381       0.89698426230158423       0.96493213722167681       0.98038878309445354       0.96899560960796427       0.86176626694287284       0.25564333668033051        3.2391161822065764E-002   3.6677348395471954E-003   4.2501997095407490E-004   2.4502311765036268E-004   1.7017715292050560E-003   1.4536115863566811E-002  0.12480239364387771       0.83199128418148927       0.97737795155871898       0.98471162586705252       0.91074270122827627     
  0.14513813008753226        7.2919836924008150E-002  0.16559568156257559       0.55393684851544778       0.94554186240923466       0.99422397840243326       0.99932509102320977       0.99930520737647732       0.99491278625512924       0.96094175037494645       0.73651395286036336       0.11622584860049867        1.3858885001337714E-002   1.6323482982072660E-003   3.7892481759029808E-004   6.6945975769379309E-004   9.2583662166886274E-004   7.6783181999438984E-004   4.8426415277095684E-004   1.8582266111282185E-003   1.5522537807960956E-002  0.12834572797775717       0.76477234459546795       0.96093180510427723       0.99365289070082485       0.99894540575867097       0.99982581777691060       0.99997055176899163       0.99999000000000005       0.99997627623348706       0.99987908102386680       0.99923666255479759       0.99473495930923705       0.96480192069006698       0.80783358733500032       0.31086969625163813       0.16669787042251052       0.20995697112043568       0.57921924788694479       0.94711445635093150       0.99423933467502723       0.99925768829847617       0.99864048129833605       0.98726800749239363       0.87820095074893845       0.12309573641623191        1.2996826995261784E-002   1.4365194185231357E-003   4.6896985870081430E-004   8.1423771034559646E-004   1.1335391224167955E-003   1.2973574882911760E-003   1.3343960770474562E-003   1.2302177989957079E-003   9.2737280602613167E-004   5.1644521654004645E-004   3.7672282846784431E-004   4.0585745350374815E-004   4.6069014800583435E-004   3.2545786810686842E-004   2.3014684774320002E-004   3.5372727813987341E-004   1.0596910425838132E-003   3.3857286725961886E-003   8.5907651767735630E-003   1.0397140719457977E-002   8.1716422681640949E-003   2.8117656660383368E-003   1.1202370283150613E-003   4.8159507025371208E-003   4.1312660616779052E-002  0.31416950931561100       0.76622691572403678       0.84944279536926615       0.80070207017268447       0.45893168465210915        5.7637656770549356E-002   6.3391477960863304E-003   1.4494785300828805E-003   7.9073510907919451E-003   7.8059267010475553E-002  0.65914553587833014       0.95783542759531415       0.99504880669579787       0.99870314725144838       0.99883583912331420       0.99876514931698368       0.99874401232575127       0.99874052915678102       0.99868673731513513       0.99837447746826613       0.99700111445557094       0.99246954436449630       0.98511512317921479       0.96136651472481682       0.84828515126945780       0.48024249059781232       0.17225930444912280        8.4558277851421795E-002   2.4994552517704795E-002   6.4431019318303695E-003   1.4406528184821507E-003   2.8586901090689985E-004   9.8612543259819180E-005   4.2219020085209171E-004   3.4727276629710935E-003   2.8620878564369685E-002  0.21187578359742298       0.74290113520069767       0.89290490944588785       0.96659267403350357       0.98762104826459562       0.99566320467252967       0.99710283571647929       0.99019029400329905       0.92220757154781952       0.38275167752340938        4.6071410985638522E-002   4.9054923512806175E-003   5.3066118672638618E-004   2.2853243701481245E-004   1.5709453126332277E-003   1.4084816288261366E-002  0.12474273880644021       0.83605727733447888       0.97515916467979724       0.95944780188000034       0.70127316907302994     
  0.10239028187651653        2.4115271831138783E-002   4.8655286382369198E-002  0.26686264875570520       0.91133365948387990       0.99113250006485121       0.99909463045387203       0.99970596237282228       0.99842480992628768       0.98740691196648500       0.89703074205711864       0.29943278267747475        3.7572733384817036E-002   4.1893183607384149E-003   4.7722545129078145E-004   1.1589263469343932E-004   1.0246685708135934E-004   1.2981042435921615E-004   5.3899375023747054E-004   4.6889561250386177E-003   4.2222583164585943E-002  0.33733373889381596       0.90700979130991777       0.98851949590034449       0.99848451644365632       0.99978223962801827       0.99996616484731426       0.99999000000000005       0.99999000000000005       0.99996283621679871       0.99967863746276187       0.99716948379039294       0.97576332927651377       0.81373599648416750       0.23804402828908436        5.3241666209518465E-002   2.2801879892950593E-002   4.0854661397750881E-002  0.21064639313328617       0.89997641668229278       0.98980527387178940       0.99884866582305554       0.99861828881509962       0.98736607162934786       0.87868328782149852       0.12277466885147706        1.2894866991302446E-002   1.3675817793327547E-003   3.7709537885437564E-004   1.1396688836560827E-003   4.2143539081634668E-003   9.4741273638452618E-003   1.1462887663989453E-002   1.0950215644193300E-002   8.0017140281443497E-003   3.5384759539946091E-003   2.1835218158130685E-003   2.4195111580582267E-003   2.9026995994581813E-003   1.5309563625112463E-003   4.5241545484129252E-004   1.3410837732473602E-004   1.4330770259472563E-004   3.7776126114006335E-004   8.5341400538570646E-004   1.0295587569742679E-003   8.2487254947186735E-004   4.1715842208821545E-004   1.0835245263710984E-003   9.9588827092311344E-003   9.7269601805695549E-002  0.77032166782541589       0.95594934371145968       0.97989199202987698       0.96280823384611336       0.80834328272102074       0.10861548778216303        1.1639863022974085E-002   2.2784785359017470E-003   1.0849395361249457E-002  0.10602218432678358       0.82663035523156325       0.97739148961958988       0.99416876673984900       0.99155695435322300       0.98877538167312540       0.98775007164322870       0.98752903447846219       0.98750411246057290       0.98715426616980217       0.98490129138242544       0.97345026620265385       0.92890163930328706       0.87310256872675396       0.73795786198524116       0.24651849071595866        7.3920459664028534E-002   2.2499830601875166E-002   9.3973284331789562E-003   2.9793820114736710E-003   8.2234973009499672E-004   2.0051660182802332E-004   5.3369796188929053E-005   1.0331189106516560E-004   8.6403698457019750E-004   8.1430780990610595E-003   7.8216019148579258E-002  0.64672439780858837       0.92528081800616924       0.97237408901163547       0.98634696709401193       0.99476101648851134       0.99839904102791988       0.99857393065847289       0.98988669467036083       0.90130490446640432       0.20790603539746547        2.5672320774813177E-002   2.9185416182464074E-003   3.6417230095986191E-004   4.1434219905628876E-004   3.4323464731870305E-003   3.0244225677030025E-002  0.24037331854499636       0.89252790780059688       0.98309960229633953       0.95813409833018770       0.67461894547509926     
  0.24382134344379677        7.0164976379904001E-002   9.8374688599994112E-002  0.41568232485949680       0.93094832610957112       0.99296872510128187       0.99921417281031133       0.99967337721140803       0.99904681045495924       0.99503044693209908       0.96488122409795440       0.74060248287993435        9.0547849008566050E-002   9.1202869182773535E-003   9.1066359460865076E-004   9.9107542596641579E-005   2.9654911356034080E-005   1.1547025066361762E-004   1.0332363309592345E-003   1.0035638709117896E-002   9.7132657427337787E-002  0.76642495544945100       0.96986290601488145       0.99638559129135407       0.99955918783529663       0.99994339076556549       0.99999000000000005       0.99999000000000005       0.99998998279118900       0.99991617152608114       0.99917901396717590       0.99183884522162835       0.91942023199083334       0.32859989489986963        5.5308859440442171E-002   1.0021671915134169E-002   5.4524849308059432E-003   2.3164329128435766E-002  0.16963732665516076       0.89271381277787165       0.98908540635137743       0.99877764835581706       0.99858024503922582       0.98715629027850760       0.87749536215183777       0.12171378702931142        1.2726497625061454E-002   1.4787982621864166E-003   1.3923919173157442E-003   7.5974954518424143E-003   3.6125408278659517E-002   9.3131445521983783E-002  0.11222847385633655       0.10800641252646173        7.9691878463174687E-002   3.1557110891113710E-002   1.9027686225610570E-002   2.0662744111213133E-002   2.4384361457694615E-002   1.1409565186299448E-002   2.6523377253180251E-003   4.7775209832538062E-004   8.8628934276070644E-005   5.1608039472385034E-005   8.6812785546769582E-005   1.0370611187286796E-004   9.4367286218596946E-005   1.5870652430526622E-004   1.2287221281039272E-003   1.2063315855245657E-002  0.11665363664299790       0.86238454667472364       0.98305738799926956       0.99552514024926952       0.98538843156044698       0.87828276155909024       0.14766461937412056        1.7220628487237266E-002   2.9775699092482190E-003   1.0902108725289768E-002  0.10503786219471151       0.81644999547132591       0.96166579661051821       0.96623557472031774       0.91815854238468297       0.88993951131056270       0.88132727068816374       0.87960765652185058       0.87945710435363167       0.87754491206953855       0.86410066860672796       0.78482269257471815       0.41583336026333523       0.16938095348055282        9.7770453665371987E-002   3.2396388011733605E-002   9.4623662712577800E-003   2.8043097805425187E-003   1.0561080499313503E-003   3.4822088150852107E-004   1.0202105736110930E-004   2.8193519719506522E-005   1.7065548641525376E-005   9.1254089613648442E-005   7.8232518618354032E-004   7.1158337088237048E-003   6.6116939459647056E-002  0.53825308838461849       0.82073524983818347       0.87587767699434593       0.90714490421633465       0.96685415585998968       0.99229322335298731       0.99738732174095901       0.98829084964291569       0.88756330569457387       0.14616475134590065        1.6861156958299896E-002   1.8905857109018476E-003   3.0387266085170014E-004   9.3989711594542804E-004   8.9656748487636564E-003   8.7154163125069073E-002  0.70783113650321727       0.96129429020215862       0.99331469840036102       0.98218770061113969       0.86230111420211186     
  0.80424301777973362       0.41170224080188395       0.49021630108417097       0.86841875340521713       0.98135191710765690       0.99745849215420257       0.99904878373127204       0.99817128460433246       0.99544189070958888       0.98865202074036951       0.96694755805842814       0.81263466696412789       0.10362576646438923        1.0506066979671640E-002   1.0489327646295349E-003   1.0806189317272768E-004   2.9082157695988423E-005   1.6065374654150824E-004   1.4612618474134263E-003   1.3579275687308599E-002  0.12456312121030211       0.86497654336638707       0.98483446616562365       0.99833270743653257       0.99981384770401904       0.99997790251476970       0.99999000000000005       0.99999000000000005       0.99998684169442087       0.99988369729455440       0.99886829435729707       0.98881798942386356       0.89097956645451293       0.16567738987280772        2.2528884319801844E-002   5.3573182588173406E-003   9.8428341686980243E-003   5.3942957250036179E-002  0.32193555343219238       0.91872001187068264       0.99178834646690262       0.99902863265045949       0.99847011275391373       0.98623311594855823       0.87226104475775745       0.11927776861729049        1.2451658442299972E-002   2.0710077452184084E-003   6.5617197222464872E-003   4.6665905863547609E-002  0.27561586059962079       0.75117821447833433       0.85104222982718181       0.83505957545392351       0.67097909570212888       0.25411968652786254       0.15964292002347924       0.16859277200288250       0.18912040161713886        7.9697364025911058E-002   1.3902794452296250E-002   1.9606898096468520E-003   2.5513750063995067E-004   3.5950855103394058E-005   1.2789515636860052E-005   1.2665209087505876E-005   2.1704986734819430E-005   1.3382598595050561E-004   1.2811171880443434E-003   1.2613780111052511E-002  0.12110724749440073       0.87614240477448357       0.98670276690032510       0.99761588243063348       0.99083953914916600       0.91242054965203712       0.28334463987012171        3.5359127389537968E-002   4.6680210794713978E-003   7.6116072192436435E-003   6.8798305450803537E-002  0.56189325633318410       0.80162710343502863       0.74103458598601990       0.31607767665036973       0.15837704157309929       0.12863752139728951       0.12406718336470568       0.12388756495009663       0.12305780816598755       0.11764877198011753        9.8956561985702268E-002   5.0519466170722893E-002   2.0390847222496289E-002   1.0577885645726334E-002   3.8213760373647814E-003   1.1768684252692839E-003   3.5232900061700983E-004   1.2327249178515159E-004   4.1309886061009192E-005   1.3704791720184361E-005   1.0000000000000001E-005   1.0000000000000001E-005   4.4186315406638578E-005   2.9530138213884014E-004   1.9907028883008539E-003   1.2956998744701947E-002   6.8891911983517795E-002  0.11126616211080798       0.14093895259888731       0.26003529860819835       0.74901120824955991       0.95000559724144051       0.99021478165434873       0.98717466963743572       0.88842529719185148       0.15203494837384574        1.7717253111818414E-002   1.9965178307920460E-003   3.7959276057229822E-004   1.5119398842657549E-003   1.3846383957136246E-002  0.12577741781270627       0.85500932186438305       0.98298738522132412       0.99744674069428896       0.99509108400490276       0.96694015120417753     
  0.97426755289282041       0.93093531665810125       0.93940007558437399       0.98119636369681773       0.99533491169946453       0.99711105797231903       0.99395708413679640       0.98435402923282822       0.96064618364704746       0.90724119046188323       0.85075430243804151       0.61885540251161053        7.5172190312501011E-002   7.7470663534609588E-003   7.9160315643359686E-004   8.4586085596927149E-005   3.4004563111117423E-005   2.2491110473594003E-004   1.9683408915035644E-003   1.7263179907468260E-002  0.14725036198600344       0.88471544134305724       0.98785620523650386       0.99872233275851729       0.99986139031636367       0.99998358159761724       0.99999000000000005       0.99999000000000005       0.99998625948662245       0.99988218305395515       0.99887477393118940       0.98900965023491716       0.89357150826293674       0.18298114947952834        3.5952243222733854E-002   2.2145773166155677E-002   5.2727989835036716E-002  0.23314090658134365       0.80955311712968725       0.97522793223912829       0.99709382705532346       0.99944654588405857       0.99789738183265109       0.98156875462535476       0.84313890563928928       0.11056361576144130        1.1595031456233338E-002   3.9966492262000792E-003   2.5053389117228941E-002  0.19521666954787462       0.80006966517533395       0.95809326016086060       0.98177242279870747       0.98029252159806834       0.95929848425584208       0.90890996597901896       0.89068294050841390       0.88639967199343772       0.83409427959604199       0.42263402402446876        5.1594849361127529E-002   5.5087831643417960E-003   5.7980457620425993E-004   6.2162530711941345E-005   1.0000000000000001E-005   1.0000000000000001E-005   1.5253914905980784E-005   1.3341290929425994E-004   1.3025707419228000E-003   1.2781132136858987E-002  0.12222989663967271       0.87824962183451272       0.98724670447001495       0.99827637159178439       0.99598994332734070       0.96530510020879279       0.72202574944769449        8.7395536334615151E-002   8.9977392170334843E-003   2.6496850859980248E-003   1.2681495115614607E-002   6.8818381790109989E-002  0.10243714414987024        9.1508125668792420E-002   4.0000010149711454E-002   1.8942273983252086E-002   1.4059846016564140E-002   1.3172090222862077E-002   1.3114941431635545E-002   1.2992866390789337E-002   1.2241394246285868E-002   1.0064604483991494E-002   5.4051938766381891E-003   2.3203537426428212E-003   1.2034206480751441E-003   5.5450683607057146E-004   2.3586340888972419E-004   7.9840950936614088E-005   2.4734912296924729E-005   1.0000000000000001E-005   1.0000000000000001E-005   1.0000000000000001E-005   1.1236091186270183E-005   6.0047492767511219E-005   3.0207146018201776E-004   1.2151892209279892E-003   3.5000649806641868E-003   9.4398654670396279E-003   1.3580002747057496E-002   1.8229999157730728E-002   4.2967842859617564E-002  0.19131464675741258       0.74853618485390916       0.95327881178806328       0.98319982739663070       0.90885041204857775       0.26642446417614685        3.3110543512680592E-002   3.7163154706358098E-003   7.0025015227784769E-004   2.7937786089984418E-003   2.4533942901118579E-002  0.20090224133292017       0.89551541777612986       0.98905254336992943       0.99872203218207944       0.99894191027864221       0.99450835144310834     
  0.99680395400774757       0.99214484857176588       0.99028195976649314       0.98853962340161017       0.98631307808436341       0.97914013297644820       0.94869253996490721       0.86844016779513589       0.68604395995508372       0.26876682893921711       0.14310733631207781        8.1820147881571326E-002   1.4560718631359826E-002   2.0308282988970943E-003   2.5967157075732508E-004   3.5291448491057902E-005   3.4012957632762611E-005   2.6568197064580519E-004   2.3014506480423507E-003   1.9692905920075988E-002  0.16105363981082321       0.87560116614149297       0.98514757396751151       0.99818776675530241       0.99977204281014354       0.99997013094597831       0.99999000000000005       0.99999000000000005       0.99998923030500186       0.99991846186760880       0.99925128888032988       0.99290125185493150       0.93291553655689341       0.45453343966970144       0.18474029177102977       0.16369897347436796       0.31167502915153711       0.80537811400936710       0.96402445835937711       0.99466500817551384       0.99922945526656815       0.99941547607130132       0.99553706369114858       0.96053598610580715       0.68734801409353197        8.2280764643012774E-002   9.0493417393148600E-003   8.6507001939817602E-003   7.7772059012621714E-002  0.65421981677822338       0.94723931508687298       0.99168694331609319       0.99757332262541176       0.99773821996141832       0.99552411483598002       0.99077030308077552       0.98808423812082646       0.98065383753699409       0.91102316999228561       0.36530764673065252        4.4503613962635219E-002   4.8111438731465216E-003   5.1205226658820283E-004   5.5341088510382967E-005   1.0000000000000001E-005   1.0000000000000001E-005   1.6938854438722604E-005   1.4526598123618491E-004   1.3750545712912948E-003   1.3225146630950915E-002  0.12463422271790223       0.87953602270793596       0.98747099444805164       0.99851580959075981       0.99790189641880900       0.98234027797772661       0.84823718269282311       0.11145789883236018        1.1396168003348625E-002   1.4612453049241852E-003   1.9613615621369082E-003   7.5714618982491017E-003   1.1941335059520533E-002   1.3506630154973704E-002   9.6809029218606155E-003   4.7974046077473471E-003   2.7108070282244280E-003   1.8039233667194257E-003   1.5195106914604151E-003   1.3983997550381087E-003   1.2649304089044971E-003   1.0203095441336765E-003   6.0574258806362041E-004   4.2353134193460947E-004   6.7367703449917600E-004   1.0474476920376691E-003   7.8561547589562806E-004   2.6045789603259438E-004   6.1935055484604970E-005   1.3215432280292033E-005   1.0000000000000001E-005   1.0000000000000001E-005   4.5916328253952230E-005   3.0247396412266282E-004   1.7309234841878015E-003   7.4007066320615419E-003   1.4278396524636576E-002   1.7885947515360795E-002   1.6343773851237097E-002   1.4163886325963090E-002   1.4227920463421129E-002   3.8121507799799115E-002  0.20431444534733070       0.77579426904545656       0.95596878889280001       0.95283349535295392       0.68797936449538144        8.1856743841268759E-002   8.2440095138678858E-003   1.4575824243062275E-003   6.4435907094139823E-003   6.1605148156097730E-002  0.51920733245749384       0.94228170325503813       0.99392628808660966       0.99934092323630452       0.99977105120808252       0.99917942392072134     
  0.99858336794711033       0.99304244493826166       0.96996017689498348       0.90991304199819534       0.87795855898276109       0.82907571900258981       0.60960708037909006       0.20254462831524639        9.2689724841451659E-002   3.4519216110479402E-002   1.7037232065635188E-002   9.2286963333008676E-003   2.2031015297883398E-003   3.9594290324489455E-004   6.2746884040170480E-005   1.2046478403162698E-005   2.1761317330777239E-005   1.7360497228607633E-004   1.4741245277211244E-003   1.2622088076200733E-002  0.10799368394746517       0.74767520611317773       0.95747039557290825       0.99395795906358342       0.99919675400596542       0.99989634908583147       0.99998540987518425       0.99999000000000005       0.99999000000000005       0.99996893956798338       0.99977285718964681       0.99826883477227091       0.98783239972670700       0.93350718650277498       0.89529819042399872       0.89149773230886931       0.91720603765980746       0.97450978150775158       0.99452890999927657       0.99901350346879003       0.99972489681388066       0.99888907577434094       0.98971061361884904       0.90265240151381121       0.24397435657553734        3.0390889708998243E-002   4.4564394296583015E-003   1.1152645410130516E-002  0.10670543657805813       0.82986612344948929       0.97857343982059419       0.99725033672482621       0.99951509227204349       0.99972095111273662       0.99950052180780269       0.99893485674577920       0.99751612346246776       0.98656014841839934       0.88771002848865144       0.19184480515833569        2.3758512685283617E-002   2.7372562353749834E-003   3.1152504063148678E-004   3.7035531187367713E-005   1.0000000000000001E-005   1.0000000000000001E-005   3.2789380835431002E-005   2.1869073920867624E-004   1.7948352954835975E-003   1.5841382208212060E-002  0.13930266317059881       0.88445746759349975       0.98809035649804289       0.99860180039985857       0.99816545026390169       0.98468868961312095       0.86408935315019098       0.11586287793436681        1.1885307205975039E-002   1.2819227334207903E-003   6.7603410472988172E-004   2.8336669904283512E-003   1.1864416240028743E-002   3.7610086852055399E-002   4.9710834819954274E-002   2.3761977717913912E-002   1.1264464745294406E-002   3.9721038599901609E-003   1.5623562674778612E-003   5.9514643702366548E-004   2.4557756094995838E-004   1.5942835878095035E-004   2.7102538427687208E-004   1.0969452477189092E-003   4.1408760951982607E-003   8.5886075924734174E-003   6.2977567508639828E-003   1.6873900411716032E-003   3.2685638810237493E-004   5.4518904597030660E-005   1.1492252847747303E-005   2.5083598568185628E-005   1.9886403876457742E-004   1.5800942009944899E-003   1.1338998744973332E-002   6.3622003831438761E-002  0.12204865613359049       0.14505688516120219       0.13340515679784976       0.11249142563981525        6.9587867661645389E-002   2.0022181177469959E-002   4.2924141586648597E-002  0.23024896623896501       0.79934650033594878       0.92432955039697740       0.76560410111638810        9.4879922993386129E-002   9.6516446373134876E-003   1.9938053250043554E-003   1.0559970585797478E-002  0.10294565041620667       0.80677688874100151       0.97652182262467846       0.99736364468350802       0.99970285009490212       0.99992144973051877       0.99972950349448586     
  0.99412253247544169       0.95976138728279037       0.77829264359520722       0.27562504652409753       0.14268411150193330       0.11027437790493527        7.2345276149404378E-002   2.5112976671002235E-002   1.0413704661910076E-002   4.1023572251138955E-003   2.0397934300488583E-003   1.0832599014932833E-003   3.1993105713525852E-004   7.1827490574419956E-005   1.5042845459935285E-005   1.0000000000000001E-005   1.0016042506704276E-005   6.7715965713662532E-005   5.2658220373428253E-004   4.0867785127248852E-003   3.1339488698449026E-002  0.21985748190120288       0.79770613646998512       0.97332312862780612       0.99684154259322066       0.99963477662475297       0.99995686255176985       0.99999000000000005       0.99999000000000005       0.99998876675500037       0.99994834745211603       0.99968996293181389       0.99829575319730324       0.99306408720788797       0.98934521551974508       0.98889457803229086       0.99131509903325332       0.99627282325580224       0.99850272664622286       0.99946853610735520       0.99965509892411120       0.99823800856129352       0.98461668537101465       0.86535683538821551       0.13262378060035629        1.4929952373891723E-002   2.6866873035701557E-003   1.1029401499031319E-002  0.10733718881754786       0.83248302049670109       0.97851956456891176       0.99719668845954834       0.99960508215382005       0.99991977473993299       0.99992521802092094       0.99976765670580892       0.99868511563418794       0.98917269006734931       0.90213810027631025       0.25325440708519287        3.1797838677170488E-002   3.6001822078880444E-003   4.0473638703951453E-004   5.5678300671227863E-005   2.4896575530414430E-005   4.6300564664861338E-005   1.5034550828744520E-004   6.6707003342162037E-004   4.1497716632679163E-003   3.0710451271078808E-002  0.22963626872429022       0.90375733982511264       0.99010249046625909       0.99851676213911611       0.99689350439088331       0.97738569690069388       0.82436416132366508       0.10608333003898444        1.0772164347884283E-002   1.2578205972733436E-003   1.6308351865741547E-003   1.1441305782025721E-002   7.4027470570332959E-002  0.28856004263642049       0.41062728173721397       0.19041619476345292        9.9273313146125780E-002   3.2420414527189335E-002   1.2466019372231789E-002   3.7473041947905534E-003   8.3098761338149668E-004   2.8595275077086455E-004   9.6374077183429953E-004   5.8315855491258952E-003   2.8618965146369277E-002   7.4624126990575954E-002   5.0844756482328807E-002   1.0142998146529110E-002   1.5376658419558732E-003   2.0893842839861358E-004   3.3363426066271923E-005   6.8238644388184962E-005   6.3458844596478718E-004   6.1660125138058904E-003   5.8692313884177415E-002  0.48190698166205076       0.82204333241670491       0.88012086640117559       0.87668707354805120       0.82679879069802875       0.55311561632470496        7.6345259229020315E-002   1.7051746846746669E-002   4.9830401215287805E-002  0.25437165922676830       0.65394023684726543       0.47936418343750975        6.0422457157037819E-002   6.5995307755908825E-003   1.9834277558569966E-003   1.2745776668567304E-002  0.12039643084252424       0.86769658463610744       0.98544948029960744       0.99844356098419695       0.99982169986443592       0.99988220824068830       0.99921255404296372     
  0.97442927839803806       0.80246151941568378       0.21670440034315316        4.6448602865796620E-002   1.7358242222439632E-002   1.1634221523605135E-002   7.5283414901865971E-003   3.2436167681793538E-003   1.9966709588472163E-003   1.4329711279764301E-003   9.4757013257427438E-004   4.1257875090608583E-004   1.3340850862356019E-004   4.1397803747603599E-005   1.6624891180991689E-005   1.0000000000000001E-005   1.0000000000000001E-005   2.1772339518547351E-005   1.4234537473330598E-004   1.0100571396954386E-003   7.1237054752862341E-003   4.8601244088964358E-002  0.28790045671988757       0.91221739851509920       0.99096236051882658       0.99906849043754631       0.99990029607643915       0.99998573032500182       0.99999000000000005       0.99999000000000005       0.99998771817720045       0.99995061367313032       0.99978108820107370       0.99926879237401345       0.99881211057821939       0.99820493103164998       0.99617650885868270       0.99202832834266286       0.99219567382256180       0.99665572926950796       0.99866784301990141       0.99729095518396260       0.97916830558063894       0.83028976345716243       0.10909366260018423        1.1468741383953724E-002   1.9906418397166656E-003   8.1083201948002094E-003   7.9308169572602935E-002  0.66484353626274806       0.94381404464112195       0.99112322173458911       0.99865162418828246       0.99980090104068753       0.99995840645479528       0.99991759492558496       0.99943171543714548       0.99537660110555715       0.96120475336422995       0.70074816375610904        8.4616643433315111E-002   8.5793440975677517E-003   9.1700250796592723E-004   1.9594971233884376E-004   1.8397713389200880E-004   3.7234732840434601E-004   1.0751798404868523E-003   3.5668514776199573E-003   1.6873649965070021E-002  0.10185457402351748       0.64476122648469558       0.95504447936530223       0.99383662468134992       0.99670088746520047       0.98877566917874393       0.93413943492607010       0.59541108764206263        7.0491402109452900E-002   7.2153228647998712E-003   1.2673550955361111E-003   5.1673117624344202E-003   4.6299337883034586E-002  0.36765161203607144       0.84534004318003542       0.92037451234492529       0.87470416644295024       0.72324864039425807       0.24828327599121866       0.10736152787900508        2.9577319019983336E-002   5.2627292956624145E-003   1.1343969180939105E-003   3.0171442682095737E-003   2.2749768913743241E-002  0.15436616734471556       0.55380914819097526       0.34442605691602041        4.6002997051753293E-002   5.2010015107333864E-003   5.6778052257821935E-004   7.0607881637839147E-005   9.9070541037625439E-005   9.3255575666654458E-004   9.4526585341042531E-003   9.4389373144768668E-002  0.76711325878087822       0.95799456978087993       0.98446800582665306       0.98550532472489982       0.96953602883293444       0.84511924986701836       0.17046984794435296        2.3816413384328380E-002   1.0677898955238324E-002   3.4284209659633427E-002   8.0208786360388168E-002   6.0106764423582364E-002   1.1479409965521475E-002   1.8573625704524236E-003   1.9864572980114086E-003   1.6111816176952048E-002  0.14159752437713463       0.88363735675924349       0.98790731451465308       0.99876661438268932       0.99983873815471036       0.99965777153922752       0.99704166559271568     
  0.91826571528145517       0.31798295041853053        5.1490497455273912E-002   8.6963651437083241E-003   2.4752959493089814E-003   1.6707100372529858E-003   2.1095098455210931E-003   4.1407258151011910E-003   8.8229655176610394E-003   9.9933817653940302E-003   7.2661110554058887E-003   2.6313086267758306E-003   7.6534889636309638E-004   2.5655843417675243E-004   1.2870559453224362E-004   7.2867311367019616E-005   3.5596679128732081E-005   2.2074277020679876E-005   4.5921872916309348E-005   2.8941289941319866E-004   2.2166075804515872E-003   1.7881302054384682E-002  0.14610497693204219       0.88379160749321606       0.98779432938894385       0.99873014087963130       0.99985934163415346       0.99997079696396496       0.99997990048068175       0.99998827671924118       0.99999000000000005       0.99998972676027142       0.99996105200584218       0.99983035702596612       0.99918812768856780       0.99523941477831457       0.97490431834948477       0.92398780242689293       0.92293772479445080       0.97117105072434751       0.99126162589052769       0.99554962653177326       0.98079661949645225       0.84569404087233868       0.12569115686877719        1.4875024373812270E-002   2.1421999263491957E-003   3.0055809582139547E-003   2.3845440681720932E-002  0.18372639754810038       0.76112253240146521       0.95626872619006642       0.99356834008132333       0.99913633195599050       0.99988397504625803       0.99995163662057485       0.99974977266035814       0.99793484368159224       0.98207732933478376       0.84781893958754129       0.11336317298620747        1.1998936818184071E-002   1.7595056181885782E-003   1.1766416274158072E-003   1.6074668503732019E-003   3.1829595073557771E-003   8.9178339098353893E-003   2.4344744793334358E-002   8.8986477789182811E-002  0.31803389257942477       0.88024071296216311       0.97854553121531918       0.98638015674006230       0.97955983515494416       0.93983468438811191       0.74336891132803085       0.16526381483351493        2.1234271779618979E-002   2.5894448917275158E-003   1.3474745249416951E-003   1.0214946724504079E-002   9.8696653966590331E-002  0.77778943682416668       0.96523729997220897       0.98935048346821308       0.98521692584608578       0.96335745849383847       0.88827803037023489       0.73346070953930076       0.20758322079227953        2.8352017693878375E-002   3.7912154499865720E-003   3.3058594953907657E-003   2.2606899859945528E-002  0.15240492069101222       0.54386859615688299       0.32701002377727489        4.4123846530562789E-002   5.0287785059179337E-003   5.5257033105924496E-004   7.0263951784982793E-005   9.1078332874571709E-005   8.0862204263513603E-004   8.0944224432568258E-003   8.0674577768869341E-002  0.67690856700255375       0.94355077729328252       0.98841723092716416       0.99612703695102345       0.99104128324378660       0.93221558926046144       0.47481964755497397        7.2726120921549647E-002   1.1368419956060714E-002   5.6130411840901451E-003   8.7242384349255631E-003   6.6604548413439282E-003   1.7708751717622684E-003   7.3265089345838079E-004   3.6480784090092201E-003   3.1152820148401334E-002  0.24542835965022486       0.90668031347134692       0.99056389870858308       0.99905149036339380       0.99982466734866537       0.99917428392997432       0.99177851195243738     
  0.89136790556406764       0.16331891717093713        2.1605530660819709E-002   3.9752626028025347E-003   2.1826301902064795E-003   3.8241762338051791E-003   1.1713458195007753E-002   3.4071288976746265E-002   8.6925428872586044E-002   9.9495465022109375E-002   7.1959767404194047E-002   2.2860358086272937E-002   6.1407258513850194E-003   2.1452360061771673E-003   1.2020511655781668E-003   7.0161965229277091E-004   3.1604143036658382E-004   1.4994063834182866E-004   7.6424307141354815E-005   1.6941175012693754E-004   1.3981247115679811E-003   1.3203110617521951E-002  0.12383326045895940       0.87723165035453987       0.98702718490965968       0.99864312098071029       0.99981937320401959       0.99988834445497088       0.99987139105060552       0.99993459429254627       0.99997694268902904       0.99998819896238211       0.99995543568298362       0.99963772885877900       0.99690163210623772       0.97436292455955342       0.81447557554902794       0.35675429706133299       0.34597218718786249       0.77447517958422940       0.93475105311967566       0.98147448504196622       0.98433181372558198       0.89536831405838291       0.24897089260498872        4.1139098116839724E-002   6.4404091636881700E-003   1.6353539634137021E-003   5.3207032212035646E-003   3.6023781645090937E-002  0.20754827142693230       0.78219087209222393       0.97146241750768803       0.99667295340178208       0.99960846066238451       0.99990543784980390       0.99980641056726904       0.99859287427352372       0.98683829995032613       0.87693746182829069       0.13014214575654018        1.6733856751790871E-002   6.9207786364437916E-003   1.0489456530074473E-002   1.4671718727006577E-002   2.7281436543625293E-002   7.7687199899665396E-002  0.17939952975388385       0.54168876485491990       0.86448544618301137       0.96269321747900705       0.93710008518985677       0.89012156648688423       0.84136900817432814       0.64598143296656407       0.17537018972828644        3.1281629576936226E-002   4.6817065503422847E-003   9.8770816244365023E-004   2.0156014382772219E-003   1.4413256088266239E-002  0.12537186627871874       0.86565904505487901       0.98437348587241225       0.99758822788816093       0.99817607316090440       0.99550589059815908       0.98557345524258866       0.94884195483586198       0.72940916676480783        9.1630008128183421E-002   9.6906484606987479E-003   1.9293671231995786E-003   5.8402254733310949E-003   2.7980461034732024E-002   7.2083754938408490E-002   4.7802466786740619E-002   9.5448571635285279E-003   1.4534621144202092E-003   2.1047743302179636E-004   5.4748829448777936E-005   8.6826346570188223E-005   3.9959983657845380E-004   3.0373366890975653E-003   2.5640400454259877E-002  0.19523371328440603       0.75732978225311509       0.93944107258048482       0.98873160224723922       0.99580496245167782       0.97976135316828994       0.84533006503046293       0.24559859896111885        4.3771545656542898E-002   7.8110346699016156E-003   2.1608496242599860E-003   9.7466749249550989E-004   4.1767579067855280E-004   1.1802069615297526E-003   9.8558160433935647E-003   8.8700676539969631E-002  0.67701275995079679       0.95979341490928616       0.99556882321386997       0.99951414424406893       0.99984092580377670       0.99889993340848304       0.98897373989035597     
  0.89270223652562852       0.17281993432974907        3.2420355223639230E-002   1.5443244615420099E-002   1.5991980237741756E-002   3.0185419792455179E-002   9.6481672453241046E-002  0.26911454697682680       0.72070297706617636       0.79874881544686638       0.61170288187886113       0.18056250207436186        4.7097355471141716E-002   1.8104954210927428E-002   1.1461515306735252E-002   6.8408994776692775E-003   2.8560942829480565E-003   1.3148236110395127E-003   4.8614664381533602E-004   2.5839333689207114E-004   1.3141197691606708E-003   1.2658422581085559E-002  0.12140228833421396       0.87710621874330441       0.98707288033006491       0.99861539537166200       0.99963612079836728       0.99934804032523383       0.99904887089531424       0.99954570158969702       0.99985692993300757       0.99995092538771058       0.99990283718108564       0.99915916414814576       0.99158539853444605       0.91644393298348792       0.30686260158904316        6.7772394711260328E-002   5.2451481171105735E-002  0.16583177077040934       0.58539997111431052       0.87453039126146659       0.96903091203681901       0.96131272245934207       0.75780024813282865       0.19440161066885250        3.1877285570712899E-002   4.6875365524038362E-003   1.6696282294629580E-003   7.2285651180686913E-003   4.6282395376400574E-002  0.28186736173840832       0.91229281131547357       0.99107662456520695       0.99897189024265975       0.99957306218580966       0.99951876760870650       0.99872883658278244       0.98910221373964036       0.89490114691415068       0.19270311581307431        4.7236374748867001E-002   5.3413583433717604E-002  0.10040126696813978       0.13156534254613078       0.21631834096225680       0.59045838144853346       0.84715685900018267       0.93731483094240975       0.97115576648233670       0.91753086704512010       0.52705234338048479       0.19213620509739412       0.12007064796829744        7.8276072020351847E-002   2.3061078719074504E-002   5.0999024954891366E-003   1.8425274402602129E-003   2.5033205136899750E-003   7.4877316622160191E-003   3.1643359455761674E-002  0.18606509657185841       0.89283897405914925       0.98879212620299328       0.99877141795037827       0.99968298512314013       0.99935417092253287       0.99720057845153254       0.98242995219770146       0.85856752584289009       0.11883781475455939        1.2670310423428402E-002   1.5383536913510585E-003   1.1865580485331845E-003   4.0040037127352804E-003   8.1570358087894035E-003   5.8513289441088634E-003   1.6002228358466335E-003   3.9798073600281011E-004   1.9644730612126911E-004   2.4604662732670516E-004   4.5032242613260941E-004   6.9598804427393416E-004   1.0843236328251147E-003   5.4004497128500818E-003   3.4156614611033503E-002  0.17195763307520120       0.64036028217205510       0.94008467478627078       0.99108706453563000       0.99418193948392830       0.96581358725454247       0.78685526396611993       0.21800414083685160        4.0448977745335700E-002   7.1800708758052653E-003   1.4598287123444612E-003   7.6908140528343162E-004   3.1784415137895740E-003   2.3626080531973868E-002  0.17988892105579293       0.86260973083372072       0.98375618682494081       0.99816519865781461       0.99978475658940935       0.99986778827462364       0.99890493039790207       0.98906671027087811     
  0.92605336034090469       0.39441615322328655       0.16378746175344458       0.12935914130587808       0.13923803298312989       0.22806948693460596       0.64096161069425250       0.87652033392861806       0.96143168680444024       0.97370758222806209       0.94111723828095550       0.79269506002028167       0.31012922639426688       0.14941506348473330       0.10866122548964730        6.6236481894965574E-002   2.5218514448212756E-002   1.1659030790019282E-002   3.5931993413554171E-003   9.4089854217272015E-004   1.4373172302144118E-003   1.2689649439021310E-002  0.12156833612880394       0.87765637742388969       0.98715052669503989       0.99843707139666527       0.99869296447898248       0.99599331395705115       0.99271038437640668       0.99677140746502990       0.99905383914979040       0.99970893005085804       0.99979275925325406       0.99896703828729183       0.98985368740484236       0.89875630602580803       0.19288155961971076        2.6976185973971133E-002   8.9869305981973447E-003   2.3496734552624639E-002   9.3908038471481839E-002  0.30912737607427498       0.83162913636018387       0.96312998704579567       0.94386382237962352       0.73297568436688243       0.14675844316819905        1.8881221873132462E-002   2.5293545500015380E-003   2.4884732077502239E-003   1.7985388231172857E-002  0.14766280916370272       0.88591472515096170       0.98787381761376925       0.99770057868768913       0.99705141798693708       0.99675954688757584       0.99799503230212672       0.99330007491038652       0.94111989194749945       0.53413486691958989       0.26975141588181251       0.42567020642022380       0.78356563047801975       0.86857588977290068       0.89980672934688488       0.94993824747441846       0.98104389154895744       0.98958092524477770       0.97026812445227584       0.78831157821253661       0.15766428338300970        3.3798122900167045E-002   1.5212505712794162E-002   9.4378117164733658E-003   4.3512146405950518E-003   4.1267194996674108E-003   9.6885445948056495E-003   1.9495050494407327E-002   5.2885811889938385E-002  0.15567526967935644       0.49826980201777138       0.93852503066812043       0.99348104360621892       0.99930207310860075       0.99988789518089816       0.99980708267224039       0.99858303210210664       0.98703807457245774       0.87787695005535327       0.12488213011641204        1.3372380548922673E-002   1.4563155782320340E-003   3.2804360517753859E-004   5.6597121965506591E-004   9.9623776913877618E-004   8.9592607576343937E-004   7.3710694430222253E-004   1.0554751253898909E-003   1.4090672959928708E-003   2.1492261490473549E-003   4.0677841740806280E-003   5.8543849071480960E-003   3.1248491439792212E-003   1.7406499344549439E-003   5.8131070017968592E-003   3.1042213980156972E-002  0.17227727020389050       0.76782838960744637       0.96747506073201961       0.99487591974635270       0.99291372828381863       0.95911241392678703       0.77822638558326007       0.21574553390212717        4.1106485255603821E-002   8.5453726297021644E-003   4.2008084377743015E-003   1.2658594201463400E-002   7.9684172850895504E-002  0.51556941949215362       0.93809018042167469       0.99307193083465584       0.99923055243692294       0.99990478076202016       0.99990380462867623       0.99919578310844681       0.99230171355091268     
  0.98452755215990562       0.92093518163656662       0.88457451308407464       0.87876625808802578       0.88369807385542820       0.90340619617144580       0.95546094569443529       0.98490042422281188       0.99519910213345464       0.99674641064106495       0.99242394673732448       0.97336308946915251       0.91580406091084632       0.87815005148599923       0.81703621519832270       0.55660677729507579       0.20357592617251619       0.10142355778203024        2.4546816590405605E-002   4.5343049850912597E-003   1.9772648934765504E-003   1.2760062039527540E-002  0.12145707976803881       0.87711004969000095       0.98694486295312978       0.99775308193286338       0.99467984417547450       0.97691731033444573       0.94205852626375886       0.97648086354437258       0.99353702817787715       0.99789469244664586       0.99896820675459630       0.99888989771286574       0.99196087419414403       0.92032114990666314       0.32729750336454139        4.2296466104226202E-002   5.6195550225723668E-003   3.7590915781568110E-003   1.4116022587431939E-002   6.3533106073344461E-002  0.32031705865093574       0.84783297663393986       0.95005968512375505       0.88749826577246715       0.41311221533716042        4.9959003471984752E-002   5.4740784970506110E-003   1.9779217003109348E-003   1.3349252467256810E-002  0.12383799330454438       0.87330104790927310       0.98358422993754635       0.99001470899910538       0.97628160359690364       0.97318206558185361       0.98966515637044861       0.99630893040221724       0.98894543910347465       0.94297831147107458       0.91193932278316159       0.93292237148046187       0.97347356527750584       0.98538801530305231       0.98959782788971251       0.99452518659978484       0.99745368759556174       0.99556984436673213       0.96827950102330185       0.75296252987749424       0.13104518029192005        2.9096327695252663E-002   1.5607458560844237E-002   1.3627426396150092E-002   1.5497687398011344E-002   3.0455226183251426E-002   8.8792520604874609E-002  0.15883568735904810       0.38639294752598413       0.80059398017049654       0.92779773903457541       0.98784580677340916       0.99824928349623321       0.99968404207700423       0.99987863716668790       0.99983441506435700       0.99874658280968420       0.98771593184101669       0.88120360596346237       0.12848621661876825        1.4073186867192437E-002   1.6185718107035599E-003   3.1762568650249464E-004   2.9978672258377110E-004   6.7526344698609804E-004   1.8569968670757960E-003   4.7909273531691905E-003   9.9243282239727046E-003   1.3269529408783447E-002   1.9132456643133813E-002   3.6808754489940129E-002   5.5834940739895110E-002   2.3833258551804182E-002   5.0901371286016057E-003   1.8079773059503552E-003   6.2518293364953277E-003   4.0178260074456185E-002  0.25941952510701666       0.88467148930503436       0.98504676158673221       0.99683227858515933       0.99250372906956541       0.95836712032223947       0.77945774682455482       0.22514121286995903        5.5160558796178455E-002   2.8671356785934202E-002   6.2768752710915879E-002  0.26910887649317650       0.85638901814046831       0.98151399411424878       0.99778499133750753       0.99973784557095324       0.99995479069447535       0.99991239999447212       0.99953976733163441       0.99740957326341473     
  0.98534523009328012       0.97384877661378122       0.97590128738738646       0.98363556102708305       0.98722750946979565       0.99007937491327913       0.99511743418235776       0.99824615492057900       0.99941541524129152       0.99959764467178713       0.99905707967267299       0.99688298086071159       0.99122418020738601       0.98632493095325646       0.97662335125851196       0.94250520324618392       0.87419263865099550       0.70291345215169576       0.12825736203637708        1.7204348584862375E-002   3.4189600175744271E-003   1.2645719482995034E-002  0.11924410659699622       0.87120336569524870       0.98569553142338662       0.99618218940123615       0.98304674833908368       0.89308073770126983       0.57606080511742508       0.83259553113943674       0.95494013888156737       0.98321082902851953       0.99115469797577960       0.99684046564905615       0.99606104045847776       0.97039307817680354       0.76258480367608106       0.10616914534829053        1.1849567867936443E-002   1.7583839133619207E-003   2.4840161359198356E-003   1.2594771653108294E-002   7.4493594833173887E-002  0.38390380162184745       0.75697179872864384       0.73726083203775850       0.27697225749680843        3.6495017565463306E-002   4.3184069013056095E-003   1.6457063107220302E-003   1.1517380064490037E-002  0.11028372403014805       0.83019507264239822       0.95741915111139253       0.93448785135785384       0.81903840624928326       0.79460812386505753       0.92892456883631647       0.98792773743250062       0.99687698488713494       0.99377535227208114       0.99117672312018146       0.99319429082216870       0.99690092756716486       0.99796877036677212       0.99819659468785327       0.99882222378829899       0.99931910852568395       0.99820503918706782       0.98663808522826890       0.89578554466118676       0.37210012374143020       0.16292550929269614       0.12633501690966759       0.12124484518577432       0.13571972181562361       0.24037053578159973       0.69247168783040325       0.86147170831060305       0.92390343871822489       0.97463420290940816       0.99096868570613117       0.99736056624067815       0.99860428056996009       0.99885437797990706       0.99916402365739321       0.99959252187883252       0.99878945862714119       0.98860414268614039       0.88854920347768329       0.15399009445551143        1.9740162186403121E-002   3.3957082046375785E-003   1.5429653618976454E-003   1.9253453646116245E-003   4.7150238543676049E-003   1.5405915518477366E-002   4.3308790866341380E-002   9.6862306715500834E-002  0.12323834038243994       0.16150710897180839       0.29782722203345191       0.46779282983888515       0.16516853126283187        2.4656276761826280E-002   3.3299978373660826E-003   1.9769192380421088E-003   1.2640703603940928E-002  0.10298262143745286       0.70225917487191747       0.94977076778421177       0.99184676036710173       0.99749563719524970       0.99277533378355309       0.96146248964516279       0.80988297855520197       0.33846505587220505       0.20742738463078489       0.36232896254168212       0.82716228245974210       0.97098783696615643       0.99586102004413579       0.99944753901621186       0.99991715518448243       0.99991705173865220       0.99960362999168362       0.99825885586030338       0.99442505964265160     
  0.89094726983327566       0.85795256485893767       0.90049855987917238       0.97299500846117637       0.99443625076080444       0.99839929088675172       0.99940022517095872       0.99978999965669058       0.99992475982484763       0.99993134480554624       0.99979828184046682       0.99928938051241112       0.99784983347896217       0.99493187918614356       0.98782883362972940       0.97827498562982629       0.94973334057589742       0.79449590291328986       0.16085895016354879        2.1113069791518477E-002   3.6887305874875606E-003   1.1442655791280435E-002  0.10893824403483629       0.83449264402899825       0.97945756764491498       0.99525190622775184       0.98065288382855986       0.85154803563398651       0.20496741554101194       0.24310555924200239       0.71203356250286098       0.86234524506960109       0.91704613070695673       0.97635938700411207       0.99392472372579155       0.98606312043993627       0.88322494880805402       0.20514604611786505        2.5201994145218929E-002   2.8934427446949402E-003   7.0063732521957972E-004   2.1582460714651306E-003   1.1226309939106385E-002   4.7824229517527933E-002   9.3433993868346471E-002   9.1859098234477771E-002   4.0374487993051426E-002   7.6988274512074413E-003   1.2405030767171975E-003   9.5267020606271504E-004   7.6227666090461403E-003   7.2123103942740616E-002  0.58155073912197830       0.77306865778962153       0.59254265541049655       0.18726729894551944       0.18099650720403834       0.61976758879479354       0.95302552079661218       0.99475275947178887       0.99884070172379480       0.99904405806543894       0.99911381864478999       0.99860172389062429       0.99561695710711540       0.99236132307267855       0.99413615071875994       0.99765053005565874       0.99887447000725660       0.99696636274970496       0.98295406007166541       0.92379691756006521       0.88913462314224845       0.87736420189433417       0.87271111576733340       0.87683294160485425       0.90294849296382673       0.96100543395723892       0.98374794443280789       0.99173957443551031       0.99637678450689826       0.99617072939925644       0.99170563084097818       0.98897750225873360       0.98893745991717963       0.99186964327160565       0.99752275249845890       0.99865075396305891       0.99148357009079502       0.91658888134619876       0.30961239379755490        5.8414754886813233E-002   1.8343492646726123E-002   1.3309075974290164E-002   1.6751693048345031E-002   3.8054937024265517E-002  0.12715864928403700       0.34782604755462132       0.76877002125991611       0.86413078322877712       0.88829478520222016       0.91092391182231947       0.89411769671835073       0.55588103701768499        6.5744356668765949E-002   6.7735754190211073E-003   1.1110585613649832E-003   3.4972274221407749E-003   2.7084901874162837E-002  0.19533601805513062       0.77564091469000007       0.95937222819200185       0.99301937838569299       0.99784200258098321       0.99430733040577168       0.97542560779920628       0.92160783544820635       0.90174573266282343       0.92468469874993298       0.97750005755106462       0.99550721657515795       0.99925145535979554       0.99987883958735524       0.99992177604536348       0.99957119906889802       0.99734560978364173       0.98649371282177423       0.95664265602282517     
  0.22522263844118948       0.14944527827516069       0.28765166533140496       0.82609676369766494       0.97690552696906308       0.99719051003730663       0.99963541434584480       0.99993720813463849       0.99996008773795275       0.99985273380689876       0.99930160288382908       0.99696825619647511       0.98896158748916596       0.96825803687664835       0.90860709812077012       0.86941253387277584       0.78298683892202825       0.39659924329424440        6.3539890666458473E-002   8.8165601807926406E-003   1.9527101777478228E-003   7.8441366985788526E-003   7.5909186585803479E-002  0.63892894573349068       0.94930051013032901       0.99179769564417897       0.98271054782285305       0.85901753290572969       0.12896211008938993        4.2873752740669638E-002   9.2136306919873581E-002  0.14827914231022254       0.33343276257446219       0.82291539564992289       0.96987338276655066       0.98981327999743318       0.94616707751557616       0.57626505607031431        6.7692971282874118E-002   6.8630893444292284E-003   7.4682617822375327E-004   3.8808581492339041E-004   1.4784502318727487E-003   5.1978311370250267E-003   9.4191695537134655E-003   9.3623117294989542E-003   4.8279427155329437E-003   1.2083247992501344E-003   2.6095584123408239E-004   2.9256510181612232E-004   1.9133956130257151E-003   1.3270393276393856E-002   7.1255071261805428E-002   9.7403225789317302E-002   7.2013626653616214E-002   3.2509905335942675E-002   8.3619756388390240E-002  0.49200181600907023       0.94020280055287542       0.99384137500190728       0.99929552254187559       0.99970020114446512       0.99882451019118756       0.99276149515050949       0.96331622180689369       0.92515118492893056       0.94385249921460146       0.98022827127217260       0.99417562414595828       0.99769058690230628       0.99713980687443671       0.99196539554816221       0.98848978960407485       0.98697825581718623       0.98618026334245890       0.98661727133807364       0.98979893404464536       0.99553159634474597       0.99799420862389909       0.99817308743709365       0.99446640801434449       0.97579563234238231       0.92013630186715456       0.89178377043677826       0.89132949679178863       0.92056664384377862       0.98211296417414928       0.99666629226986958       0.99665049871381195       0.97545487952603338       0.81667728762422043       0.29027623626367843       0.14293317795564534       0.12286769361838390       0.14378979869257827       0.27617911281878604       0.75626541541852532       0.90649275258859041       0.96993034475836004       0.98462962361830753       0.98778980665338068       0.98477227112776544       0.92889092516935579       0.45027702958184757        5.3276535057452515E-002   5.5506713816996268E-003   6.7102570470913838E-004   8.4783790639747871E-004   5.7543341431173980E-003   3.8992560243696670E-002  0.22227201472480967       0.78853578399036273       0.96242569456613258       0.99421961019506300       0.99848761618540283       0.99705652423490676       0.99213978760017818       0.99019565930279274       0.99244275886528988       0.99737831450099912       0.99938268193547986       0.99987785036698340       0.99994789520833238       0.99973284651352812       0.99785734197929887       0.98363888501397778       0.89526495878371071       0.67260607505478776     
   3.1353985463132117E-002   2.0556282663954553E-002   6.2303599273242312E-002  0.34371398940794928       0.92062559148242373       0.99182222738015624       0.99913691459224641       0.99986586603711569       0.99980410428495192       0.99903044906862781       0.99497934162162338       0.97620462623130033       0.90747419294684128       0.75297796806534345       0.27245068065595107       0.13966801867248640       0.10174470924448800        5.0635182176937868E-002   1.1823724527676362E-002   2.7666999071290941E-003   1.0438077204656276E-003   3.1144766343594388E-003   2.5295957262603089E-002  0.20116959445644936       0.85226356232489109       0.97943829126862136       0.97936471740405517       0.84528260980561376       0.11241224065979813        1.4976218030922517E-002   1.0924599621471576E-002   1.9097340383582361E-002   5.9133212013942900E-002  0.26852747916361847       0.85642049377943907       0.97891510603184462       0.97403174278213989       0.80847680694460111       0.10168208833918824        1.0182381569548241E-002   1.0073584663046243E-003   1.4378355984066959E-004   1.9502132784425430E-004   5.6026269749247682E-004   9.4710713444390814E-004   9.5178663217578344E-004   5.5790124856049724E-004   1.8808840144553552E-004   8.9106281512551900E-005   1.4417221753891982E-004   4.4261639272907881E-004   1.9764503117356588E-003   7.6260334713645801E-003   1.0690910586509962E-002   1.2375348499083727E-002   3.7963168174159997E-002  0.21363837256238066       0.81648582607027131       0.97638027991038978       0.99723310781684560       0.99962560193273930       0.99945423354767504       0.99554368885251454       0.96217753231105796       0.72439373641589333       0.36634737220688113       0.52462637768473597       0.84147115928318061       0.95510831086375247       0.98464250751388405       0.99451299366030133       0.99749201829567979       0.99837912289128572       0.99854169685416172       0.99848861385824939       0.99851291962757238       0.99882093435810138       0.99925748238257439       0.99878170971816804       0.99396755074550147       0.96429669834289855       0.81436621609622362       0.33179272231432022       0.16498410902603661       0.16520496700413184       0.34754438320476655       0.89423254572481414       0.98647368619641373       0.99770274140994231       0.99538792564612222       0.97471775735455668       0.91066234642648902       0.87741183800819078       0.86986423152453318       0.88094994060776100       0.91051976637778298       0.96894091724679998       0.98904112340923855       0.99640415212323608       0.99821367617252665       0.99779095094724746       0.98878851542991408       0.89722696412900349       0.19537548924648648        2.3743826526256302E-002   2.6615951712667353E-003   3.1352748147426028E-004   1.9549583778825735E-004   1.1187227279646752E-003   7.1656179130129899E-003   4.2901997917853131E-002  0.23217636108326670       0.80551998288626836       0.97267788316774317       0.99644804234102424       0.99925595458238003       0.99917147400894746       0.99903274578807311       0.99925033515541817       0.99970611696476097       0.99991965328956800       0.99997283106267609       0.99990884033134020       0.99918483512398137       0.99218286609187478       0.92463069788436814       0.37900321745240667       0.11339332177471181     
   5.2272962612065965E-003   3.9138467284465335E-003   2.0268218204188265E-002  0.15680579195470706       0.88136110726634709       0.98674106580701026       0.99834808065000646       0.99950691635255562       0.99877217641574556       0.99367244979664560       0.96551598202528111       0.82724182565483528       0.36205913633982528       0.12727770351837439        3.7580339262254896E-002   1.6346053141166640E-002   1.1291945786175716E-002   8.3715356318480021E-003   9.4872561234568623E-003   8.5899341889164090E-003   4.1700235106162395E-003   3.1926212840379430E-003   1.1945991761714757E-002   9.2177822164302425E-002  0.66120085527585026       0.95417183030717134       0.96457518557035860       0.75885213371452387        9.3357381325454097E-002   9.9240767784777393E-003   2.0917011013139625E-003   2.8765838590825406E-003   1.2489827375037886E-002   8.1714398952879269E-002  0.53171074476886881       0.94115239455085820       0.97399818593704268       0.83659216255690350       0.10754685529265375        1.0812713536571782E-002   1.0655048593096066E-003   1.2546812339886654E-004   8.0629723794694200E-005   1.5369420030331401E-004   2.1168013994266174E-004   2.2197440761977189E-004   2.0209050150660817E-004   2.2644077355524518E-004   4.1739680968497271E-004   8.2066599017634786E-004   9.2879965949274027E-004   7.9537505724421812E-004   1.2443597438910967E-003   3.6195776392798722E-003   2.2648703011261585E-002  0.16996591112410381       0.74785839079686922       0.95725067113560947       0.99390763193400822       0.99918026062282539       0.99980548406693126       0.99910819235269632       0.99132699223139764       0.91470492822326421       0.29786985658641635        7.4614118699586021E-002   7.9488023399944596E-002  0.21459116196018840       0.69413457979778714       0.87554123731576594       0.95671726853011119       0.98568208016864689       0.99636266071098756       0.99916480331007540       0.99963735870022397       0.99947776117769871       0.99894142470938618       0.99814778035521468       0.99413077711644260       0.96698688188409354       0.79974382787261977       0.23704664517388530        5.5561213664324094E-002   2.1968214214666059E-002   2.9386662655580757E-002  0.13610437338132966       0.78975501154587446       0.97318750852736990       0.99676772346566767       0.99897957126242254       0.99685574911603858       0.99056839600781854       0.98657080275092890       0.98558065698307240       0.98726604312038324       0.99079854916703480       0.99644690926918988       0.99874066573733633       0.99956637577849483       0.99968904029952010       0.99864988864044257       0.98776421377055068       0.88253134786971577       0.13445652061884128        1.4865802520401764E-002   1.5944471881578284E-003   1.7503686356180585E-004   5.0569458825859247E-005   2.1309760707013167E-004   1.3292444449347479E-003   8.1837325034900821E-003   5.0240539025857914E-002  0.29008000826722341       0.89415005493870514       0.98739684530394933       0.99847683846504598       0.99973611578434429       0.99987485263721920       0.99991716551602006       0.99996489655876064       0.99998685779522545       0.99997708298973598       0.99983954798137364       0.99865505316613268       0.98788193635212362       0.88750693773796197       0.16549517516765797        2.5899621353190853E-002
   1.9524648030098423E-003   1.5851816059439929E-003   1.1985278633938785E-002  0.11120736091573839       0.82089737411745578       0.97289227267452449       0.99471207079746293       0.99703806002578566       0.99215748842409435       0.96113234258717939       0.79596479160818578       0.24678141871756340        6.0368606522050380E-002   1.6849771264982154E-002   4.8474161662215992E-003   2.4497631773697315E-003   4.9845215158237236E-003   2.1969000149711922E-002   7.7410874746701441E-002   8.1830505560305855E-002   3.5831106199874951E-002   1.9313450353349991E-002   2.6023295555025215E-002  0.11096139222663330       0.67762496283676310       0.95347990710119501       0.94415123540274470       0.58180809510792997        7.6875698993060473E-002   9.6678437014461414E-003   1.5580877539619999E-003   8.7205681310822654E-004   4.3675493830064400E-003   3.4141056781290501E-002  0.25842650450718163       0.90457450105990533       0.95652684491494244       0.73797036339533217        8.9600715113999474E-002   8.9564831541784750E-003   9.0719396362125564E-004   2.1497654916181178E-004   4.6206085575605432E-004   9.5521242249754529E-004   1.1927618602819833E-003   1.2735466470422277E-003   1.3829553752196951E-003   1.8847067489902681E-003   3.8031080478497801E-003   8.1990063809475201E-003   8.7811574726069323E-003   4.7855037662447924E-003   2.0111611127510733E-003   7.6089841693410430E-003   7.2156186811635645E-002  0.61185192408485489       0.93554269055212902       0.99019105684011322       0.99850258583814788       0.99976159192683356       0.99988582958111261       0.99923213501631236       0.99247819180619767       0.92597157451056100       0.37616026327769753        7.9439214550709750E-002   2.6767291975623119E-002   3.2233381087247451E-002   9.7372573823920464E-002  0.22153290787543531       0.67796324986079082       0.88496518384629075       0.97402551648571467       0.99563349100789000       0.99871082437910519       0.99691098810135970       0.99103415785162785       0.98537773013749752       0.96532287595102018       0.83702212802301623       0.25928992556134989        4.7529421317441284E-002   9.3619507911037285E-003   5.1461348610796582E-003   2.3725007379701429E-002  0.18079823831764916       0.85431469590757769       0.98191401103922105       0.99783503797040196       0.99965624400641717       0.99959996291149555       0.99899425197706671       0.99853448029544978       0.99841746745283555       0.99864891420399393       0.99905562262835479       0.99960322852625361       0.99985445835594222       0.99993653969818819       0.99984277186800796       0.99866811475410022       0.98714967259613340       0.87770023312933854       0.12297392570981464        1.2933441535971963E-002   1.3259632479048495E-003   1.3687349136215745E-004   2.0478429700858340E-005   4.4244547163905207E-005   2.8394676282774605E-004   1.9573481795742338E-003   1.4427428729467881E-002  0.11231278084657470       0.73410585477794232       0.96409631386738748       0.99546228193953579       0.99932671125979922       0.99982193201840408       0.99992604937282170       0.99997432952873722       0.99998445309404049       0.99993557941264666       0.99957513475008331       0.99713971064581663       0.98011402870569442       0.85486014077796624       0.12385402729326450        1.4272520443208958E-002
   1.2349919106360598E-003   8.8136843537514706E-004   6.8927324074428108E-003   6.5389387917289210E-002  0.53895199987182418       0.88395397080044802       0.96777871330061360       0.97782002772390697       0.94925124374200942       0.78325686734373778       0.23030882605657452        4.5505987578936466E-002   9.3876446182780855E-003   2.3157957729900980E-003   8.8072281726875692E-004   2.4973377610133041E-003   1.8703830054342525E-002  0.13786606517341307       0.64228307088498349       0.68550521551562760       0.28722291732161898       0.15829335354983229       0.16482317033473701       0.35080487851666986       0.88239159380866594       0.98117111327186701       0.96931082043643857       0.77945189077176780       0.17291544481143264        3.1991652325703446E-002   6.4479111932088783E-003   1.6905402663558401E-003   4.9941238181092605E-003   4.3094781771915149E-002  0.34537931968329466       0.91026205585571962       0.90714335771458565       0.33902286471233639        4.1873180456974982E-002   4.5922671872805233E-003   6.5840339824266704E-004   1.0042406816801292E-003   4.0340562034383229E-003   9.4724002418322198E-003   1.1806528407837181E-002   1.2499842925064664E-002   1.3279878872294449E-002   1.7088702099614505E-002   3.4275042172062183E-002   8.2157676681482203E-002   8.7405208500945228E-002   4.1554207809649205E-002   9.1018167994029973E-003   1.0933023011095147E-002   9.6212909515904568E-002  0.77958783679472377       0.96854442353943160       0.99484254122207039       0.99871732240712885       0.99967863036725646       0.99989770203846551       0.99968940560086572       0.99746133713663110       0.97906384447956774       0.84528953848230393       0.35508231603697826       0.11633749079069029        2.5473197207249474E-002   1.4657681837257561E-002   3.0269437445754586E-002  0.10318992277618483       0.29176168459182128       0.83099212258602906       0.97685296980924108       0.99275983781434940       0.97478722863761258       0.91386476746526457       0.87393143498822690       0.78591732805272585       0.37439010850420251        6.5064271114041949E-002   1.0173379872784301E-002   2.3460774081876423E-003   6.8923211611015348E-003   6.3266362146972566E-002  0.53116158112818890       0.93639262160541403       0.99232327537148834       0.99907161917490184       0.99987590869517595       0.99994245170895901       0.99988892497716886       0.99983663333791406       0.99982336422017060       0.99985397485856364       0.99990113991123886       0.99995537278209778       0.99998128408333842       0.99997877850695516       0.99985405144996464       0.99863353272076616       0.98687317041832956       0.87612193515617209       0.12142463014401129        1.2680799971535147E-002   1.2915417019114474E-003   1.3191683450140582E-004   1.4997540636616559E-005   1.1662450750624035E-005   7.0772044163174941E-005   5.3244363702419811E-004   4.1987976415735701E-003   3.3715768515125373E-002  0.25017807208440546       0.88377671769224209       0.98417134055419453       0.99689612091833968       0.99874257721974713       0.99941969876554460       0.99982766407251211       0.99992651805814292       0.99972921715375374       0.99816501229199328       0.98794246492740811       0.92886448534379695       0.69739380704048248        8.9172114654726270E-002   9.7940940481720234E-003
   4.7746318594112970E-004   3.1592757111725828E-004   1.9570648742723612E-003   1.5181578438558524E-002  0.10215444192016526       0.38609047668679841       0.77307447176525701       0.82815896608610107       0.68921618986800326       0.20010603012415085        4.0727619506010594E-002   7.6073402031935546E-003   1.4873786243317730E-003   3.8093807353965878E-004   5.9809463415884238E-004   4.9641741840220606E-003   4.6171356798787033E-002  0.38028786565318551       0.89333497311391485       0.95380314164597257       0.91292704111524392       0.88973745342511668       0.89083087190041288       0.92132754058057020       0.98150456053543400       0.99574051330238889       0.99088871435861781       0.93920502802066042       0.65607690706497090       0.18259077699428883        4.0656516631028344E-002   7.4794398662197253E-003   9.8649467630976678E-003   8.8155063247626536E-002  0.72428165283697099       0.94424944465627747       0.85791856940638267       0.15407723275532328        1.8371693035557145E-002   2.1985361965976436E-003   1.1824172825310884E-003   6.4136171447514122E-003   3.4465370898059025E-002   9.3150923475358596E-002  0.11487711785080829       0.12031777727023110       0.12489511790296465       0.14847788272309320       0.27601776950136236       0.69114521680791308       0.72157840425690567       0.31641164037716263        4.3943905499371244E-002   1.2934673831715057E-002   7.5655661361425861E-002  0.63223774597152027       0.93018961875350992       0.98082016446270315       0.99170405513494897       0.99783411572724534       0.99955914646297850       0.99981647628374493       0.99925932652857596       0.99553658433815040       0.97550475561997996       0.89498983561006795       0.67468105946910351       0.11848102138097973        1.6772230739812842E-002   6.0665555671286517E-003   1.5476084665178063E-002   6.5450903713058325E-002  0.35891990349732622       0.91902353098955347       0.96608318525245085       0.81597677081791686       0.30274169564421133       0.14603891619058898       0.10313159763955264        4.7579326680574983E-002   1.0273121478836449E-002   1.9117403021512158E-003   1.3570567011502660E-003   1.0598470401140887E-002  0.10382930608957171       0.81176865405444387       0.97628246163902022       0.99714810978026414       0.99965482241172776       0.99995628709878781       0.99998896848902752       0.99998634101848982       0.99998069895508701       0.99997925996235559       0.99998303707286462       0.99998810022956797       0.99999000000000005       0.99999000000000005       0.99998331246188554       0.99985812150483067       0.99866093784538301       0.98714261867003872       0.87840113985148727       0.12817547288920625        1.3939858078023361E-002   1.4889270754560333E-003   1.6069845592373556E-004   1.8396119865934057E-005   1.0000000000000001E-005   2.1643313749225842E-005   1.6842603257234275E-004   1.4086378689398837E-003   1.2044715539842947E-002  0.10229469942900794       0.70136570503146367       0.93858122433249946       0.98050783364568506       0.98888136374088953       0.99477659502068716       0.99870776140753370       0.99963702779855912       0.99898198530517746       0.99231310686216956       0.94112877873978573       0.60514926277128012       0.15621127036907742        2.2738629084151456E-002   3.0695283144945001E-003
   2.9340891806671986E-004   1.6986029377522830E-004   4.3534025518921317E-004   2.5557163410381070E-003   1.3618866722185877E-002   4.7656530877380573E-002   9.6002299690157583E-002  0.10611264413425688        8.2660775447087456E-002   2.5973263008071536E-002   5.8776860356696868E-003   1.1776857205679841E-003   2.3651099962631106E-004   9.3036146578482826E-005   4.2818146834656121E-004   3.8539807126873092E-003   3.4478685861341049E-002  0.27557479242062621       0.88706559166493892       0.97962584262324481       0.98791653629177301       0.98750075159983119       0.98835020588835343       0.99173333784547590       0.99744613711984187       0.99911428552613524       0.99802944457237130       0.98914441366556960       0.94435406496573138       0.78235825754959532       0.23911509705265432        3.2821850941148763E-002   1.3337415581642248E-002   9.2713028503168426E-002  0.73882040970427842       0.89184646708034498       0.69821540701451401        9.1458593341312386E-002   9.9680800321461527E-003   1.5184896115328147E-003   4.1183666158564718E-003   3.4314352777992552E-002  0.25634030598525553       0.74860262778977915       0.85778341200608710       0.87438204272370024       0.87806051664312412       0.88585880643315251       0.91029877615759902       0.95489138383670480       0.93332135104723535       0.72037970478273050        9.2557476001699057E-002   1.2675567173632501E-002   2.2819928582731578E-002  0.16232367171148440       0.67604363662295508       0.85992684937979202       0.92554615886577829       0.98367828872653806       0.99730431940501663       0.99936631064005621       0.99854501925759243       0.99394700432918781       0.98577545841579572       0.96720487651607467       0.87245801499070663       0.30974407003357529        4.2076665911959625E-002   7.9388041634853961E-003   7.5419761654527979E-003   3.3106722316237507E-002  0.21389790978098211       0.88784523688114592       0.90173922616915370       0.31327393873367076        6.0907131038591439E-002   1.9057648748174966E-002   1.1046691116352030E-002   5.2957797101232575E-003   1.4007330010128007E-003   4.0548558036634610E-004   1.2686240889883751E-003   1.2108583290242751E-002  0.11735186481308285       0.86685741262967930       0.98523417666840762       0.99838739364001150       0.99982074267006238       0.99997881487399043       0.99999000000000005       0.99999000000000005       0.99999000000000005       0.99999000000000005       0.99999000000000005       0.99999000000000005       0.99999000000000005       0.99999000000000005       0.99998551013151427       0.99988062639738962       0.99885698994499184       0.98882936924311149       0.89192906321851306       0.17492217718308556        2.2005134044938066E-002   2.6433603310122150E-003   3.1551740249456716E-004   3.8058651602178451E-005   1.0000000000000001E-005   1.0000000000000001E-005   5.3339046363527952E-005   4.0738703498400294E-004   3.2324442495160928E-003   2.5089034641091107E-002  0.17377418060014133       0.67492742318119070       0.84938525383145558       0.89646861228478691       0.95363012210210052       0.99113312242886908       0.99837148501678152       0.99748489385135519       0.98063348586287669       0.84743243478834407       0.18608214747448726        3.2279786361902520E-002   5.5364259402880239E-003   1.0662806510351992E-003
   1.5547436960168125E-003   8.8214041068416626E-004   3.9513421451072917E-004   4.6627535790876625E-004   1.6860028682322348E-003   5.1541335127331745E-003   9.6611424322214316E-003   1.0701447664841001E-002   8.3008611535452994E-003   3.0080339896201009E-003   7.7715134116316327E-004   1.7124854862495147E-004   3.7935973448186529E-005   2.8885267020945162E-005   1.9159756918431055E-004   1.6559976619495774E-003   1.4127523922226706E-002  0.11521594203764429       0.70689701830881035       0.92774333484173921       0.97713845795609522       0.98821410880136118       0.99469286380930555       0.99722960074039702       0.99831777585060866       0.99869268041315928       0.99876893655435761       0.99780621405834291       0.99082122264208072       0.95431519260288022       0.73500309622133975        9.1441177402940485E-002   1.4688361538629659E-002   4.5715621669021059E-002  0.31811885630386821       0.48168619071573526       0.15945706578479882        2.4097692936089831E-002   3.1935169702910016E-003   1.2998700356786921E-003   9.2718486888953289E-003   9.1186502484476545E-002  0.74030985830889862       0.95085767949928812       0.98214361664983019       0.98639488493616656       0.98703592599760648       0.98733208468859157       0.98516951829768629       0.96218196317126425       0.86385609703486765       0.59692480188892771        7.4342490612701956E-002   8.6770276111858974E-003   4.8111021719510674E-003   2.2750025404425778E-002   8.6974168730861237E-002  0.15895787617622856       0.40907999955218788       0.89452802916750518       0.98615596173304876       0.99702112046247859       0.99079213586507231       0.95124728701677796       0.89786219999765171       0.86767736276557406       0.77780884482732404       0.33092354414857272        6.0331889267120749E-002   2.7534515983498258E-002   3.1719864001323650E-002   9.2532876014799384E-002  0.39211331521121606       0.91247454553700780       0.88642658284337916       0.19737129877368584        2.6632792441876330E-002   4.3315520371387702E-003   1.3906072607582751E-003   6.0039186455369505E-004   1.9214216863325454E-004   1.7435536388270539E-004   1.2842933104235787E-003   1.2526267744483500E-002  0.12046873499220287       0.87520297738286013       0.98672333250648825       0.99861355397779317       0.99985345379235557       0.99998342460678047       0.99999000000000005       0.99999000000000005       0.99999000000000005       0.99999000000000005       0.99998887396314384       0.99997983540349511       0.99997609538550525       0.99998409773642194       0.99998582550182447       0.99992245314820682       0.99927129061650855       0.99288760885713312       0.93083691695854909       0.41898550854212296        6.2522866167963487E-002   7.8980055684036449E-003   9.5680979173434668E-004   1.1386855668928129E-004   1.6455995973369588E-005   1.3051419315334924E-005   3.8885799924696995E-005   1.3392004773864880E-004   6.7080346666102198E-004   4.2216484509754277E-003   2.3239191837863563E-002   8.2640721960770713E-002  0.12496990108713833       0.21621427180474179       0.64137870793932750       0.95148700338600600       0.99388090892065806       0.99649065278526028       0.97603178027788617       0.81243745709017900       0.14324855666453426        2.7856972188445701E-002   9.6328244132301098E-003   3.3604089703241791E-003
   1.4059212480799704E-002   8.4190021923010432E-003   2.9111243092493563E-003   8.2391760790518015E-004   3.7002903482732035E-004   5.7770709257312289E-004   9.6188784372359514E-004   1.0572275223777205E-003   8.2298671039435928E-004   3.3588979460028886E-004   9.8047510898596532E-005   2.4677530587541599E-005   1.0000000000000001E-005   1.0000000000000001E-005   5.8764623367055852E-005   4.6104430741801035E-004   3.5010565884754730E-003   2.5029152258436039E-002  0.15543790982642028       0.57956572290235453       0.83302734059956762       0.90255645714651433       0.96342370460346738       0.98243630190395759       0.98665817495914032       0.98823735355501641       0.99092954183853521       0.99565133761905822       0.99543035351204456       0.97920753033261698       0.84446839119890027       0.11116455561740111        1.2718886943386439E-002   9.6233910309933921E-003   4.1219178510556786E-002   5.7370872272450170E-002   2.1176429297621840E-002   4.2183667286894485E-003   7.7595809674344148E-004   1.1493472432354212E-003   1.0641808568158087E-002  0.10522580236330742       0.82303250194067468       0.97563506106721265       0.99554976865379863       0.99812408029245214       0.99820646736127594       0.99551153701974471       0.97147258616209775       0.79173763388315210       0.24909545795265131        9.0365265747523293E-002   1.5371994446777358E-002   2.3086644326566364E-003   8.9236553749501681E-004   2.8770063290188110E-003   9.8687134755409082E-003   2.4769261295478320E-002  0.11323418930618068       0.64289365546369914       0.95502403374420020       0.98958038713726881       0.95056540455677552       0.61960780853889330       0.21316550364341183       0.13296493264722220       0.10994190381618973        7.2726841924326574E-002   9.4675432089247599E-002  0.16492717767395590       0.21960722303905378       0.48744225652178574       0.86809227016991131       0.97251308203679920       0.91888884309176910       0.34588162003755935        4.3060902938849732E-002   4.8529680625262637E-003   6.1368434569156779E-004   1.2181169345966259E-004   6.3321225616582151E-005   2.0250531395404954E-004   1.4678693464978089E-003   1.3240945550534278E-002  0.12363392544586722       0.87667867328902049       0.98692038275405825       0.99863576625163131       0.99985573734535182       0.99998365468449968       0.99999000000000005       0.99999000000000005       0.99999000000000005       0.99998666201375763       0.99996437063048205       0.99992867716536371       0.99991341470893802       0.99994688363321538       0.99997546660094327       0.99996224462129402       0.99971660012458430       0.99749138404816007       0.97825796867142678       0.82794569920768513       0.21107502751362597        2.7015097974530611E-002   3.1049301668602679E-003   3.4944061346439155E-004   5.4114592931016057E-005   6.6581223311071801E-005   1.8640561822783476E-004   3.2534946583951578E-004   2.6658685989288842E-004   6.5946444232476678E-004   2.7870626406344555E-003   8.6184979080871187E-003   1.4877661721299293E-002   3.9113119147651275E-002  0.20490656927297640       0.88766751002851496       0.98717669879223191       0.99713119015555218       0.98799059316387527       0.90392959313459831       0.36298075478960706       0.14521605247438571        7.8672865476934140E-002   2.8069802157243657E-002
  0.12638450548162330        8.1478923171539236E-002   2.4945338904360681E-002   5.9740625428866215E-003   1.2462996742982095E-003   2.8373578911764711E-004   1.3377447359300484E-004   1.1089200264041056E-004   8.3565614499880604E-005   3.8242698124584344E-005   1.3853293098135605E-005   1.0000000000000001E-005   1.0000000000000001E-005   1.0000000000000001E-005   1.5191594924481610E-005   9.8677497492584404E-005   6.5616944240191161E-004   3.9770065684589778E-003   2.0354606399847670E-002   7.1153720320508707E-002  0.12829734399532591       0.25887277999156422       0.71311120105510228       0.84941781643473391       0.87522870025419786       0.88595619658585978       0.91059692754845611       0.96412235260696433       0.97935894456700590       0.96184288838238408       0.80276397138507360       0.10260314308999945        1.0691995074627274E-002   2.2957398741756071E-003   4.7078119983119913E-003   5.9711410028310654E-003   2.5434182613814247E-003   6.3377937642030769E-004   2.0164914218036211E-004   8.4030525692146193E-004   8.2577061015828360E-003   8.2071713118831463E-002  0.68450316419519197       0.94641111719611049       0.99038625443972417       0.99750763112439778       0.99840831803816465       0.99225090057869658       0.92596084386085653       0.37175083001620363        6.3733771837761244E-002   1.4417244583017930E-002   2.8203460187344090E-003   5.1148174897477471E-004   1.6534450646069198E-004   3.7622306496981487E-004   1.3296503446895943E-003   5.2869758226738468E-003   3.4531521909289126E-002  0.24939871611340014       0.90662140010883707       0.97981260956475391       0.89726962005147337       0.21096861879379500        4.0066987195489845E-002   1.6661638788899296E-002   1.6729915324319979E-002   4.8896521390073173E-002  0.31271741913805512       0.79829797632539878       0.89154800954302871       0.93773948324377576       0.98204635423904740       0.99330666377913024       0.96930726096375464       0.75746460966374352        9.3424165011552304E-002   9.4236559756947155E-003   9.5890070152264005E-004   1.6273316512414190E-004   2.3530685354737458E-004   7.4405736780008727E-004   3.0624631768674478E-003   1.8764319381115186E-002  0.14709294660767872       0.88374009361317263       0.98776111779178710       0.99872452232159470       0.99986451777700636       0.99998444435915368       0.99999000000000005       0.99999000000000005       0.99999000000000005       0.99996822146586495       0.99990734815701210       0.99980820620584254       0.99976289749737446       0.99985866392889922       0.99994441736043616       0.99997376012468542       0.99990787659588776       0.99926429481475987       0.99403995182548843       0.95380179079011951       0.68987299023161686        8.3952935010356680E-002   8.5946911182067497E-003   8.9993432948910854E-004   1.8592201640122791E-004   4.0408321584053865E-004   1.2958605612616155E-003   2.2174206999124048E-003   9.2909794684044105E-004   3.3531404206871447E-004   3.8402780961256606E-004   9.8881865900662231E-004   2.5958340189352475E-003   1.4614662971548528E-002  0.12343873455910689       0.85963117071937978       0.98364436674853284       0.99774645210818802       0.99710523447331501       0.98313234041163178       0.91708535546061098       0.84466027624379580       0.63157261345608962       0.22482300031617825     
  0.84771998996067943       0.66699392502307731       0.19285383810779014        4.2579658211105362E-002   7.9425620169299282E-003   1.3650255779634570E-003   2.2736151601339315E-004   4.4140854480340543E-005   1.4885872524232888E-005   1.0000000000000001E-005   1.0000000000000001E-005   1.0000000000000001E-005   1.0000000000000001E-005   1.0000000000000001E-005   1.0000000000000001E-005   1.9071388822107924E-005   1.0570627193564769E-004   5.5468340969810665E-004   2.4179826302612156E-003   7.5429936790144519E-003   1.4575798900377262E-002   3.2315588631464998E-002   8.6215385159496852E-002  0.11273283886451338       0.12366692180153623       0.14639466459668685       0.26755870425230960       0.71396839564048764       0.83838027363076728       0.80224168606532120       0.47272449814147116        5.8442741209753360E-002   6.2609966743094412E-003   8.1308122905652126E-004   5.6408485920657835E-004   6.1699729637386001E-004   2.9471125046555017E-004   8.9319860409730107E-005   5.5100966924008151E-005   3.3130118153540118E-004   2.9237206631939948E-003   2.5106317125688983E-002  0.19236977674732936       0.76365932389722757       0.94624363214938645       0.98334864943059441       0.99349818267213175       0.99165739135896336       0.93196609479010706       0.42137915333433368        6.9097857175828531E-002   1.1766140368616932E-002   2.2928598391505784E-003   4.4058287853865075E-004   9.0702839205701770E-005   7.4893766878860886E-005   3.2680814872568372E-004   2.1969579426797062E-003   1.8130558040830049E-002  0.15199664103421601       0.88723467169237735       0.97564825566222857       0.87969368365715683       0.13418906559257440        1.6217666537686661E-002   3.2572987054418287E-003   4.1345008722064747E-003   2.3843119287220264E-002  0.17918670156833100       0.84296702763610332       0.97203002573661956       0.99151784568225976       0.99743804799526392       0.99757508802776684       0.98283920478248432       0.85266752643543597       0.11258497099506477        1.1499586257993896E-002   1.2552663143605373E-003   6.1698044401356533E-004   1.8210785516588790E-003   5.4101341115789896E-003   1.6096290309814607E-002   5.7621769860196750E-002  0.29605758297784446       0.91320571041911613       0.99104034976874988       0.99907392863639144       0.99990188482694720       0.99998814463028374       0.99999000000000005       0.99999000000000005       0.99998582847587636       0.99994794203196091       0.99984438057564939       0.99967094328578365       0.99958761903563853       0.99975793660871948       0.99990849358394729       0.99997068524887744       0.99996411302460475       0.99974630932189101       0.99786321659798793       0.98186188830230248       0.84976759632823162       0.12078515888390264        1.3287306226628687E-002   1.6239169908495192E-003   7.4003884385486288E-004   2.5367141447885933E-003   9.4042031100011660E-003   1.5878505439832276E-002   4.9317734156207344E-003   1.0810701089122136E-003   2.4594739532811497E-004   2.3630197173630667E-004   1.3143132549610921E-003   1.2021623109530366E-002  0.11592278582667434       0.86367775980785066       0.98453188333579877       0.99816011893297651       0.99932384302876109       0.99762984142035782       0.99091870996978548       0.98139954841234200       0.95419813622811234       0.89852726518070858     
