  0.25104492530854999       0.68404393428730481       0.95773167923930369       0.99214184159716334       0.98741951689326635       0.96171625085910106       0.84265940798762695       0.45260615665614007       0.15492329922175815       0.10849910648633602       0.23799498182460035       0.77725543119247043       0.95728814346915148       0.99166803430084471       0.99755014548252774       0.99841500170500341       0.99802740160266334       0.99546653398569618       0.98520982609354979       0.95093486387084969       0.79817900019759647       0.31514547721861769       0.16797775685456698       0.18541292229149556       0.33392229518938460       0.23553195155932580       0.14214644602501267        9.2001395583450662E-002   4.0247176027255110E-002   3.6034243164861993E-002   8.1966487153864440E-002  0.17531778173316256       0.53087359702561177       0.92202106239052417       0.98959188508851592       0.99856138018710172       0.99861688275227711       0.98781647811004136       0.88194559701889952       0.13014313780744197        1.4405013855260974E-002   2.4723971822235968E-003   8.9806337022016562E-003   8.6513589143793687E-002  0.71057631316749847       0.96051187583674258       0.99115321549259239       0.98269674886433533       0.97438757193088554       0.98616835947802062       0.99606283779122218       0.99919019148273225       0.99975454189315904       0.99954921056725698       0.99894760626222856       0.99893579631793994       0.99941786886558825       0.99901519918450343       0.99511608610565228       0.97514800549979241       0.90741633404531741       0.80945688306630337       0.46552983965106998       0.21339673131958264     
   5.0577446966993227E-002  0.24918521792961845       0.90678603674980807       0.99012072899171855       0.99755131750582438       0.99471518070414244       0.97871723420327084       0.92301071238640509       0.82331804050913571       0.72935056182515212       0.86499448684551672       0.96527828020168194       0.99307741768099089       0.99866104172005321       0.99965106258340075       0.99978076940413296       0.99969096311346206       0.99934199041551397       0.99804635617866555       0.99331284760171024       0.97385118544936744       0.91670969238167688       0.88529948313079321       0.85474526612443968       0.69090811701574717       0.11827314465201431        2.5974102139170056E-002   1.0716581951476529E-002   4.6548289632899857E-003   4.2048068369978315E-003   9.6775707413603758E-003   2.8876149803487988E-002  0.14408334755937213       0.72646231058773925       0.96298607308871043       0.99543394434535326       0.99837438467132000       0.98886728917672828       0.89116865579753279       0.16429103900859063        2.1100698517724052E-002   4.2544166711489017E-003   1.3166598255355277E-002  0.11754904834080171       0.85049019118927038       0.97889567341613171       0.97460212880413777       0.87254007240760578       0.80017670588845402       0.88623314561267463       0.97131166219087495       0.99521943002199642       0.99930384008912732       0.99984859674436044       0.99983059979153499       0.99968066537319078       0.99891620596043218       0.99460922584181766       0.96851312308219573       0.81777458601605857       0.31140490807917998       0.13048266934330532        5.9394500459594227E-002   2.9270492225450053E-002
   4.2041942446822592E-002  0.23428286234567572       0.90469412710084895       0.99027680306128307       0.99883726603729195       0.99921109470005021       0.99727051253383359       0.99067383992802593       0.97764997895042294       0.96611615820666441       0.98308217585514368       0.99519553377720049       0.99893722532453511       0.99975526569213835       0.99982756897672487       0.99961161078705252       0.99913768925441926       0.99889596449898577       0.99885844064779128       0.99862762702550567       0.99658233228285598       0.99064403223635000       0.98353020872203833       0.95314432855745834       0.73920811135436881        9.5313366717222861E-002   1.1274099447981249E-002   1.9849510125102619E-003   6.0682644810166654E-004   5.0935292281366936E-004   1.3080814282687243E-003   5.5360298597273297E-003   3.5290239002541787E-002  0.23998055227653567       0.88671908156357382       0.98686327757119785       0.99775737712756662       0.99209268637964521       0.92330660380209884       0.35584606423483295        6.0685174899417743E-002   1.4441764850009659E-002   2.3866398547629949E-002  0.15688080831245022       0.88235317124565860       0.97591796896115734       0.90087076219039264       0.29369771946343981       0.14221974042735813       0.26924939211739024       0.81364549514747520       0.97542443719169880       0.99711497696340745       0.99963929421556252       0.99975268094935821       0.99878164569311767       0.99349822723355197       0.96894638013811452       0.83515393954296002       0.26226248567786831        5.6151793536745119E-002   1.7268206913045619E-002   8.9072273022739804E-003   1.2201305778347127E-002
  0.18330907735364363       0.61203510160534247       0.95114097977980627       0.99462385093597627       0.99938420696931030       0.99983170253936393       0.99963804588844007       0.99887681383151505       0.99737155319361237       0.99619953843895592       0.99798647864004064       0.99935479177431497       0.99979547200384900       0.99971738917680775       0.99895624003174599       0.99666724414562724       0.99153664753528736       0.98946085740181910       0.99077546692892859       0.99494338323266718       0.99650307130886084       0.99382424863474816       0.98004049462965048       0.90414916483671359       0.41682299510751053        5.1187426583679384E-002   5.6538160602271860E-003   6.8479439112355506E-004   1.1819542413384399E-004   7.3449993466695893E-005   2.4649415125880880E-004   1.5535402755641975E-003   1.2518151932945186E-002  0.10665223102358910       0.74388812864091625       0.96752079302960181       0.99600528448163161       0.99693525567349450       0.97718799621088015       0.82470613433331008       0.25917931761232949        8.5049244481411101E-002   9.5438959329268158E-002  0.34558549279334605       0.91531870552493255       0.96616905154836552       0.81568674225081061       0.12772281449964681        2.8576070766201916E-002   5.8850285599066188E-002  0.32245478061737221       0.91901855927966436       0.99185222601720868       0.99906136853350958       0.99892206919435245       0.99300195020992832       0.95764032314982461       0.82138321880250842       0.36683085468987481        6.3981849531927648E-002   1.1165180832789168E-002   5.1185400931993081E-003   1.6114570658127936E-002   6.3834618199067703E-002
  0.82688843768294928       0.94292888135122355       0.99016847067133751       0.99849855547469857       0.99966549175258956       0.99982067977655342       0.99984995825978973       0.99982158714080305       0.99968591632783210       0.99958166819601679       0.99975765901116143       0.99986734767834806       0.99965982085152727       0.99820832809184301       0.99161662223284375       0.97082369492777598       0.91553306211262753       0.89513568205313343       0.90805105669294250       0.95431196960926190       0.97317748789645575       0.95902666737388398       0.88366403660242487       0.67658611168923044       0.12664256687945669        1.6196841794806450E-002   1.9372398983031165E-003   2.3261345584672785E-004   3.2079033643284538E-005   1.5093090487717723E-005   6.5633746197799975E-005   5.0720275580707676E-004   4.2894741858424843E-003   3.6368418309883847E-002  0.27909536575913818       0.90910390105449135       0.99031928290643012       0.99833304074446183       0.99521381716292068       0.96952109523186814       0.84875055586082082       0.54274128580829106       0.54885268258771602       0.85925985241259528       0.96330286917379637       0.91440104504900321       0.50707805273480033        6.3365550180373487E-002   1.0342888431224563E-002   2.4819515306451444E-002  0.18389358927345087       0.89679933077960772       0.98958905971763489       0.99851825627336599       0.99584627705137929       0.96555442423279936       0.74254388184451658       0.21328917214232052        5.7744504406697907E-002   1.1192090736900797E-002   3.7817185583982919E-003   1.5233717493574868E-002  0.10464343092031191       0.45367714635977424     
  0.97240267113861212       0.99129982674734485       0.99722409288391156       0.99839678527616327       0.99852105905999144       0.99864887853099960       0.99901996249970948       0.99959897981614776       0.99986336814642962       0.99992934142477519       0.99993483548426065       0.99973279271689508       0.99818536446575346       0.98826450383888764       0.93603679349465441       0.77208081755875702       0.29679293027716575       0.17555172676479586       0.24680451159893088       0.62718822425855314       0.78678480325444589       0.69268017406653659       0.26369899918203737       0.10284139867513190        2.1008984242717483E-002   3.2886936535492495E-003   4.6085136734584555E-004   6.2143609017034345E-005   1.0010219571483175E-005   1.0000000000000001E-005   2.4624967424983103E-005   2.0254557739823504E-004   1.7938641484890429E-003   1.5984644678110015E-002  0.13820597016280461       0.85773234222181605       0.98244325991157522       0.99764814526005274       0.99889937135456097       0.99552147635613353       0.98066567746834732       0.94533181242662356       0.94287397703008569       0.96359118881638006       0.91038800740626302       0.69353012757702759       0.14070884452011950        1.8719514031064494E-002   6.0571821856189572E-003   3.4109273214519689E-002  0.27052031077436789       0.91177475281101195       0.99105991017026007       0.99805737672458872       0.98969694367174221       0.90308324899102965       0.24930433536924820        4.3265787373029482E-002   8.9935489244757777E-003   2.3563697760949701E-003   6.2523453011807820E-003   5.7071785279244107E-002  0.47735465907009544       0.88262948702350141     
  0.98062016408698427       0.98683617024151626       0.98771308412975689       0.98717670730128415       0.98654245752047975       0.98734084283363743       0.99066264737533338       0.99671712683572167       0.99924915770845946       0.99984238114523583       0.99984218119897250       0.99890804721103488       0.99133404561904748       0.93482574941044272       0.60081469771692619       0.16576385239172833        4.3919268666826584E-002   2.1897310194880042E-002   3.0618069521697818E-002   7.3421437571430340E-002   9.6547747598942676E-002   8.2227710442553448E-002   3.3075749736860234E-002   1.2273147458468891E-002   2.9427540724450913E-003   5.5028631410295316E-004   9.3076475143350623E-005   2.1538060873845799E-005   1.2647445873473072E-005   1.1747163797561650E-005   1.7415127046279484E-005   1.0375226271277545E-004   9.5583582494052934E-004   9.1430029862190551E-003   8.7217376900012106E-002  0.69661865327869410       0.94978572610199674       0.99208377278433024       0.99861868712324131       0.99918582298228698       0.99751027002097381       0.99261305212514583       0.98034268150741555       0.89693906274335711       0.49280402125870426       0.13604834541286787        2.5111457705764090E-002   4.5925420528339063E-003   8.8499475186125838E-003   8.3267202391931874E-002  0.69680044615226833       0.96226470695739053       0.99561815755044680       0.99771665047139635       0.98346521105004991       0.85710864686116262       0.13128578612549516        1.5810456810682369E-002   2.2492432278443247E-003   1.1425941398718832E-003   8.1168119699806963E-003   8.0387131522648606E-002  0.67574249883898629       0.94002834304638161     
  0.87085799394476493       0.88473190777901101       0.88488497225954676       0.88010801734035349       0.87555729727710896       0.88150052261999223       0.91020054236406078       0.97281155474045378       0.99494940892542361       0.99916794642023354       0.99947363372078557       0.99635463735271634       0.96891625833186490       0.76188926875332141       0.16327007432085308        2.9472554444338783E-002   6.3864864453800040E-003   2.6682274673710980E-003   3.4388759632016331E-003   7.3411056568486463E-003   9.5721354119814635E-003   8.1810046807022155E-003   3.7003496199424515E-003   1.4206315286486128E-003   3.9185498620564852E-004   9.7965919361127485E-005   5.3366675572462660E-005   8.4335971133343119E-005   1.0606400066136215E-004   9.9165329372721226E-005   6.6740031199818528E-005   6.2955315256401194E-005   3.5642714393000993E-004   3.0711286722108215E-003   2.6050884557205917E-002  0.19805345743855610       0.77934611016427591       0.95971867722697424       0.99328990411655294       0.99883405239819911       0.99903436496148146       0.99406189558564673       0.94977833792083133       0.59686308410037292       0.11867870275377192        2.2740431901270935E-002   4.2266778660649115E-003   1.7210627018182589E-003   1.0677293347370094E-002  0.10521756364876186       0.82592355575908183       0.97875599441623662       0.99710615468942121       0.99572907377280018       0.96454230594923718       0.71812946197677696        8.8948984120014174E-002   9.2612799596088601E-003   1.0548847964074618E-003   6.5917178694087873E-004   5.0046452106793449E-003   4.5176565232080482E-002  0.35661459339472523       0.78733987456248622     
  0.13664340517891255       0.15483613030269042       0.15604559167802298       0.14390671883913714       0.13007427914827574       0.14519096483438862       0.28026017723973962       0.79927348917586327       0.97076162126153043       0.99608362605971457       0.99844034209077381       0.98997154532272136       0.90650381336831920       0.27082733016542221        4.0514503565318168E-002   6.0345739002121857E-003   1.0672946405508531E-003   3.4484638968916836E-004   3.8024600396336945E-004   7.2887584024996111E-004   9.4195556129191081E-004   8.2389756778264672E-004   4.3494692662036520E-004   2.0423012363873438E-004   1.1134498142151996E-004   1.5169507169196975E-004   3.5764316752986578E-004   8.2396439993006297E-004   1.0675424081213352E-003   9.9381423072633385E-004   6.0661365986448606E-004   2.1778027189470948E-004   1.4722857794876505E-004   7.7681186440114406E-004   5.7589375404994347E-003   3.9670419949930577E-002  0.22418305486133644       0.78771471806305404       0.96361855651762918       0.99469232003871355       0.99833110136353287       0.99022546015457535       0.90407714382047666       0.22648403926704153        3.2599377117466993E-002   4.9012384577743467E-003   8.8029766250961340E-004   1.0726560639261469E-003   9.6054577014201784E-003   9.5569830544196377E-002  0.77274623779532425       0.97034692260674005       0.99535613999859662       0.98992872756160610       0.90792232790616156       0.26700922238657171        3.3470782784944537E-002   3.7827464942323530E-003   4.8751985396702704E-004   3.5805717340757032E-004   1.6402977109581634E-003   9.6850922951861179E-003   4.9582531789072799E-002  0.10801478283557464     
   6.4937464016404739E-002  0.12595385748864835       0.14079671506319810       0.11001208183472559        4.1318047097686710E-002   2.3076242377298967E-002   5.3119707717392751E-002  0.26634704727258990       0.88761829186306007       0.98600695347605027       0.99596050699293703       0.98138299786486927       0.85121254908785648       0.13380934846999917        1.5789705626915555E-002   1.9038676127619255E-003   2.5755815974103671E-004   5.5753181370973415E-005   4.9611600502899098E-005   1.0184927507681169E-004   1.8636299809561107E-004   2.7124272888512857E-004   3.5214319067450859E-004   4.0316516318996402E-004   5.6829561199380158E-004   1.2639856005037806E-003   3.2581573268382759E-003   8.3235262537837001E-003   1.0799079351734402E-002   1.0031978538991296E-002   5.8413889387420896E-003   1.7303192235355439E-003   3.8573218043099725E-004   2.2809122535081441E-004   1.1393859075698777E-003   7.2586169506079039E-003   4.3134452715102724E-002  0.23365214013360516       0.82347445343848658       0.97725413330864741       0.99634267938188925       0.98932078246093547       0.89660923614641719       0.18278169135877542        2.2925633543394067E-002   2.8012799722658770E-003   4.0970575661572267E-004   5.9433684095093085E-004   5.2558350972632013E-003   4.9172200190088618E-002  0.40407776781041244       0.91376569794528262       0.98680776765018630       0.98223863451787419       0.86350966060581058       0.13826517249144210        1.5839854906449593E-002   1.8772070558878045E-003   6.4031659382421174E-004   1.3944239960949397E-003   3.6136921174259513E-003   9.9715992051841833E-003   1.8768925814325405E-002   3.2657286470000033E-002
  0.37331690089353908       0.77659209053090383       0.84030244883842087       0.70825355427810754       0.18881130279069425        2.8328877926186637E-002   1.7221591309733043E-002  0.10673176908055383       0.72049836992245231       0.95792542606082198       0.98576782968934418       0.94721996070539460       0.67344182339715952        8.3175373924301174E-002   8.7107230437328577E-003   9.2026209299051875E-004   1.0327554528939550E-004   2.2258590611152703E-005   5.3814129090791472E-005   2.4155413712086522E-004   8.5407491286244473E-004   1.6989875566302130E-003   2.7215913893685662E-003   3.4055826321381629E-003   5.0099515292546110E-003   1.1346326904089529E-002   2.8957307674218398E-002   8.3057530733469276E-002  0.10692573095771027        9.9454499322133544E-002   5.5208682888773217E-002   1.3628129337163199E-002   2.3856503480091584E-003   3.9046794941716666E-004   2.7962490543757828E-004   1.5006756260495485E-003   9.6897797830060532E-003   6.5063965381029570E-002  0.41346072746750073       0.93145387379869082       0.99233202672501153       0.99156732909111933       0.92273840638326787       0.34646834352694778        4.5090555910872694E-002   5.2729210813691500E-003   6.3724022229199218E-004   2.9153860914024322E-004   1.9594150466115214E-003   1.6895983216871441E-002  0.13691060423050683       0.75394044802207549       0.95162309605344242       0.95210602806811429       0.73203608029641076        9.3164760644548733E-002   1.0111438719775049E-002   2.1258949145726803E-003   3.8760973717241447E-003   1.2012697513290798E-002   2.9901513518233187E-002   8.4341712115216377E-002  0.11989885973190666       0.16899685302310272     
  0.92504031770548534       0.97179528611227084       0.97864125301384441       0.94201460307903129       0.70000860032188605        8.6515332315199450E-002   1.2916355348057672E-002   3.2197714578595243E-002  0.23010221828373242       0.83866577133850040       0.92774364061643511       0.78209517599126788       0.19497888841885955        2.5400704461671520E-002   2.9727310989369664E-003   3.3840815616910434E-004   4.4643596739531967E-005   5.1114499294704518E-005   3.0783045822667892E-004   1.7560349096596652E-003   7.5386901484141983E-003   1.4869973398380129E-002   2.3360062834142228E-002   2.9441875907805209E-002   4.3971693719847445E-002  0.10004782641477775       0.23106724335662659       0.69377304258201589       0.83150235213030710       0.79146531468028358       0.45366237002477611        9.3937406293264580E-002   1.3101950647543870E-002   1.6512916015017996E-003   3.0473097632945556E-004   8.6122893106367962E-004   6.5029195648353029E-003   5.1145882765999955E-002  0.36729738607824697       0.92592120124372435       0.99225307556194686       0.99614192806547441       0.97208731457270658       0.77581950425628732       0.11755111892861073        1.3960711366379450E-002   1.6497101990625928E-003   2.6413397312221156E-004   5.9462496481165557E-004   4.5336082005888760E-003   3.4099800117695749E-002  0.22360354502623170       0.76834270488680811       0.80137726782156771       0.24854899701389646        3.4707544756676513E-002   6.9398357765755861E-003   9.4134121371086555E-003   3.1121055942878388E-002  0.10520117306050833       0.23806846232358370       0.69329219191478686       0.84884702871319151       0.88755994448784159     
  0.99231257542303575       0.99658871680640304       0.99587769144806959       0.97926847515329474       0.84445825580859191       0.11320785493725675        1.3030023411732365E-002   1.0512247114073184E-002   7.0445173104313932E-002  0.43083707090795720       0.59441565296036347       0.21667862011799147        4.0619089206648466E-002   5.9511244452795341E-003   7.8991867296157332E-004   1.0247028339509366E-004   3.9154190020260613E-005   2.1975105304612263E-004   1.6957756341782083E-003   1.2035265494161125E-002   6.7163376793319698E-002  0.12823547968988361       0.18780806930406432       0.23338082978103927       0.34545572009123221       0.71226916060753842       0.87723830073831954       0.95853111981788064       0.97887772932493722       0.96864833615985269       0.87434711755295624       0.39929623753675886        4.8971277500338729E-002   5.2785390268631919E-003   8.0337562174371407E-004   2.1615797835228224E-003   1.7276096854647389E-002  0.13575261666217600       0.76028488482947254       0.96974233561203871       0.99643698340594122       0.99834397459642843       0.98837272026839207       0.89719989334495165       0.27126462657594830        3.8537584882314631E-002   4.8681373557341364E-003   6.1459678883279587E-004   2.3601402275267880E-004   1.2232888531801102E-003   8.4416818063943258E-003   5.3148856116732736E-002  0.25563907300230171       0.41081286621131180       0.10743684569765104        3.0696842259402366E-002   2.6956799990379015E-002   7.0577278599431303E-002  0.23029424937428850       0.73113057274155990       0.88566818326268903       0.95975719350504662       0.98222046075084801       0.98812027891907295     
  0.99911654130015415       0.99895009599865869       0.99544471135461920       0.97376808459252617       0.83184730948087315       0.11056625375354001        1.1839319015776104E-002   3.0831036315645071E-003   1.1598608224134296E-002   5.2514804035366028E-002   7.0134954606819969E-002   2.8436404090511760E-002   6.4152221864668445E-003   1.1222131629753484E-003   1.7307940204090144E-004   3.5127531197343264E-005   9.2632233357772982E-005   7.7924632726797394E-004   7.0873783367940545E-003   6.5103750586303105E-002  0.51994542251260745       0.83003402289210515       0.89265575819847653       0.90720984059684506       0.92324556858023454       0.96394525097733819       0.98467405802489938       0.99410343469651663       0.99664616452847832       0.99329141330317550       0.96256825041454330       0.74786543725796673        9.0925145110962349E-002   9.1721817765399311E-003   1.6807136361140752E-003   6.8033430110212524E-003   5.6121378346871031E-002  0.40939551239160960       0.91311470681988671       0.98948456324648193       0.99871393985207346       0.99941929236932348       0.99622764846705569       0.96856561846026479       0.76313800966342560       0.13717785062065260        1.6843924134527653E-002   1.9547286016459772E-003   3.3833579459106888E-004   9.8621022483049749E-004   7.5557121641505682E-003   5.7141455126244411E-002  0.36612462509516380       0.67527812018422795       0.31140328618283536       0.17277251589564563       0.19841551803158408       0.46963587585905647       0.84117299392897349       0.95975665552282008       0.98624481771785955       0.99523066710731745       0.99798268321736050       0.99874711270335159     
  0.99938897762002654       0.99619955355517775       0.97649525991388753       0.88807017570789792       0.61436504873072673        7.4782459545336258E-002   7.8485406979661772E-003   1.1259260180037124E-003   1.6468844847750599E-003   5.5968938336446840E-003   7.1419687398956884E-003   3.3395382753413699E-003   9.0329622347517396E-004   1.8659699705732372E-004   3.8201935145711771E-005   4.1162913458774146E-005   2.4313843565666255E-004   1.7766962599593580E-003   1.4321085018826991E-002  0.12173888956102932       0.82396870580009329       0.96797106704063152       0.98765350476241909       0.99057725382080319       0.99171688431758509       0.99331770546277864       0.99093492840344533       0.99079701113782470       0.99339259814133718       0.99048782325259754       0.95364177309131026       0.70495435033181408        8.4538021157020846E-002   8.7050529143740778E-003   3.0189356034139698E-003   1.9171858143739375E-002  0.15588900170811218       0.81263762488366853       0.97504703725207031       0.99689144416463149       0.99960042094851087       0.99981036417044478       0.99878339483626100       0.98973682529392104       0.91440734000695656       0.40186180239682484        4.9077802637330123E-002   5.2890079089116951E-003   8.0404018439921639E-004   2.2953902627040903E-003   1.9383666477672670E-002  0.15614367007783805       0.80055710066484986       0.94241727758966587       0.91469401174482146       0.89377293701732319       0.89919978653093380       0.93718644576452725       0.98003471986704760       0.99473073123089306       0.99834048148054932       0.99943291735458262       0.99976023218948928       0.99979869831138890     
  0.99762644714858184       0.98017526604812866       0.85105874778850665       0.34960207608211863       0.10557590101834795        1.6352492798889860E-002   2.1559366729438229E-003   3.1279890992322643E-004   2.2943881083854547E-004   5.9072583199798034E-004   7.2650636468071838E-004   3.8221239244439344E-004   1.2109758598352896E-004   3.3349938310212306E-005   3.5046002797963666E-005   1.7641504726459686E-004   1.0259962697853097E-003   6.0353274634466127E-003   3.6930562349464228E-002  0.22951677882370741       0.89616980471170826       0.98780798708494655       0.99774547781433209       0.99827250540320944       0.99481486408473008       0.97672172667784030       0.92654377534911414       0.91375527185071426       0.94265064856849878       0.94319760247320983       0.81489327317950477       0.24969803476798874        3.2408273060682620E-002   4.2683850520410429E-003   5.7318476544960112E-003   5.0596167586666616E-002  0.42313533271793635       0.92242271527362119       0.99082435051018281       0.99884690678045418       0.99983212392372944       0.99992692214653833       0.99959297387561774       0.99660653722598347       0.97171672734106407       0.78127537929780588        9.7831321593521731E-002   9.9378883179043909E-003   1.5047451458883015E-003   5.1417435484715380E-003   4.7776007713355557E-002  0.39877151708268332       0.91685485178503467       0.98651401626761204       0.99042972040043986       0.98906376977589250       0.98973207595072921       0.99341235875632572       0.99755348751021544       0.99920440586825432       0.99969651086033595       0.99987970909022317       0.99992036904082926       0.99970388814695077     
  0.99284916207593754       0.92999674393545750       0.40578653047072721        7.9100841849426812E-002   1.7392446660598582E-002   3.1760927651222097E-003   5.1301698485137995E-004   8.3108436571449637E-005   3.5261350502893792E-005   6.4157387145454423E-005   7.6141891774439017E-005   4.4756749824670653E-005   1.9756057784473822E-005   3.0109733344216278E-005   1.6838362391891233E-004   1.0319167638048298E-003   6.0068672890198488E-003   3.3254369142204830E-002  0.17178675015374575       0.68442358687347427       0.95863843899013523       0.99500746414911989       0.99875078560421227       0.99601391101919068       0.97306611501454654       0.82617016609324423       0.37657523399303366       0.27802975456645990       0.52572662614200416       0.61288521597374035       0.25756605066448957        5.3294475879322740E-002   8.2041619714142283E-003   1.9634379339877263E-003   8.0598874011887610E-003   7.8755589639816811E-002  0.66867238152521680       0.95418536194002479       0.99328309487958788       0.99847355785303804       0.99961128906515750       0.99988921200753300       0.99976707234760998       0.99811364044938378       0.98339012635480816       0.85636550587169324       0.11366374361718322        1.1671008343526645E-002   1.7381672602742849E-003   5.8022612715805059E-003   5.4995126403542226E-002  0.46593861998515701       0.92107686438954650       0.98777703384912308       0.99640908361607472       0.99748988402656158       0.99772700126376401       0.99802227834248514       0.99834003930344284       0.99859519847181033       0.99898662942482197       0.99952614181634636       0.99971404924851082       0.99916496547892886     
  0.99051843409235218       0.91245496859287212       0.27779654046023838        4.9852892724640482E-002   1.3187529588210583E-002   3.1194495270325268E-003   5.9847824249444569E-004   1.0041011895596904E-004   1.8167564275084734E-005   1.0000000000000001E-005   1.0000000000000001E-005   1.0000000000000001E-005   2.0436012339154538E-005   1.3321043918590044E-004   9.2750179169270820E-004   6.0833401908810909E-003   3.6665728410940415E-002  0.19608429331943120       0.73325238104248436       0.94038579409203837       0.99032741657008105       0.99751115557015102       0.99648268126717421       0.98313930232169067       0.88335261793197062       0.27912263515730878        6.5464082644223653E-002   3.6500992888798628E-002   6.1766388218134412E-002   7.1970625056893653E-002   3.3721816786744005E-002   9.1774578220108014E-003   2.7417493473412672E-003   1.9564031322013950E-003   6.5164469439016682E-003   5.4621073019802825E-002  0.45482157166349640       0.89393052903497017       0.97487691163832990       0.98989966036333599       0.99722784340410564       0.99939953096490719       0.99960642552830148       0.99756402679265821       0.98005612716623680       0.83960958408921216       0.10946502872929163        1.1157817584294464E-002   1.3928817144549356E-003   2.6301280747502891E-003   2.1462126717279061E-002  0.16688665391337887       0.76499055382414927       0.94689558296200105       0.98079298556732553       0.98656400602306704       0.98744808538513540       0.98711679727751112       0.98667466410706550       0.98739271421637953       0.99040179854974086       0.99584533355878868       0.99800432853815213       0.99793010183292463     
  0.98769423502248721       0.94815240678920143       0.60645415744748121       0.19205896925370552        8.5402672607257632E-002   1.9934080958244973E-002   3.3198863589861990E-003   4.7799078777088604E-004   6.3895010051820837E-005   1.0000000000000001E-005   1.0000000000000001E-005   1.0847222329201771E-005   7.7260722861537015E-005   6.1792112050865601E-004   4.7420052037487267E-003   3.3712926440129569E-002  0.20246894487646078       0.76425604653863488       0.95124477265613716       0.98942581647711669       0.99489989986112282       0.98932092344071310       0.97881363782324060       0.92887716167445789       0.67281167837540024       0.10128106645386115        1.5078503980318958E-002   5.5201866944746079E-003   7.5844819213087018E-003   9.2887348890854215E-003   8.3005759677564246E-003   1.0609741972024958E-002   1.1897636782562233E-002   1.1486528168492049E-002   9.6834134899744049E-003   1.7648071981586078E-002  0.11527583930255247       0.54997399214532738       0.83168027841506509       0.91135986361968768       0.97896281300272459       0.99635801142031233       0.99860639423200248       0.99305836541787496       0.94864244465279779       0.67463190252051253        8.0694477194345859E-002   8.1299853412637128E-003   8.9758679947302394E-004   7.8261705916185867E-004   5.1567356892167349E-003   3.4718272421507976E-002  0.19373292389131611       0.68342833861605856       0.84612949742034427       0.87563129031862075       0.88021053054312193       0.87806672797229335       0.87561488531343012       0.88129722318947346       0.90689363666908518       0.96319347597518201       0.98280717827701414       0.98789198916445242     
  0.93352411763380616       0.97096519387529578       0.93992621734688053       0.85780491169782591       0.63484545541143667       0.13329252409066544        1.7571954678316258E-002   2.0960562756238066E-003   2.3985066326335765E-004   2.7563565360256339E-005   1.0000000000000001E-005   3.0928725527529561E-005   2.7415894673872083E-004   2.4489118915736155E-003   2.1132042691695455E-002  0.16508625239687366       0.74883813468417482       0.95342337514445175       0.99086480817927292       0.99381479531157879       0.97442890366583845       0.90591236858468327       0.84182536199584845       0.62300276131151977       0.15648356485713780        2.3989748683668710E-002   5.5714565739412407E-003   6.7916376491272646E-003   1.1991114953534167E-002   1.8794808952970220E-002   4.0607093773630309E-002   9.3430627390936660E-002  0.11313470718461148       0.10910711624967238        7.4797360776468438E-002   1.7127317080622394E-002   1.8990961960540013E-002   6.9540005637540342E-002  0.13700913385515542       0.32441837305691562       0.86281331662617256       0.98169717345688912       0.99468652407469760       0.97311180970450728       0.79523638554538145       0.19525341611464472        2.5072580677261206E-002   2.8886308276229620E-003   3.4225035653639399E-004   1.8488143014562660E-004   9.5187812150409343E-004   5.3763653028877888E-003   2.5308115231765557E-002   8.2504540281694738E-002  0.11306407183122541       0.12388694413912091       0.12684247726120054       0.12414514577926763       0.12326196189512163       0.14063515854637590       0.25423900974697450       0.70743060619488018       0.85223756637476744       0.89048746794948108     
  0.46208093658997013       0.85643803147805897       0.96290248955501778       0.97124443541759287       0.90392271032374616       0.48406072173924281        5.7199117931099205E-002   5.8937210119948246E-003   5.9724612403116658E-004   6.1227877507592728E-005   1.3937352149184633E-005   7.3591272288940738E-005   7.2128400340887788E-004   7.1716589939588467E-003   7.0502760531827635E-002  0.59471869839334512       0.93439695363391373       0.98976339205058528       0.99583287867786696       0.97890947994799171       0.84482010556239973       0.28905212879718206       0.13507400529314187        7.8981135873364791E-002   2.3726962845982573E-002   1.0588850127730856E-002   2.0245087057169556E-002   5.6826044219388694E-002  0.10678105475083910       0.15363137916596420       0.32245927720223522       0.75422569216489688       0.85169111635091410       0.83136569514504099       0.60811499273422065        7.8551005296233378E-002   1.0886348753090504E-002   8.9968809981102078E-003   2.1131813911292763E-002   9.3613666645310831E-002  0.57062224966819119       0.94756529242242871       0.98551519756799366       0.91351844113693526       0.30074481173101858        4.7468942941928639E-002   6.3535363986905163E-003   8.0085496726632957E-004   1.0160545675038042E-004   3.8904843134281493E-005   1.5237143296269035E-004   7.3680705234167312E-004   2.9519017329443370E-003   8.3699969007666221E-003   1.1729607435200554E-002   1.3216878849031624E-002   1.3683750715570276E-002   1.3199960897135621E-002   1.3055299694088826E-002   1.5891012178249762E-002   3.1718503620169654E-002   8.6312176049708936E-002  0.12139771704182675       0.18216626691048587     
   8.1369123492996201E-002  0.32094896721331262       0.81620125483360473       0.94318255169735055       0.91367749770775242       0.56709179402300802        6.6635163998152669E-002   6.7597048989413875E-003   6.7774711835235518E-004   6.9844088833573693E-005   1.8977967887594147E-005   1.1073061261734070E-004   1.0877412351494166E-003   1.0885198414730157E-002  0.10690637900148064       0.82601119168879256       0.97761647662701645       0.99663539342896990       0.99499685112697223       0.95789326277560627       0.66006911071280017       0.12443832036388018        3.7688874359264456E-002   2.4064286623762213E-002   2.4501228429915894E-002   5.5940841168064338E-002  0.15869680895517080       0.46752814050042113       0.80150711691611765       0.87785162927524651       0.91787976474065536       0.96932071295737299       0.98188487833845384       0.96937193013390521       0.84320622089106290       0.12326576385332157        1.4244387542017522E-002   3.3286514907906214E-003   1.0185977317237539E-002   7.8199886564744900E-002  0.58658935796309764       0.94899530709141411       0.98213064161863972       0.88285376807072113       0.14862818608242137        1.8032430147259429E-002   2.1510795464026360E-003   2.5818718057069880E-004   3.2040151181179322E-005   1.0000000000000001E-005   2.3152558085192556E-005   9.4682628372159223E-005   3.3211616925522217E-004   8.4233643493501081E-004   1.1988682960157712E-003   1.3894191630186834E-003   1.4557535923654069E-003   1.3799989100609371E-003   1.3542249229792293E-003   1.7304838507351044E-003   3.5528710677385465E-003   8.8121349471144434E-003   1.3346415461455336E-002   2.4484308975062583E-002
   1.2362510598738058E-002   5.5228829923265658E-002  0.22612216055677345       0.66247331622144845       0.64881194216812077       0.17340065348335790        2.3740085440884295E-002   2.8707790108426904E-003   3.3405749542489877E-004   4.5664094424245619E-005   2.7566896704483588E-005   1.3726257776113193E-004   1.2498487722942650E-003   1.2285807287946008E-002  0.11860169001564842       0.86973333837859779       0.98564831296892397       0.99814496023773536       0.99735993435980752       0.97990497788825714       0.85009209247663398       0.29954307123690749       0.15238797043989954       0.13604714979302843       0.17610033756656301       0.40247225565430433       0.80898459307552040       0.92748286092748655       0.97495063026369311       0.98659315063373632       0.99158358723487083       0.99646088854762049       0.99697870232396146       0.98621902330179989       0.88020352507281474       0.13505689969795964        1.5837102776401553E-002   4.7089370580846533E-003   2.1354371477809598E-002  0.15906343811117651       0.83089136482413262       0.97764625398071658       0.98404766979339553       0.87473449261103975       0.12313629092329829        1.3097603887139939E-002   1.3713097110570290E-003   1.4551006242608465E-004   1.6602515167285893E-005   1.0000000000000001E-005   1.0000000000000001E-005   1.2989374055051272E-005   3.7343511550272246E-005   8.5768752485292009E-005   1.2401961980088228E-004   1.4826952643945228E-004   1.5737748931320548E-004   1.4620482528716937E-004   1.4159448056180653E-004   1.8758833804196278E-004   3.8792370934383576E-004   8.9807004055832401E-004   1.4787801547090657E-003   3.2729304220590599E-003
   1.7892789623619471E-003   7.6980817341834014E-003   2.9154024381602354E-002   7.8383084691869928E-002   7.7160221318096314E-002   2.4649475570204013E-002   4.5882823112493682E-003   7.0761616685394830E-004   1.2106723299079313E-004   8.1784289305278452E-005   1.1921369127032436E-004   2.4109253875692057E-004   1.3719141068185585E-003   1.2678608113003609E-002  0.12121696258203607       0.87642304494615719       0.98693615110663213       0.99855626222464888       0.99919702733759075       0.99567035307550400       0.97614647165120749       0.91310130151646840       0.88696864376449402       0.88320823218361799       0.89371520730399656       0.92938350370686296       0.97622602355321608       0.99156313378716687       0.99705763401597303       0.99855205593404672       0.99913273482637643       0.99951322559205036       0.99865242883100280       0.98822125396400406       0.88595551329765221       0.14278883978203896        1.9636865051779213E-002   1.4193022881309173E-002   7.3239212609441384E-002  0.45316161970315416       0.92702218311759033       0.99020532541786543       0.98575788394988906       0.87546054089848724       0.12103756464880067        1.2622027600906915E-002   1.2839265965056427E-003   1.3094810439755173E-004   1.4340685532578583E-005   1.0000000000000001E-005   1.0000000000000001E-005   1.0000000000000001E-005   1.0000000000000001E-005   1.0147328498346852E-005   1.3911065279520384E-005   1.6903601732045790E-005   1.8095467140739714E-005   1.6571024815355589E-005   1.5853011757524735E-005   2.1261985978900490E-005   4.3082797928255098E-005   9.4863978050594076E-005   1.7207799255323773E-004   4.4905542556534958E-004
   2.5052085362005404E-004   9.9612558454453305E-004   3.3521242464143227E-003   7.8497664596445544E-003   7.7764898423147901E-003   3.0280265170522262E-003   7.2269475594827659E-004   1.7644106744242366E-004   2.1522250256601446E-004   6.4341796892615130E-004   1.0474534935597747E-003   1.2366222534931229E-003   2.1973803521286484E-003   1.3244623015016117E-002  0.12205300173975867       0.87649199149206958       0.98692940319624667       0.99862158411746449       0.99972525081752306       0.99927308446124585       0.99689696709946030       0.99106716357192159       0.98835162023133949       0.98794529620954874       0.98919397740914272       0.99283341023316030       0.99730806681469253       0.99903765305067649       0.99965886633667811       0.99984132829439520       0.99990179442251481       0.99985998363738671       0.99897602534787433       0.98990926235123189       0.90077128087850022       0.21600180227633756        5.2046439078586658E-002   6.9056729121884056E-002  0.27037523830067745       0.84717887346234833       0.97958154464124880       0.99619310029745789       0.98702379714839095       0.87897470162597291       0.12579779548654924        1.3430846590108361E-002   1.3988685948912330E-003   1.4597344114126195E-004   1.6142399456286224E-005   1.0000000000000001E-005   1.0000000000000001E-005   1.0000000000000001E-005   1.0000000000000001E-005   1.0000000000000001E-005   1.0000000000000001E-005   1.0000000000000001E-005   1.0000000000000001E-005   1.0000000000000001E-005   1.0000000000000001E-005   1.0000000000000001E-005   1.0000000000000001E-005   1.6055282121255412E-005   2.6173167358806482E-005   6.5482504013960810E-005
   4.4323662248262504E-005   1.2739915363614148E-004   3.7346391763026798E-004   7.7817982850106782E-004   7.7631360800909483E-004   3.5915497662851247E-004   1.4396719038078500E-004   2.9205689854531531E-004   1.4708118651085272E-003   5.9703149387259598E-003   1.0314724300559115E-002   1.1251437031040057E-002   1.0577847551030334E-002   1.8864313525082197E-002  0.13104227935547372       0.87772358948453544       0.98693267205400048       0.99861310570488038       0.99982619534507955       0.99987634619957189       0.99961648508270895       0.99908209895732480       0.99881349972157885       0.99877531996397195       0.99891633926780166       0.99927681123960732       0.99969977015883915       0.99988502373435972       0.99995515627522891       0.99997919272292646       0.99998337452099573       0.99993377302957054       0.99941198975065149       0.99451526775891186       0.95037085178362968       0.61498610641330664       0.27914415382149105       0.39945921316371463       0.83337415020947059       0.97063567540410445       0.99551615055817944       0.99822196203418301       0.98837311289606766       0.88749029294121407       0.15047968666579112        1.7390343961070590E-002   1.9211117597273957E-003   2.1007048992247317E-004   2.3619412522831269E-005   1.0000000000000001E-005   1.0000000000000001E-005   1.0000000000000001E-005   1.0000000000000001E-005   1.0000000000000001E-005   1.0000000000000001E-005   1.0000000000000001E-005   1.0000000000000001E-005   1.0000000000000001E-005   1.0000000000000001E-005   1.0000000000000001E-005   1.4243452764048462E-005   2.3657711322416155E-005   2.7215823704237413E-005   2.7375452034922600E-005
   8.9731242471276481E-005   4.6094049089287156E-005   4.9007168914263809E-005   7.9782926700457002E-005   8.1493634553671964E-005   6.5138254566913053E-005   2.0486756533356370E-004   1.4453886420946159E-003   9.9752299460481916E-003   5.4163087572155308E-002  0.10096183664102562       0.10958139133075681        9.3762414493971075E-002   6.9987565001006211E-002  0.20534064066489757       0.89356837528813227       0.98858354940276416       0.99875447319147770       0.99983580389166005       0.99992939512047285       0.99987652742009681       0.99979961095060377       0.99976694333501526       0.99978143978734280       0.99983510437419465       0.99989136623655883       0.99992618471588846       0.99992518535122088       0.99993959948577815       0.99997153957101759       0.99998820150722845       0.99997591023244159       0.99982372702772793       0.99865448161168668       0.99077416640021276       0.95111645750657814       0.91182446582127030       0.92791621935054591       0.97712265925113650       0.99453021067911496       0.99855687372387447       0.99872967666338164       0.99104660309207260       0.91272355371920533       0.28031788780895628        3.4775487573245320E-002   3.8512736975741873E-003   4.1525296983446752E-004   4.5442983209180795E-005   1.0000000000000001E-005   1.0000000000000001E-005   1.0000000000000001E-005   1.0000000000000001E-005   1.0000000000000001E-005   1.0000000000000001E-005   1.0000000000000001E-005   1.0000000000000001E-005   1.0000000000000001E-005   1.0000000000000001E-005   1.6622861091950336E-005   4.4354895123831871E-005   9.5259316224883631E-005   1.3957865518745373E-004   1.3149447523141760E-004
   7.7242325846558731E-004   2.5293542386122523E-004   6.3221817364195963E-005   2.0170555496485577E-005   1.7396265708267157E-005   6.9748616515744879E-005   5.9736599037586626E-004   5.5935982120076501E-003   5.1900900007929594E-002  0.41897597465114905       0.79142641102826061       0.84058824807069232       0.75391483657867508       0.46152446016700960       0.62783001889225909       0.94827427185671587       0.99375175856234077       0.99909680406701562       0.99968409608277242       0.99960227914163924       0.99920864698375678       0.99890839595327996       0.99884500769442086       0.99902839339100669       0.99944817039244904       0.99966598996775524       0.99960903585181715       0.99937401798316372       0.99944905593697142       0.99976335453395804       0.99993274568926294       0.99997741465012457       0.99994253616508821       0.99965154468420236       0.99807381677643847       0.99188779170497243       0.98283864469292548       0.98131676126019762       0.98566364064258816       0.98930895978661759       0.99404439954311974       0.99693372406643244       0.99410654368924223       0.96054275894318764       0.69641594534475304        8.2820959377713915E-002   8.2577796650625864E-003   8.2021721970185776E-004   9.0830705999200259E-005   1.9446459889433613E-005   1.1103827887235847E-005   1.0000000000000001E-005   1.0000000000000001E-005   1.0000000000000001E-005   1.0000000000000001E-005   1.0000000000000001E-005   1.0000000000000001E-005   1.0000000000000001E-005   1.2377896584630666E-005   4.8765441020065524E-005   1.8370401185234260E-004   5.6288161823825485E-004   1.0749099592434269E-003   1.1276078309546392E-003
   7.4025752502790672E-003   2.0066168814310715E-003   3.9665594184414634E-004   6.8626578004864921E-005   1.9976461826135900E-005   8.4113533626603028E-005   7.9873803110957348E-004   7.9696908926755339E-003   7.9432040689319222E-002  0.67148380655376749       0.94401854527092310       0.97785252785973620       0.96896691027836412       0.93628783160348883       0.95234623282562370       0.98909637842016385       0.99690184052196662       0.99799984743746262       0.99790202816715545       0.99645093267422669       0.99209127257334961       0.98909064889075982       0.98852843713609073       0.99034781569938402       0.99489622289702906       0.99708652978831147       0.99645615085271988       0.99377247624116527       0.99461359982574260       0.99792302600841221       0.99949758121775800       0.99989064932725435       0.99989014614872884       0.99933876434999336       0.99570070783227205       0.97634970970863999       0.91908569761172432       0.88950980093085186       0.88563337015783927       0.90038572488911750       0.94481112549861090       0.97647761705071678       0.98060587144592337       0.95130898718754464       0.73316023874598779        8.8941541532678539E-002   8.9428657934978034E-003   9.5826279189516141E-004   1.9401646900878551E-004   1.2030268872347593E-004   9.3453895152914292E-005   5.2751192703236442E-005   2.6935937629144064E-005   1.7195118220451421E-005   1.3936465573825140E-005   1.1798826704148320E-005   1.0000000000000001E-005   1.0000000000000001E-005   3.6192448055606352E-005   2.0464604890199493E-004   1.0640243770409009E-003   4.3585433600809836E-003   9.8671058422848037E-003   1.0782765081725669E-002
   7.1271198932786509E-002   1.4850579670958191E-002   2.3641518569625332E-003   3.3886842369615318E-004   5.3179533712653621E-005   7.6576883980935062E-005   6.7279532807644656E-004   6.5212662877671985E-003   6.3228776340409409E-002  0.53728507286491389       0.94356831156616072       0.99217020293645719       0.99514959655858548       0.99001681630739458       0.98550323781256910       0.98591639102830952       0.98511101195469652       0.98400927640524105       0.98174209009988345       0.96827686493815435       0.92120874973802680       0.89230473243794439       0.88750238062121634       0.90432254384514166       0.95281683474495360       0.97457834999046544       0.96842944024685262       0.93872826153799560       0.94833429763092825       0.98240591550909118       0.99649620999623445       0.99938807204210289       0.99956917354990549       0.99707801575916322       0.97620987965634165       0.82697625061542512       0.33511247811298156       0.16164610485459521       0.14267289230667762       0.20825901049620724       0.53981847402404648       0.80841147103648014       0.85108374443156132       0.77526512056640018       0.34164931005282001        4.4015067267549328E-002   5.2443061989120889E-003   1.3274637859771673E-003   1.1408422181536249E-003   1.1345352089849477E-003   9.3421346608970766E-004   4.9778807690902330E-004   2.4111541837317914E-004   1.5493042890116432E-004   1.2816867727099109E-004   1.0749895821603364E-004   7.2896182132119094E-005   4.5937906279995735E-005   1.4428913387797056E-004   1.0052755498826415E-003   6.6957224039204989E-003   3.5925918877932748E-002   9.4297718709024397E-002  0.10439758492794149     
  0.58852408381919452        8.8178236087966058E-002   1.0869401379350101E-002   1.3061414255935845E-003   1.6398534883376689E-004   1.0511051089776343E-004   8.0292481213893065E-004   7.5244442160030999E-003   7.1116751170815160E-002  0.58617211403543357       0.95035737893843586       0.99356278464993131       0.99312570597334715       0.97086208865332047       0.91006319056923990       0.88128971952221502       0.86835012631383024       0.86025440692936872       0.84505999862240455       0.74448370054545665       0.33576771975562308       0.16649611788620575       0.14742159181342646       0.22958276585843049       0.61474747376406780       0.79496220913401117       0.74587420005135696       0.47460711239787357       0.56548605025366860       0.86343622506599349       0.97890328553804029       0.99709501022796054       0.99871359284912031       0.99104420460896014       0.91400573657623219       0.30278435217968286        6.2978956139339126E-002   2.1109359784053715E-002   1.6457489987608685E-002   2.5545787381017367E-002   6.3910065160099394E-002  0.10279214443792854       0.11270830238332678        9.8449322301032580E-002   4.5809191536860763E-002   9.9167677558977593E-003   4.5908907214517077E-003   8.2748497988642811E-003   1.0996773446720422E-002   1.1385643148875376E-002   9.4352449842001525E-003   4.6874222087670194E-003   2.1916492426989173E-003   1.4674606658372420E-003   1.2606429835952890E-003   1.0751451636452241E-003   7.0521907078899390E-004   3.0572503875570651E-004   5.2359668179021649E-004   4.1240697020293263E-003   3.5348637446501852E-002  0.26435443539898140       0.74751465652605587       0.80970289455186539     
  0.86051322696426402       0.19633422111767740        2.4918185733671185E-002   2.9058993392817654E-003   3.4997019747599027E-004   2.2296124402069141E-004   1.6102456044951535E-003   1.4086908126852980E-002  0.12247651197620808       0.81610346338922901       0.97671806349634949       0.99183010188361798       0.96148527863036670       0.78640465646878954       0.27973900777077754       0.14379687367722624       0.11930093196416507       0.11360851436303686       0.10944575719252862        9.0575850052525095E-002   4.1388636934237083E-002   1.9832234865276847E-002   1.6996571902306253E-002   2.8252968029912701E-002   7.1978978005436511E-002   9.8275945328658826E-002   9.0200990295692576E-002   5.9186522673101503E-002   9.1128426712772562E-002  0.31624428086085554       0.91208549213491574       0.99027775310405874       0.99766197932614609       0.98772814509720341       0.88471982335711907       0.15097885898951544        2.0000800057172186E-002   3.8485904645114378E-003   2.1419889789816948E-003   3.2669765359217592E-003   7.4370071777828221E-003   1.1660941293776792E-002   1.3292817938388815E-002   1.3480614241339381E-002   1.3531349316766174E-002   1.5703659457940552E-002   3.0443304546653383E-002   8.1043513558693492E-002  0.10846524944771012       0.11195976778114565        9.3794778280693686E-002   4.3034230415273066E-002   1.9598456939345112E-002   1.3912262884003710E-002   1.2412618024880579E-002   1.0783008064601916E-002   6.9474491767066472E-003   2.3401982017902303E-003   1.4363166052096393E-003   9.5532452769784282E-003   9.3185879951641654E-002  0.74957452515366962       0.95097761143859794       0.96662101318420046     
  0.90433104499058592       0.26157858067731138        3.2669265533016884E-002   3.6800495634435370E-003   4.6960193820632539E-004   5.8753958067889807E-004   4.3614451629656568E-003   3.4894059325994167E-002  0.25731841405931521       0.89818970441559065       0.98580647217052630       0.97422315897229661       0.81100044403963301       0.22389264872211670        4.7669524461230711E-002   1.7514362175515170E-002   1.2533664383215520E-002   1.1525056724908814E-002   1.1015580600976975E-002   9.0469134646017045E-003   4.5138573475524864E-003   2.2311070539444357E-003   1.8865441566353724E-003   3.1527993853480993E-003   7.2446017714355741E-003   9.9223016801903673E-003   9.5910166533269437E-003   8.6113049029145055E-003   2.3871293794540092E-002  0.15240344911091450       0.87474249077107802       0.98567751227874290       0.99711892945831160       0.98759595123898636       0.88356879558062951       0.14402920300641164        1.8051007644897976E-002   3.3741629791657142E-003   2.1609365153811536E-003   3.9257119244616133E-003   9.2987964942301618E-003   1.3038810180834186E-002   1.6840687300971872E-002   3.0592235841383212E-002   8.0276087273398106E-002  0.12835806174226630       0.24340309153503406       0.68018282394868324       0.83729736356283702       0.85127917893704053       0.76023366078671262       0.34914422231162773       0.16531166589981722       0.12857793257601102       0.11927097760848249       0.10599676817681229        6.7838777686089757E-002   1.8990657192917277E-002   4.5505981877508222E-003   1.2159349199530605E-002  0.11357721338560248       0.85399489170711140       0.98062953578477596       0.98658002053384053     
  0.87032330728781426       0.15910239806387486        1.9195489895068831E-002   2.2315230023505208E-003   5.0062575752819391E-004   1.9557438597456911E-003   1.5002631509482852E-002  0.11696800481960770       0.73841784191581739       0.96486135856919553       0.98777118900483185       0.92010412320913293       0.33887233752958701        5.4573330671023504E-002   8.9578481349665388E-003   2.3223605715115394E-003   1.3180751229761340E-003   1.1409957279248442E-003   1.0802307643926112E-003   8.8844152870458664E-004   4.7929127172215125E-004   2.4758962224073484E-004   2.1187136592290551E-004   3.7001032252386779E-004   8.9944352976994795E-004   1.9851705077878956E-003   5.3798883863636739E-003   1.2834884117215579E-002   3.3934996522638518E-002  0.17932626072400362       0.88332093682400714       0.98683866822433119       0.99754065799603542       0.99020239335448357       0.90645783976254313       0.25346586654806008        4.6792637183457046E-002   1.7280177098664737E-002   1.6725241330182865E-002   3.2249814144152344E-002   8.5387004481841458E-002  0.11472683144870216       0.13874982619788104       0.23673855587511994       0.65230991886219658       0.84379202629956018       0.90112160987662393       0.95961464917650430       0.98054718534197427       0.98267779570204072       0.97024124918659527       0.92281976737515736       0.89139741441699016       0.87993161365177219       0.86954851099590136       0.82154282112894417       0.57041391367952599       0.14219057481047509        2.1000116421939056E-002   1.4053977792034744E-002  0.11279306766579958       0.85012667919394080       0.98064601544689411       0.98299042016693439     
  0.73951563685282051        9.8342524484452090E-002   1.0814949263447272E-002   1.3422015209794682E-003   1.1290706079487500E-003   7.2013452732497679E-003   5.1116316609367954E-002  0.31302974005698553       0.89833666091702569       0.98668129256590265       0.98673299165516126       0.88690033102799293       0.15896896540955510        1.9817529396366655E-002   2.5475983559563008E-003   4.2750349241789230E-004   1.5369872077238467E-004   1.1431197519761816E-004   1.0576686380087630E-004   8.7413393433168366E-005   5.0819618452659916E-005   2.9229872114619536E-005   3.9572806729122191E-005   1.7019145749280640E-004   1.0742747497854352E-003   6.8829131364616485E-003   3.7112714013625467E-002  0.10263960441195269       0.17710238003723922       0.48568618825677012       0.93424287568312814       0.99258579898737997       0.99871558059406418       0.99594995188760993       0.96643247368732410       0.75017438176456708       0.24328791599351837       0.13932509131023893       0.14474570202589140       0.25861817662493020       0.70587144730174711       0.84891592110252301       0.88008402996976809       0.90474901071197988       0.95696640299560676       0.98145223680521942       0.98930916919817424       0.99503408748883881       0.99691739801594348       0.99699163097799526       0.99569703645903451       0.99164989496651990       0.98873072812666563       0.98739691778017602       0.98552384397492643       0.97583228799380928       0.91872013860772861       0.63664359659852787        7.8006573381415256E-002   1.7268679280882528E-002   9.0585322721118827E-002  0.73164735236082046       0.96147225202336062       0.96243001235261982     
  0.30609649853940224        4.0788129954447951E-002   5.5060689580512098E-003   1.5235715089116687E-003   4.4119222999317994E-003   3.0580481457999326E-002  0.21405127064394941       0.80759620916033059       0.97317639714934523       0.99483230157666569       0.98358303176059936       0.86020741982644400       0.12075670330602593        1.2972637611572913E-002   1.3915770783599517E-003   1.6194823033064944E-004   2.8064379830789580E-005   1.3280134825238955E-005   1.1377754014514593E-005   1.0000000000000001E-005   1.0000000000000001E-005   1.0000000000000001E-005   5.3694832162201511E-005   4.7187471103135858E-004   4.2081314190979893E-003   3.6243494010979253E-002  0.27200924261153653       0.76030223989212886       0.87737771214204729       0.93535916273688824       0.98805059465121070       0.99822205488891824       0.99962420484081005       0.99900939156738477       0.99363819779018236       0.96546746819051843       0.90159547675682239       0.87940686248910394       0.88355474273297885       0.90838606243126507       0.96318513748579637       0.98244875363223760       0.98726984984864641       0.99025795796313065       0.99512150143443534       0.99741492363918582       0.99735280945661209       0.99558544316801334       0.99083244360675027       0.98883503624428903       0.98974354872984938       0.99368815185722947       0.99712014404100391       0.99829903676075393       0.99823437135967685       0.99583501690423304       0.97759359837578652       0.83885607690286534       0.11419954428917457        1.6161839955826641E-002   3.6384773391085042E-002  0.27739105691481891       0.89680640723875416       0.90180548282067008     
  0.28071931218329471        4.9091423254970921E-002   1.3162567298730391E-002   7.3049388483720189E-003   1.9609888439694738E-002  0.11910062314424308       0.72915767586911406       0.95614393091375094       0.99333105023238599       0.99501736279795283       0.96666764844854214       0.75063113349914778        9.3392281429064000E-002   9.5270843203938468E-003   9.6339369203576181E-004   9.9467874208852499E-005   1.2310915075049945E-005   1.0000000000000001E-005   1.0000000000000001E-005   1.0000000000000001E-005   1.0000000000000001E-005   1.0984671206636184E-005   9.7086490356734938E-005   9.6234024205672829E-004   9.5946851781970703E-003   9.4260154282306344E-002  0.75486784116546646       0.95416102897660338       0.98478439401421780       0.99286815364633674       0.99828828293316896       0.99965081849687210       0.99984041598515827       0.99970109072379143       0.99888790300588137       0.99563711958830603       0.98934746913759430       0.98690907940028216       0.98763290689700789       0.99052861713930962       0.99575677416972275       0.99790568172682570       0.99846831521053958       0.99853780150388061       0.99803415213091551       0.99548480486268187       0.98638084541516591       0.96495142665844169       0.91114071810677866       0.89172443016775171       0.90187846702364916       0.94810204380095120       0.98531140354967439       0.99696975425650358       0.99918774388838683       0.99836983256883471       0.98697415248878007       0.88068898578779131       0.14504642161532857        1.9374925929656537E-002   1.9943072132993640E-002  0.14884754245144449       0.86665031308176732       0.89153320181919671     
  0.72189849425220787       0.22149222953344216        9.7643608533810156E-002   5.5709963481843837E-002  0.10038868726254042       0.34411955466810951       0.90113874255288251       0.98711375314258654       0.99646765463349019       0.98555275128755071       0.89224467532613927       0.29808872538598319        3.7611542878045141E-002   4.2075288370739799E-003   4.5775592094405573E-004   4.9754532985589601E-005   1.0000000000000001E-005   1.0000000000000001E-005   1.0000000000000001E-005   1.0000000000000001E-005   1.0000000000000001E-005   1.2939164743507165E-005   1.1975925849762683E-004   1.1928643886459837E-003   1.1879704549576608E-002  0.11541762027800334       0.85930864872618673       0.98272616621713804       0.99710033879649607       0.99909899001592761       0.99969534132045257       0.99965397753199581       0.99918170178739096       0.99885537383606637       0.99864742452650379       0.99826763154017994       0.99764763092848729       0.99738703656863914       0.99747435940724394       0.99777441837501557       0.99824660448585334       0.99838553716703160       0.99797581738262253       0.99574379112992006       0.98738934217659891       0.96478248178651749       0.88491016939013323       0.72125389789274219       0.26897008369770969       0.16256581508955328       0.21568296640261117       0.57535440773922253       0.89022592765011099       0.98151039319741651       0.99672335404599932       0.99844135825236491       0.99073393849304725       0.91072628766817521       0.27473208249801989        4.4262132316053075E-002   2.7732751866140461E-002  0.15607214936065980       0.87747671516288528       0.94791996449869287     
  0.95824811111222408       0.87166186846956084       0.70882505549141939       0.42803761962612441       0.60925821213658782       0.87778431620630959       0.97968601661106924       0.99614414808562235       0.99220345915183994       0.94794619927462975       0.70323521119117682       0.11037128801216564        1.3273634157899046E-002   1.5355677833829183E-003   1.7518348063379988E-004   2.0733535558660953E-005   1.0000000000000001E-005   1.0000000000000001E-005   1.0000000000000001E-005   1.0000000000000001E-005   1.0000000000000001E-005   1.3639115338343278E-005   1.2687664582911214E-004   1.2601727205805038E-003   1.2488523561436730E-002  0.12037726366437188       0.87518563341831479       0.98662769133553163       0.99849892273038177       0.99968999391079771       0.99941271867506642       0.99743116644319352       0.99196576142059190       0.98882566106518788       0.98790986683402648       0.98780908875420947       0.98786311383231862       0.98777623712955220       0.98755112283667801       0.98733674815671202       0.98717400046242476       0.98656507865655341       0.98313085578471704       0.96512032756124067       0.89331509833764899       0.73989775330626018       0.25079313973687495       0.10439951110434685        3.5222304451685123E-002   1.9859556818312803E-002   3.0374986428245376E-002  0.10797430040730220       0.43301241368718918       0.90428836245213506       0.98182964642236736       0.99556038202185049       0.99526020635051693       0.96813452030302494       0.75666217180155471       0.18004163326174094       0.10703086582838375       0.32711513127694947       0.91519612738021616       0.98350489261776197     
  0.99449057570104604       0.98463214781168562       0.96395053353462434       0.93333635422624306       0.95284225722556770       0.98429180757609114       0.99642509898926801       0.99599048677652757       0.96993655893683517       0.76939779314860179       0.18850722577922630        2.7013445227592126E-002   3.4918203946849302E-003   4.3556592098476502E-004   5.3508596812165900E-005   1.0000000000000001E-005   1.0000000000000001E-005   1.0000000000000001E-005   1.0000000000000001E-005   1.0000000000000001E-005   1.0000000000000001E-005   1.3782990338483316E-005   1.2834390115272690E-004   1.2738341577382170E-003   1.2606646319411321E-002  0.12127205833307665       0.87740652126937213       0.98713748245668698       0.99860530027700389       0.99932697564858586       0.99636597939805882       0.97910102055737624       0.92084231831487251       0.89045349666399132       0.88276381802819404       0.88245019016275761       0.88386858902346366       0.88363898016640097       0.88154391172754953       0.87934564611014310       0.87787799716244752       0.87431026633464837       0.85400289965671572       0.73459756025455680       0.27408720753568067       0.11234702117661513        3.3819129063242366E-002   1.2198894099070851E-002   4.2182981301396739E-003   2.5058240857104724E-003   4.8015866849310321E-003   2.0970797880906226E-002  0.12250795143941903       0.65964440429868698       0.89177612374611892       0.97165474260792628       0.99067932826600114       0.98952500968704638       0.93941477914502236       0.69533051711754468       0.59133465010852748       0.86295516217896784       0.97893370849599048       0.99612606658068437     
  0.99928869958803412       0.99823670264867304       0.99602114095080507       0.99327994268570685       0.99498811024199563       0.99805629701987009       0.99870567673265209       0.99142472810554449       0.91557375059987933       0.29757883841705757        4.6560313822117332E-002   6.4598497333157217E-003   8.6456867533886948E-004   1.1316756017943948E-004   1.5551259991350203E-005   1.0000000000000001E-005   1.0000000000000001E-005   1.0000000000000001E-005   1.0000000000000001E-005   1.0000000000000001E-005   1.0000000000000001E-005   1.3837889267824561E-005   1.2863719167933508E-004   1.2762421754119646E-003   1.2626062857540973E-002  0.12140930299108374       0.87768664095390703       0.98717655956206773       0.99842111677304035       0.99752138559244585       0.98042665496067050       0.85273310606564057       0.34325437514406965       0.16307632371821432       0.13413711620775068       0.13498402322796577       0.14465983581431102       0.14586883885267093       0.13594149425031754       0.12612026854746639       0.12247685383248207       0.12018202238465454       0.11357698443236354        8.9800616195496341E-002   3.4491842241650646E-002   1.3148471102444700E-002   4.1165239519104450E-003   1.4394527691523763E-003   6.5507468332908999E-004   1.0575509661564983E-003   3.2419089513286855E-003   7.1667428834745386E-003   2.3545903168769179E-002  0.11192425461083037       0.33546667196736629       0.80113493595539276       0.93975581851289836       0.98772946432688424       0.98868728888552504       0.96105249105417523       0.95070843742479128       0.98202583540191291       0.99640261343429770       0.99926745840399689     
  0.99990862328021146       0.99980032245183292       0.99957299788827192       0.99932994093829375       0.99947183964822395       0.99969386298457075       0.99901029343825187       0.99057769475350155       0.90596483034691333       0.23247979295020288        2.9778037467279216E-002   3.5416693845732694E-003   4.1908945727692199E-004   5.0288481850456234E-005   1.0000000000000001E-005   1.0000000000000001E-005   1.0000000000000001E-005   1.0000000000000001E-005   1.0000000000000001E-005   1.0000000000000001E-005   1.0000000000000001E-005   1.4185030665375626E-005   1.2916513106250448E-004   1.2783872167391915E-003   1.2637249001238160E-002  0.12146101860720032       0.87768396310039809       0.98711680438908445       0.99799446669448777       0.99339836629448008       0.93763979606810921       0.47223596225983733        9.6899507147986327E-002   3.6689296037175287E-002   3.2560749651267692E-002   4.9332198365477697E-002  0.10220770499631146       0.11271500332254994        6.4946072705041602E-002   2.3147264630720622E-002   1.4316167858080913E-002   1.2682937677417209E-002   1.1664623363679809E-002   9.0521333008867968E-003   3.8640357107236809E-003   1.4935683184221248E-003   5.0577185383670459E-004   2.9077829819335320E-004   8.9469466653368330E-004   4.8480921125274327E-003   2.0444929651112512E-002   3.1019085233367834E-002   2.3854906677072612E-002   3.0930730314359119E-002   6.8486679731071559E-002  0.20805776462537895       0.64568504202558341       0.95324603507766448       0.99312593240354352       0.99499444592110409       0.99469368800626090       0.99782953066766256       0.99946967785067053       0.99987856637923689     
  0.99998744792728389       0.99997684845432588       0.99995422303750425       0.99993222975683549       0.99993961594959146       0.99991071826697375       0.99936076545317210       0.99383530970941136       0.94047623977261130       0.49716494222361401        5.8944844410603145E-002   6.1169989852418727E-003   6.2843483927387640E-004   6.6650177552502750E-005   1.1761371341883644E-005   1.0513540222959878E-005   1.2651695120646817E-005   1.3547599331799817E-005   1.3444474359628070E-005   1.2381591999186425E-005   1.0578709150564645E-005   1.7421607184954013E-005   1.3056318603478257E-004   1.2760125547126579E-003   1.2602918677326951E-002  0.12115587043422688       0.87676309158193699       0.98672805950174614       0.99748109669951923       0.99242792413262071       0.93636393440364785       0.47974343335425351       0.16702207031026706       0.12728720425199322       0.14648004403326198       0.26218862837179152       0.67627469065033718       0.73675343179672004       0.37234049231579053        5.1731510559371412E-002   7.2885788376355291E-003   1.9762517913138114E-003   1.2618195647462836E-003   9.2223088955503631E-004   4.3111398512813478E-004   1.7820694591651822E-004   1.1061319006827552E-004   4.5228015419864636E-004   3.4943607504067465E-003   2.5846235766076350E-002  0.15108856572048443       0.23949913687135563       0.16890970023527424       0.13956289742929823       0.14662050375265703       0.22145885074041058       0.56855205890209215       0.94327032741924843       0.99305326475723077       0.99868415239754538       0.99934511488937250       0.99973380707496218       0.99992573692312658       0.99998060253011078     
  0.99999000000000005       0.99999000000000005       0.99999000000000005       0.99999000000000005       0.99998934152307306       0.99995717890064773       0.99963936527927910       0.99677180171868562       0.97159089984917058       0.77149628342821697        9.4452819497904281E-002   9.4130226125394966E-003   9.2891787285740639E-004   1.0837564535207616E-004   5.2915457103643691E-005   9.0608360919430204E-005   1.1679510361339856E-004   1.2580325576290699E-004   1.2500064481103337E-004   1.1426147359041666E-004   8.6740594137005192E-005   5.2960067321447687E-005   1.4098439328155945E-004   1.2457799742919494E-003   1.2288686320407123E-002  0.11860849427655366       0.86908527289842308       0.98340965385047163       0.99330929416268854       0.98862119734095610       0.97554655684645841       0.91207534679702229       0.85009897050044203       0.86109606322048682       0.88073086048011739       0.90831104036621202       0.95793127841214720       0.95384208686868799       0.79692594549909790       0.11426987171591912        1.3187163003818704E-002   1.7415525242313698E-003   4.3184231551126467E-004   2.3915473468048075E-004   1.4124840653923675E-004   7.1687088950018609E-005   1.2467503846293906E-004   9.8276146325909901E-004   9.4605442691501999E-003   9.1058462329469236E-002  0.72143421779960404       0.88677805200419080       0.89118236685319108       0.88436920841383926       0.88440529446900240       0.89711772421274250       0.93998447621199810       0.98775603761035080       0.99790469187999942       0.99960926798316463       0.99988724252347871       0.99996160592260297       0.99998777143971473       0.99999000000000005     
  0.99999000000000005       0.99999000000000005       0.99999000000000005       0.99999000000000005       0.99999000000000005       0.99995272925888878       0.99958573082081059       0.99631341384352123       0.96768533650549216       0.74286499662960526        9.0001629094824176E-002   8.9966166599615913E-003   9.3641314116592116E-004   2.4493215328772318E-004   4.1694566606150369E-004   8.9856955337816187E-004   1.1658095902295344E-003   1.2498523398133776E-003   1.2437331798372607E-003   1.1447093152799855E-003   8.5993563644982257E-004   3.8629906792511323E-004   2.5121517440450299E-004   1.1370680092709091E-003   1.0895209193474543E-002  0.10614358557995461       0.81608131626089053       0.95638126133235546       0.95201291803348242       0.91048702780556812       0.91208802140727996       0.96006835720181805       0.97570815088899221       0.98303902836976476       0.98706849007359432       0.99049734985874327       0.99435653272623847       0.98528177012239349       0.88404533390843121       0.17362729262413673        2.3362787477569466E-002   4.1239773431253780E-003   1.7205466580181873E-003   1.2895850419673523E-003   9.1312081267547402E-004   3.9939174363345166E-004   2.8704964067440881E-004   1.3565243309883014E-003   1.2390222223522252E-002  0.11733027573802515       0.85678684358543367       0.97636123037248934       0.98776033139041874       0.98799720455901230       0.98798708138741687       0.98919235629280455       0.99308258102304636       0.99801940969026337       0.99954423734863784       0.99989856871653515       0.99997392075301095       0.99999000000000005       0.99999000000000005       0.99999000000000005     
  0.99999000000000005       0.99999000000000005       0.99999000000000005       0.99999000000000005       0.99998834818928628       0.99990533749438149       0.99912806847002444       0.99178032878087818       0.92189853712297876       0.36059279064604849        4.4271131573117080E-002   4.9689033573321034E-003   9.7314691263900390E-004   1.4560590473039680E-003   3.7469104280855483E-003   9.0225114620997669E-003   1.1647013448840777E-002   1.2399605024676160E-002   1.2353112911533145E-002   1.1472010609819150E-002   8.6576865719469823E-003   3.4418730399959625E-003   1.3188101204195332E-003   1.0514962314296778E-003   6.8466473282296067E-003   6.3775159822741678E-002  0.51302024734734986       0.75574061977819251       0.62083034638699064       0.27084699756727504       0.31485947248850210       0.81847819908021036       0.97310204507989861       0.99517971207581479       0.99828772025826606       0.99893165341883317       0.99874944065943105       0.99207288416945005       0.92489110784423467       0.37514583147225622        6.9802158198634195E-002   2.1208592602934406E-002   1.4198091173085649E-002   1.2168816415588096E-002   8.9205666649466771E-003   3.4837169098891436E-003   1.5833099886461302E-003   2.5058188645448592E-003   1.5879189326448055E-002  0.13461599869374358       0.88032373548911291       0.98674791916570681       0.99768983253747712       0.99868383469953104       0.99876144476588558       0.99886869738420669       0.99921251773120978       0.99970448342282237       0.99991205219087154       0.99997581638490951       0.99999000000000005       0.99999000000000005       0.99999000000000005       0.99999000000000005     
  0.99999000000000005       0.99999000000000005       0.99999000000000005       0.99999000000000005       0.99998013532932462       0.99983120236108891       0.99849907147434613       0.98649392266132685       0.87913449139201960       0.16294600815434040        2.0547475896689212E-002   3.9353171056577792E-003   4.2406633627979935E-003   1.2387487244428057E-002   3.3253861603758088E-002   8.9446234053096735E-002  0.11361207644377984       0.11971647446957993       0.11939179590520917       0.11225234040115677        8.6082624195571000E-002   3.0439316040350491E-002   1.0924483635098941E-002   2.9691507269194810E-003   2.1921424930749973E-003   1.1708231878034572E-002   6.2552255637760110E-002   9.2843895119866765E-002   7.3669592586349780E-002   3.8959065506764638E-002   8.7021606140038968E-002  0.50140930996665201       0.94081785033036935       0.99371514172330500       0.99923295205544271       0.99980600745649106       0.99964297259094781       0.99734749319569493       0.97797138086523239       0.83520370540327293       0.31831748446304897       0.15642750143900278       0.12812515573459191       0.11584570469776412        8.7517314729495199E-002   3.0608049101873615E-002   1.3185172169087933E-002   1.1939130796265572E-002   3.6716629079245139E-002  0.21232136165485380       0.89983836090573444       0.98971407551455348       0.99886696339715575       0.99974927523495005       0.99979329104149661       0.99978442628982256       0.99982640473823514       0.99991689027010955       0.99997101500400987       0.99999000000000005       0.99999000000000005       0.99999000000000005       0.99999000000000005       0.99999000000000005     
  0.99999000000000005       0.99999000000000005       0.99999000000000005       0.99999000000000005       0.99997185164192193       0.99976149014752180       0.99795197267722158       0.98251894562703701       0.85486011700398123       0.14168022798298358        2.7430895363365626E-002   1.7614233045586104E-002   3.3588669713966714E-002  0.10594279701240186       0.26339227505155638       0.73175970797695578       0.85382924081253642       0.87363617009972816       0.87290316139197688       0.84935876291832224       0.71167531755865110       0.24113873865650262        9.2822755470814533E-002   2.0925340637194586E-002   3.7165090687045687E-003   2.1431417435608946E-003   6.6763830032250749E-003   9.5240592105261413E-003   8.6235814132704855E-003   1.4097564219237206E-002   9.0989272484067255E-002  0.62017422277105494       0.95409618426458587       0.99508921618159107       0.99947398300864343       0.99992693143937261       0.99990913994943142       0.99940559123702988       0.99600051756045949       0.97721186740422006       0.91761157975040963       0.88897435136488090       0.87823390208272578       0.85318632352631152       0.71589253346674964       0.24276409754346345       0.11582862887589679        9.6324115465064211E-002  0.18392071601643770       0.60891987183057061       0.95071761622456730       0.99459262058035980       0.99934770353375568       0.99965829046699617       0.99925857732119427       0.99900387902749876       0.99913829848672231       0.99961963594662517       0.99989069913053852       0.99996594764753133       0.99996317987067507       0.99993552015894716       0.99994217736835522       0.99997579949138504     
  0.99995211954403473       0.99998866637527195       0.99999000000000005       0.99999000000000005       0.99997587683295197       0.99980999448172492       0.99844407586856199       0.98725151380334630       0.89585591258676378       0.30405830762140768       0.14675939222479570       0.14342081628226880       0.25345320429613938       0.71499576465958781       0.88686120079054609       0.96412000338408055       0.98298043392092771       0.98640058248119644       0.98629689981977187       0.98226760457330775       0.96066597972445222       0.87311937516250115       0.64172258309980668       0.13954661239239116        1.8502486748834021E-002   2.4206772911701821E-003   9.9103037990544451E-004   1.3736264846365867E-003   4.2306427204178839E-003   3.0196645600502600E-002  0.23187892874252253       0.85876052624207877       0.98251374120973722       0.99796855271039042       0.99976683754799855       0.99996939686404174       0.99997817076125073       0.99989026460595609       0.99939398252144396       0.99723306226549002       0.99165777532292632       0.98865024045031569       0.98714974057174176       0.98291599168069232       0.96218826793415491       0.88869858615115993       0.79813061644392869       0.72200398768320107       0.84916607665902000       0.94329948988843160       0.99015022544357312       0.99851805653401338       0.99928012317358439       0.99758935748059574       0.99275085666235408       0.99001060277054620       0.99144367926545818       0.99674086233564207       0.99922418757158904       0.99977982414644817       0.99969795508611392       0.99937521839826204       0.99944875646161235       0.99980726724354851     
  0.99969099269538686       0.99994289173955919       0.99998420848746061       0.99998786409965279       0.99998161522021722       0.99992199220263744       0.99948423099059691       0.99663817202882865       0.98010377985320873       0.90914059236075107       0.87927215255510627       0.88201005870963345       0.90691341910046885       0.96385536112250525       0.98646490308328227       0.99512676294783209       0.99731521350456376       0.99801074089000019       0.99828599034435450       0.99782455196263242       0.99484210459753475       0.98121287022715642       0.91753266074989004       0.55668471196185865        6.6357294787847701E-002   6.8677589961677627E-003   8.7232289755354670E-004   1.1182341824765682E-003   9.1606188946910232E-003   8.7684694300513399E-002  0.71189064500061683       0.95801513404447369       0.99444071343670737       0.99925555674211541       0.99988870626927784       0.99997288501438353       0.99998173140026470       0.99996874819979986       0.99990206517006319       0.99966330736301312       0.99914850396243948       0.99885236064888072       0.99866647490298111       0.99806607437673189       0.99544364613459124       0.98708963684083206       0.97468613159603124       0.96539731919357208       0.98130405393468056       0.99286317224228626       0.99831193611834645       0.99902760916456113       0.99602008457277236       0.97972222017118438       0.92828162342806442       0.90035905859200138       0.91516657985733896       0.97305115187931612       0.99493219603800831       0.99867203739686505       0.99753776208143263       0.99391292616240190       0.99476530938740493       0.99850462828339226     
  0.99828078094683881       0.99972357474363926       0.99990408809178410       0.99990428214736615       0.99991465224700060       0.99993913519030397       0.99986454767009614       0.99934262325225132       0.99701807649793595       0.99005274240354035       0.98685155170144212       0.98747146593299928       0.99040265688790696       0.99567275852246284       0.99715805928865986       0.99439594368707263       0.99199174468374685       0.99433398891623781       0.99738915745969803       0.99854588046507109       0.99870447622045555       0.99593193141015945       0.97525130564801898       0.81844771826673302       0.10562101926796040        1.0802704602386463E-002   1.2207773837597581E-003   1.2934936466321198E-003   1.1118515018528645E-002  0.10567694886635808       0.80861713517025313       0.96902169280150019       0.99443265202766429       0.99885285026110371       0.99968175014756422       0.99983676737279636       0.99986360270608521       0.99986367148747624       0.99984871769163541       0.99981000506358586       0.99975872056611903       0.99977424782077051       0.99982042042370545       0.99976888872459835       0.99945544391492669       0.99852311830435236       0.99706845746942718       0.99611727512875547       0.99774556098146239       0.99890462247934519       0.99889958920665989       0.99564113520411679       0.97462174383949685       0.84588876336310737       0.39305592046321808       0.20257215884304661       0.29912744297409927       0.80658605891888302       0.97311219557712425       0.99311295253265341       0.98084903017854030       0.94162443526257367       0.95173621586282919       0.98959921633745151     
  0.99291623060791945       0.99895429230859301       0.99932055118048058       0.99907488555966684       0.99917630693496673       0.99962451434192612       0.99986331242661552       0.99986274038450018       0.99958111629283897       0.99889472944247826       0.99856881945373355       0.99865897257683434       0.99884317619257867       0.99821502026980935       0.99088151490476939       0.95374492334616623       0.92231772329524953       0.94710593022952527       0.97810719160578841       0.98876351889951708       0.99513786741877541       0.99600455720354619       0.98268256994868253       0.86099872175367986       0.11638326810120415        1.2081940310091084E-002   1.3240783266604383E-003   9.7133516463972030E-004   7.9289919986652406E-003   7.5097220019212790E-002  0.61332984806875401       0.87934076768330061       0.97037862424655696       0.99276153873816508       0.99758903196503457       0.99851934222816552       0.99868056552320872       0.99869152222861401       0.99864896678697157       0.99856814370225921       0.99858140599359013       0.99901808253675128       0.99968267216640228       0.99990376965262384       0.99991061895705136       0.99978852013393094       0.99956682299267008       0.99937161178249778       0.99920514768796276       0.99816515925256832       0.99412573751639555       0.97527742919857974       0.87185534396280417       0.32118120504156533        7.3141694984807992E-002   3.0835395899641460E-002   6.8888783533984560E-002  0.36608387492539479       0.92131864052615620       0.97257293584439020       0.86937829592592730       0.51388357464321532       0.61547195853272318       0.94374342718074444     
  0.98707983940993782       0.99715736798098875       0.99442577962100176       0.99075795526649724       0.99170418528719095       0.99667757708653359       0.99911264858287074       0.99979690280288602       0.99991057415877860       0.99986728398479496       0.99983331358394600       0.99979460167356149       0.99931346778390184       0.99459991017193172       0.95239748218800735       0.63780431396036408       0.34372842823041505       0.55462588381456235       0.81943823030601803       0.89712072609950499       0.95898684037722137       0.97832050602200715       0.96417475161837041       0.81868820774655326       0.10719408481325342        1.1098870591478422E-002   1.1716555022662849E-003   3.9253921736265627E-004   2.1502284531808016E-003   1.5804098272636170E-002   9.7942844253912337E-002  0.29125810387487361       0.79495119545076309       0.94714711086953984       0.98017359705257312       0.98614800404067759       0.98712257930950642       0.98718543294829819       0.98694661683714913       0.98654946609364513       0.98707364690654920       0.99130053019659148       0.99782755182088856       0.99957634399351414       0.99982551541505649       0.99959998285508778       0.99897778487637412       0.99813722405985272       0.99553030602071269       0.98609282734791981       0.95818110918348653       0.85313966912820582       0.53171429033647355        9.0430633973462474E-002   1.5573829404740442E-002   1.1127668341466456E-002   6.0849374033293963E-002  0.38995386086647843       0.91952866893204710       0.93238125329630295       0.52158905633106090       0.15600349790471307       0.25480061832027767       0.89226368299379988     
  0.98912327466141803       0.98957407333439140       0.95043610971506520       0.90813417314396738       0.91727267811446145       0.97133725204004440       0.99348048853983650       0.99880802526558632       0.99979939134571749       0.99995414749984879       0.99996700024445373       0.99988948939188216       0.99907190915634481       0.99086848514554660       0.90978992551292215       0.26377505043842625        6.5030803517115238E-002   7.0452868925260356E-002  0.12207800002668220       0.23986815020836835       0.67894326625813606       0.83069423911399576       0.80995229645094213       0.52819477889846278        6.5154788309743916E-002   6.9336942439246962E-003   7.5013463802641790E-004   1.4788116212529872E-004   4.3208717544014321E-004   2.5552015905341008E-003   1.2975838165075736E-002   4.6489512845259484E-002  0.19211413897806590       0.66117831818598982       0.84011439436971358       0.87231083992132208       0.87731534646184761       0.87760140794756258       0.87641744501281538       0.87493365927544497       0.88150391700167208       0.92053634394970763       0.98540135450220989       0.99774866484425662       0.99891364039348596       0.99672119878618393       0.99062293542874746       0.98410257116774746       0.96401248538072315       0.88744876580051479       0.70961264171703364       0.22542748954131012        7.7773197779160863E-002   1.5442508081609378E-002   5.5027925355785566E-003   2.5549916694220583E-002  0.19604081691578054       0.80751547529756040       0.96970681052203034       0.95217445975278570       0.65801641915827647       0.28025363442947621       0.40744503754192019       0.91929779079364982     
  0.99197871708449736       0.94956677861194694       0.60852018618546488       0.25006852797060730       0.30841132047023889       0.78021202476163798       0.95664369486307688       0.99322189968409091       0.99902072159609046       0.99985270982801766       0.99996031314683231       0.99990530849673998       0.99919483118606767       0.99202315037694044       0.92054362955830338       0.32914516339614397        4.4684476876527608E-002   1.1690484882781155E-002   1.4159719744564666E-002   2.9827630965327135E-002   8.0779852727907858E-002  0.10679136420834530       0.10344874805918886        6.4536629973639237E-002   1.1943430145010028E-002   1.8284692022099609E-003   3.3423473784908108E-004   9.9294826191495875E-005   1.0685999633442688E-004   4.1714689368735342E-004   1.8294076633100502E-003   6.8267292625742680E-003   2.6463529390859067E-002   8.2792939319824843E-002  0.11326056041324381       0.12074814190650722       0.12185040818741577       0.12165458596855144       0.12126859455819140       0.12413879607765252       0.15688676860524664       0.37561756417929815       0.92199937632277729       0.99042818424965295       0.99302303288814908       0.97250313044898118       0.91088707491181364       0.86395000544628342       0.73577097108379852       0.28262572483475307       0.12130861368256973        3.8619309540034077E-002   1.2095223430117916E-002   3.4541665619582567E-003   8.3741706439638408E-003   7.8422123735659280E-002  0.66020509047691478       0.94762161719387428       0.99169720944636364       0.99000212581525826       0.95239638008281813       0.90927012859228573       0.92639329394702752       0.98424596420344534     
  0.98963432236680382       0.90228562227030551       0.22176866799244371        4.8423823467658320E-002   5.1372717563298628E-002  0.20697904938629624       0.77496622936276349       0.96788378879803783       0.99572433561491958       0.99933796184107548       0.99980739440089228       0.99984197976487976       0.99951001033140474       0.99633671436022186       0.96810916143705839       0.74424983071692774        9.1628295216226507E-002   9.9635263475546399E-003   2.4123290477594357E-003   3.4198162706408994E-003   8.1238426443927571E-003   1.0910857266277258E-002   1.0908212499941053E-002   7.7463427669649957E-003   2.9934415953068757E-003   1.6852211749553798E-003   1.1201343266722971E-003   5.4546523169511836E-004   2.8786954740775379E-004   3.7883248679984643E-004   1.2459782413971807E-003   4.9325228197639381E-003   1.5977664879532408E-002   2.8665072691666592E-002   2.5166139477393584E-002   1.7190515473546344E-002   1.3984845437349451E-002   1.3039652673294756E-002   1.2847631872750629E-002   1.4262587692547421E-002   2.9294815854790244E-002  0.15685676450699573       0.87420265353834470       0.97644175474622141       0.95655411898052523       0.79281299637828306       0.29219363221258071       0.15009150358607970       0.12595860445838611       0.11413035691568166       0.11066992231426366        7.0573415514360763E-002   2.0560902118562825E-002   4.8136485847890178E-003   1.0886120227070546E-002  0.10250631422923252       0.81280582293721493       0.97603450544463777       0.99681924662227783       0.99824477234137188       0.99441581288088710       0.99052838053396908       0.99212678365294271       0.99680637358604762     
  0.98944985270409513       0.89590979296907125       0.18074478066911759        2.4570542338490223E-002   1.0491509011378001E-002   4.3464469762745941E-002  0.25631091165262976       0.88179646970897207       0.98356319305793227       0.99672895922515914       0.99853143087867646       0.99884299213004757       0.99871476771975998       0.99672324157034620       0.97989028349174967       0.84051817767346504       0.10962845679823621        1.1237511703188281E-002   1.2820427443352806E-003   5.0650989573318146E-004   1.0021817951852104E-003   1.9860218549215369E-003   4.6418224274948150E-003   1.0173926039019666E-002   1.2795963162986842E-002   1.3013320214055813E-002   1.0259750967943076E-002   4.8433017927253285E-003   2.3740178993403079E-003   2.5267153905754280E-003   7.2824273961204188E-003   3.1165733632597871E-002  0.10874956606114344       0.15919919716710440       0.11122521652110583        3.5536246290834309E-002   1.0323342533169761E-002   3.8746830716195400E-003   2.2745430708824301E-003   2.6080941981059288E-003   1.2192241198746307E-002  0.10394825371839804       0.77286798589021721       0.90242727332615980       0.76057638292874197       0.21718028363737141        5.3278915403470170E-002   4.5629889147965778E-002  0.16908941210785250       0.55797488292911179       0.74316652664928051       0.54906042900652718       0.14477102370321140        2.1448600503445631E-002   1.1620648340367037E-002   9.0031625302997034E-002  0.73838248151932406       0.96735860828572873       0.99628878375810981       0.99940379835281890       0.99932930307576973       0.99899922718969059       0.99907648739784760       0.99867358099049308     
  0.99224230420329451       0.92262961446772507       0.34502031963927454        4.3205037518046011E-002   6.5044006995915813E-003   1.3125434212207557E-002  0.10022606221624950       0.68563728071850849       0.93457314220942400       0.97934128919066632       0.98681357347451593       0.98862756192029622       0.98891336588372403       0.98515928951860066       0.95968526144549648       0.78002902301462662        9.8321440222318882E-002   1.0015362881220843E-002   1.0499730726793569E-003   3.2012493542557877E-004   1.2051775710361131E-003   6.4246256981650820E-003   3.0324691829427611E-002   9.1385697372011021E-002  0.11818661088050980       0.12072176196624015        9.8212027156959189E-002   4.3294885221931000E-002   2.0514585788670162E-002   2.0138501404960610E-002   5.0110048704634098E-002  0.21638230436949210       0.74127103216465029       0.85647754918352559       0.75144558973187592       0.24242252330787883        6.5777089883483963E-002   2.0152176852730203E-002   7.6891412171845750E-003   2.4242377406920260E-003   5.6398719428806246E-003   4.3810909209652658E-002  0.30237444380658818       0.45165082977533488       0.16240483208450218        3.8778422068004706E-002   2.5610518509339486E-002  0.12864791382145430       0.68843559630848683       0.92139831003615524       0.96255152628542751       0.91831563381593229       0.65796270477579244        8.0880837198690811E-002   1.2911682895056812E-002   4.1307394384889708E-002  0.32539445968571035       0.91991337777248028       0.99197884049162532       0.99918229379399248       0.99985003314295839       0.99987931067676228       0.99983462616171859       0.99919626183611998     
  0.99672601113402870       0.97058054132868576       0.76167395577095642        9.5329662118331188E-002   1.0177293401976746E-002   4.1718260685019524E-003   2.4136442367882389E-002  0.16591708992669063       0.65733812377124856       0.84197156132544027       0.87742874567333584       0.88816458102492390       0.89169440511685916       0.87606186519356921       0.79306141899879479       0.37363501988932107        4.7742090671230482E-002   5.3649286526622061E-003   7.0751384563500310E-004   8.1423657521155902E-004   5.3317698343730065E-003   3.6815547084542072E-002  0.22592338864584771       0.73108486091875480       0.85596854870930250       0.86167754092682314       0.76929638680723711       0.34572819806407273       0.16963162366837164       0.16038420151998420       0.30360089148734537       0.79927706278512978       0.95653723359677745       0.98116890705476278       0.96153247898410821       0.83546764520822325       0.41151618381636174       0.15330536523989852        6.3808488321110163E-002   1.1800810310975667E-002   3.0086895219871806E-003   8.3724968200389379E-003   3.9028722894384603E-002   5.4064373711239143E-002   2.2105489435716181E-002   1.4539934426963809E-002   6.9382977498002707E-002  0.41842411593930540       0.90607282926386645       0.98436505184340173       0.99359209210660926       0.97812746113463556       0.84526216017004674       0.11828575902715073        1.5303488752868764E-002   2.2020165183984336E-002  0.16957512321698887       0.89352582400437108       0.98927512948251595       0.99894104647850801       0.99988763987052376       0.99997394151480934       0.99995097716428893       0.99964106449668233     
  0.99831345340078348       0.98451023072053956       0.86211740689387395       0.12215184088740672        1.3392269708171110E-002   2.1231571748215375E-003   4.2035732143002420E-003   2.2146418205708510E-002   7.9115845910735075E-002  0.11283665823263947       0.12908624401584068       0.14698043536773001       0.16108504619585992       0.14139526956046983       0.10932943195147482        5.0544151687355550E-002   1.0174391801017313E-002   2.2132541506625952E-003   8.1079075821222351E-004   2.1995636127506157E-003   1.6649401980687258E-002  0.13130727662266903       0.76703019471525824       0.95212364576152952       0.98209024019606261       0.98425512119460012       0.97150013109511923       0.92249018382302261       0.89302261459676335       0.89070103830887970       0.91596487258559944       0.97384473353619105       0.99385790361596815       0.99752099271244188       0.99476448782665317       0.97842856917282806       0.92320141915038600       0.82697265804776610       0.47479273936787447        6.2445571390626231E-002   7.4745638679167628E-003   2.0506704189621953E-003   4.5457927063978732E-003   6.1539194923107918E-003   6.6309537953052680E-003   3.4709553839636899E-002  0.25009951666357566       0.84023955434929309       0.97732444557483644       0.99657794907419639       0.99807949138065843       0.98760593461362878       0.88584971897665132       0.16052264788839235        2.3581527392582690E-002   2.4968444818510415E-002  0.17071581523376697       0.89350984076955897       0.98925868671622974       0.99894034801452603       0.99989327369813730       0.99998313072147393       0.99997202922029693       0.99980967259067610     
  0.99872853080705981       0.98838668991142353       0.88882084072094203       0.16569817705296039        2.1973306707060165E-002   3.5576404299000109E-003   1.2673466585680908E-003   2.7910543289457173E-003   8.1035831270486695E-003   1.1809551614842671E-002   1.4331865088041207E-002   1.7970047848096648E-002   2.2696728904815052E-002   2.5510141103583860E-002   2.3973479655757971E-002   1.8277062386922283E-002   1.3032425834258624E-002   9.2138069747353651E-003   4.0135019522124747E-003   4.0596480129299582E-003   2.2963632102317756E-002  0.17741378706098371       0.85346189930454186       0.97500810542438954       0.99479248835203760       0.99768355541630904       0.99655527765107788       0.99178887155599760       0.98836685844694305       0.98804549765181093       0.99101487224738005       0.99673349111351239       0.99910210134805744       0.99964376678785571       0.99930680667426708       0.99732281706607639       0.99047675400588675       0.96780779422454777       0.82155900039054475       0.12301834794646441        1.4256020351133698E-002   1.8131976144356427E-003   8.3137327965094297E-004   2.0387502270992216E-003   1.2878753950882661E-002  0.10910344154545422       0.74783010901257885       0.96177907752006797       0.99472807344382963       0.99918210729939427       0.99906737206596830       0.99191836295337132       0.92096443957518603       0.34336831874952334        7.1015380853039461E-002   7.1622274523658727E-002  0.34563472243983778       0.92194653907845259       0.99213722109751401       0.99921441358354246       0.99990885978039212       0.99996011687590503       0.99992155669892513       0.99978486434160552     
  0.99830997769646690       0.99186002889330005       0.92511927048576503       0.37520852345565148        7.0680872958998858E-002   1.7130565939024862E-002   4.5315016993071836E-003   1.4941062359795408E-003   1.1598589966143932E-003   1.4896222265509346E-003   2.6186552232543782E-003   7.5427880509500202E-003   2.7925265315382638E-002   8.6266069109505322E-002  0.11417011178161741       0.11946622639746091       0.11342142881274937        8.8587473860308200E-002   3.2690668228327738E-002   1.3521921230742497E-002   1.5719353022050304E-002  0.10081521759886411       0.67371169032092071       0.90155107480624186       0.98204116096737848       0.99622225777349083       0.99751272978351202       0.99534166136353885       0.99089104016365848       0.99037619774293284       0.99431585796921829       0.99762316416806984       0.99908067303471482       0.99972858404080900       0.99985535590651453       0.99958678908285403       0.99798873366121721       0.98643130970224935       0.88135941442195409       0.14643979101054116        1.7250796312967859E-002   2.0527915994451866E-003   7.2736931145926632E-004   3.9268978707479281E-003   3.2222791719925668E-002  0.24425166820673272       0.88926079593755014       0.98676796712214387       0.99836452250874386       0.99974243898597936       0.99964558517514468       0.99719498566661857       0.97650303125323012       0.82567400550355885       0.32988944030425632       0.33328492446505859       0.82862168261336788       0.97698633923955325       0.99726178830127754       0.99964972578922162       0.99984367639543181       0.99970958847976532       0.99934411511970300       0.99896465501539611     
  0.99043548947397442       0.99278993119149817       0.97788451143615251       0.84253712801625025       0.32602254496101252       0.12032017429712757        3.3681474876115051E-002   9.2341421307183830E-003   2.7232258704732331E-003   2.0533604591892987E-003   7.1010378540503957E-003   3.8028962387241773E-002  0.19400863709994179       0.69007131104063735       0.84622114709287832       0.86947378141014386       0.85202645899578622       0.72618210772264014       0.25730702266625055       0.10290471599317648        3.0885960660599274E-002   2.8174809504854008E-002  0.12422303396354484       0.40295061890424400       0.90244014931766481       0.97813652771760606       0.98233102024314289       0.96518329000827696       0.91944380678177307       0.91444346208445237       0.95499344048178625       0.98204108289021907       0.99277715986026660       0.99822818694205884       0.99964199216121408       0.99979609506683798       0.99873286168694053       0.98801861035658844       0.88408677182287310       0.13584985890888218        1.5295107675294160E-002   1.8406837329809193E-003   1.5215051117188061E-003   1.1847333330664463E-002  0.10289651565020863       0.71423287094117849       0.96223474183756474       0.99525593554995961       0.99912720896194673       0.99973370705437969       0.99983713084801606       0.99932213155837235       0.99554450228981928       0.97503441264262447       0.91550383772126209       0.91615996844514647       0.97556062861744219       0.99565589068444338       0.99927395860725432       0.99955523588079254       0.99886975325173821       0.99737985518530425       0.99356644882201173       0.99022205745239011     
  0.90781627728101366       0.95803556441079551       0.98826387528281512       0.97568866355118677       0.90150682946849769       0.74694468480184550       0.24021624804006680        6.9978202237433423E-002   2.0477241281122945E-002   1.4019987109988558E-002   4.1947703144467871E-002  0.21266170411298932       0.77079534471366684       0.94795959547247854       0.98084399717871762       0.98559618932434112       0.98273188564510949       0.96325657110671969       0.88345503168061368       0.69449623985275732       0.19977931873997376        5.4203343875229008E-002   4.4475848603516895E-002  0.14802328030214662       0.71051902069961925       0.86897162539454931       0.85525284689855352       0.72089823324517044       0.31868099731394051       0.28349303082540273       0.63109310860167711       0.85118082341769619       0.93748815111466877       0.98725431399496932       0.99793555681861501       0.99957709941528960       0.99872741590217329       0.98776034170099913       0.88134388730792612       0.12775009380891955        1.3857257705217372E-002   1.8546940702350390E-003   3.6354776847050368E-003   3.0799410781309357E-002  0.24443293933371785       0.88305392431923424       0.98546349267513778       0.99628825613257210       0.99681565669277050       0.99833824278970051       0.99945955684755461       0.99974977285095623       0.99924477032923698       0.99671843579475106       0.99076696063093561       0.99085076695950192       0.99677912379524880       0.99916026798100677       0.99919555926598336       0.99693882283243407       0.98974498421744683       0.97666666901445776       0.93707010300219262       0.90252696391779796     
